# Blender 4.4.1
# www.blender.org
mtllib player.mtl
o 球
v 0.000000 1.110403 -0.555570
v 0.000000 0.834503 -0.831470
v 0.000000 0.474023 -0.980785
v 0.000000 0.278933 -1.000000
v 0.000000 0.083843 -0.980785
v 0.000000 -0.276637 -0.831470
v 0.038060 1.259718 -0.191342
v 0.074658 1.202813 -0.375330
v 0.108386 1.110403 -0.544895
v 0.137950 0.986040 -0.693520
v 0.162212 0.834503 -0.815493
v 0.180240 0.661617 -0.906127
v 0.191342 0.474023 -0.961940
v 0.195090 0.278933 -0.980785
v 0.191342 0.083843 -0.961940
v 0.180240 -0.103750 -0.906127
v 0.162212 -0.276637 -0.815493
v 0.137950 -0.428174 -0.693520
v 0.108386 -0.552536 -0.544895
v 0.074658 -0.644946 -0.375330
v 0.038060 -0.701852 -0.191342
v 0.074658 1.259718 -0.180240
v 0.146447 1.202813 -0.353553
v 0.212608 1.110403 -0.513280
v 0.270598 0.986040 -0.653281
v 0.318190 0.834503 -0.768178
v 0.353553 0.661617 -0.853553
v 0.375330 0.474023 -0.906127
v 0.382683 0.278933 -0.923879
v 0.375330 0.083843 -0.906127
v 0.353553 -0.103750 -0.853553
v 0.318190 -0.276637 -0.768178
v 0.270598 -0.428174 -0.653281
v 0.212608 -0.552536 -0.513280
v 0.146447 -0.644946 -0.353553
v 0.074658 -0.701852 -0.180240
v 0.108386 1.259718 -0.162212
v 0.212608 1.202813 -0.318190
v 0.308658 1.110403 -0.461940
v 0.392847 0.986040 -0.587938
v 0.461940 0.834503 -0.691342
v 0.513280 0.661617 -0.768178
v 0.544895 0.474023 -0.815493
v 0.555570 0.278933 -0.831469
v 0.544895 0.083843 -0.815493
v 0.513280 -0.103750 -0.768178
v 0.461940 -0.276637 -0.691342
v 0.392847 -0.428174 -0.587938
v 0.308658 -0.552536 -0.461940
v 0.212608 -0.644946 -0.318190
v 0.108386 -0.701852 -0.162212
v 0.137950 1.259718 -0.137950
v 0.270598 1.202813 -0.270598
v 0.392847 1.110403 -0.392847
v 0.500000 0.986040 -0.500000
v 0.587938 0.834503 -0.587938
v 0.653281 0.661617 -0.653281
v 0.693520 0.474023 -0.693520
v 0.707107 0.278933 -0.707107
v 0.693520 0.083843 -0.693520
v 0.653281 -0.103750 -0.653281
v 0.587938 -0.276637 -0.587938
v 0.500000 -0.428174 -0.500000
v 0.392847 -0.552536 -0.392847
v 0.270598 -0.644946 -0.270598
v 0.137950 -0.701852 -0.137950
v 0.162212 1.259718 -0.108386
v 0.318190 1.202813 -0.212608
v 0.461940 1.110403 -0.308658
v 0.587938 0.986040 -0.392847
v 0.691342 0.834503 -0.461940
v 0.768178 0.661617 -0.513280
v 0.815493 0.474023 -0.544895
v 0.831470 0.278933 -0.555570
v 0.815493 0.083843 -0.544895
v 0.768178 -0.103750 -0.513280
v 0.691342 -0.276637 -0.461940
v 0.587938 -0.428174 -0.392847
v 0.461940 -0.552536 -0.308658
v 0.318190 -0.644946 -0.212608
v 0.162212 -0.701852 -0.108386
v 0.000000 1.278933 0.000000
v 0.180240 1.259718 -0.074658
v 0.353553 1.202813 -0.146447
v 0.513280 1.110403 -0.212607
v 0.653281 0.986040 -0.270598
v 0.768178 0.834503 -0.318190
v 0.853553 0.661617 -0.353553
v 0.906127 0.474023 -0.375330
v 0.923879 0.278933 -0.382683
v 0.906127 0.083843 -0.375330
v 0.853553 -0.103750 -0.353553
v 0.768178 -0.276637 -0.318190
v 0.653281 -0.428174 -0.270598
v 0.513280 -0.552536 -0.212607
v 0.353553 -0.644946 -0.146447
v 0.180240 -0.701852 -0.074658
v 0.191342 1.259718 -0.038060
v 0.375330 1.202813 -0.074658
v 0.544895 1.110403 -0.108386
v 0.693520 0.986040 -0.137950
v 0.815493 0.834503 -0.162212
v 0.906127 0.661617 -0.180240
v 0.961940 0.474023 -0.191342
v 0.980785 0.278933 -0.195090
v 0.961940 0.083843 -0.191342
v 0.906127 -0.103750 -0.180240
v 0.815493 -0.276637 -0.162212
v 0.693520 -0.428174 -0.137950
v 0.544895 -0.552536 -0.108386
v 0.375330 -0.644946 -0.074658
v 0.191342 -0.701852 -0.038060
v 0.195090 1.259718 0.000000
v 0.382683 1.202813 0.000000
v 0.555570 1.110403 0.000000
v 0.707107 0.986040 -0.000000
v 0.831469 0.834503 0.000000
v 0.923879 0.661617 -0.000000
v 0.980785 0.474023 0.000000
v 1.000000 0.278933 0.000000
v 0.980785 0.083843 0.000000
v 0.923879 -0.103750 -0.000000
v 0.831469 -0.276637 0.000000
v 0.707107 -0.428174 -0.000000
v 0.555570 -0.552536 0.000000
v 0.382683 -0.644946 0.000000
v 0.195090 -0.701852 0.000000
v 0.191342 1.259718 0.038060
v 0.375330 1.202813 0.074658
v 0.544895 1.110403 0.108386
v 0.693520 0.986040 0.137950
v 0.815493 0.834503 0.162212
v 0.906127 0.661617 0.180240
v 0.961940 0.474023 0.191342
v 0.980785 0.278933 0.195090
v 0.961940 0.083843 0.191342
v 0.906127 -0.103750 0.180240
v 0.815493 -0.276637 0.162212
v 0.693520 -0.428174 0.137950
v 0.544895 -0.552536 0.108386
v 0.375330 -0.644946 0.074658
v 0.191342 -0.701852 0.038060
v 0.180240 1.259718 0.074658
v 0.353553 1.202813 0.146447
v 0.513280 1.110403 0.212608
v 0.653281 0.986040 0.270598
v 0.768178 0.834503 0.318190
v 0.853553 0.661617 0.353553
v 0.906127 0.474023 0.375330
v 0.923879 0.278933 0.382683
v 0.906127 0.083843 0.375330
v 0.853553 -0.103750 0.353553
v 0.768178 -0.276637 0.318190
v 0.653281 -0.428174 0.270598
v 0.513280 -0.552536 0.212608
v 0.353553 -0.644946 0.146447
v 0.180240 -0.701852 0.074658
v 0.162212 1.259718 0.108386
v 0.318190 1.202813 0.212608
v 0.461940 1.110403 0.308658
v 0.587938 0.986040 0.392847
v 0.691341 0.834503 0.461940
v 0.768178 0.661617 0.513280
v 0.815493 0.474023 0.544895
v 0.831469 0.278933 0.555570
v 0.815493 0.083843 0.544895
v 0.768178 -0.103750 0.513280
v 0.691341 -0.276637 0.461940
v 0.587938 -0.428174 0.392847
v 0.461940 -0.552536 0.308658
v 0.318190 -0.644946 0.212608
v 0.162212 -0.701852 0.108386
v 0.137950 1.259718 0.137950
v 0.270598 1.202813 0.270598
v 0.392847 1.110403 0.392847
v 0.500000 0.986040 0.500000
v 0.587938 0.834503 0.587938
v 0.653281 0.661617 0.653281
v 0.693520 0.474023 0.693520
v 0.707106 0.278933 0.707107
v 0.693520 0.083843 0.693520
v 0.653281 -0.103750 0.653281
v 0.587938 -0.276637 0.587938
v 0.500000 -0.428174 0.500000
v 0.392847 -0.552536 0.392847
v 0.270598 -0.644946 0.270598
v 0.137950 -0.701852 0.137950
v 0.108386 1.259718 0.162212
v 0.212607 1.202813 0.318190
v 0.308658 1.110403 0.461940
v 0.392847 0.986040 0.587938
v 0.461940 0.834503 0.691342
v 0.513280 0.661617 0.768178
v 0.544895 0.474023 0.815493
v 0.555570 0.278933 0.831469
v 0.544895 0.083843 0.815493
v 0.513280 -0.103750 0.768178
v 0.461940 -0.276637 0.691342
v 0.392847 -0.428174 0.587938
v 0.308658 -0.552536 0.461940
v 0.212607 -0.644946 0.318190
v 0.108386 -0.701852 0.162212
v 0.074658 1.259718 0.180240
v 0.146447 1.202813 0.353553
v 0.212607 1.110403 0.513280
v 0.270598 0.986040 0.653281
v 0.318189 0.834503 0.768178
v 0.353553 0.661617 0.853553
v 0.375330 0.474023 0.906127
v 0.382683 0.278933 0.923879
v 0.375330 0.083843 0.906127
v 0.353553 -0.103750 0.853553
v 0.318189 -0.276637 0.768178
v 0.270598 -0.428174 0.653281
v 0.212607 -0.552536 0.513280
v 0.146447 -0.644946 0.353553
v 0.074658 -0.701852 0.180240
v 0.038060 1.259718 0.191342
v 0.074658 1.202813 0.375330
v 0.108386 1.110403 0.544895
v 0.137950 0.986040 0.693520
v 0.162212 0.834503 0.815493
v 0.180240 0.661617 0.906127
v 0.191342 0.474023 0.961939
v 0.195090 0.278933 0.980785
v 0.191342 0.083843 0.961939
v 0.180240 -0.103750 0.906127
v 0.162212 -0.276637 0.815493
v 0.137950 -0.428174 0.693520
v 0.108386 -0.552536 0.544895
v 0.074658 -0.644946 0.375330
v 0.038060 -0.701852 0.191342
v -0.000000 1.259718 0.195090
v -0.000000 1.202813 0.382683
v -0.000000 1.110403 0.555570
v -0.000000 0.986040 0.707107
v -0.000000 0.834503 0.831469
v 0.000000 0.661617 0.923879
v -0.000000 0.474023 0.980785
v -0.000000 0.278933 0.999999
v -0.000000 0.083843 0.980785
v 0.000000 -0.103750 0.923879
v -0.000000 -0.276637 0.831469
v -0.000000 -0.428174 0.707107
v -0.000000 -0.552536 0.555570
v -0.000000 -0.644946 0.382683
v -0.000000 -0.701852 0.195090
v -0.038060 1.259718 0.191342
v -0.074658 1.202813 0.375330
v -0.108386 1.110403 0.544895
v -0.137950 0.986040 0.693520
v -0.162212 0.834503 0.815493
v -0.180240 0.661617 0.906127
v -0.191342 0.474023 0.961939
v -0.195091 0.278933 0.980785
v -0.191342 0.083843 0.961939
v -0.180240 -0.103750 0.906127
v -0.162212 -0.276637 0.815493
v -0.137950 -0.428174 0.693520
v -0.108386 -0.552536 0.544895
v -0.074658 -0.644946 0.375330
v -0.038060 -0.701852 0.191342
v -0.074658 1.259718 0.180240
v -0.146447 1.202813 0.353553
v -0.212608 1.110403 0.513280
v -0.270598 0.986040 0.653281
v -0.318190 0.834503 0.768177
v -0.353553 0.661617 0.853553
v -0.375330 0.474023 0.906127
v -0.382683 0.278933 0.923879
v -0.375330 0.083843 0.906127
v -0.353553 -0.103750 0.853553
v -0.318190 -0.276637 0.768177
v -0.270598 -0.428174 0.653281
v -0.212608 -0.552536 0.513280
v -0.146447 -0.644946 0.353553
v -0.074658 -0.701852 0.180240
v -0.108386 1.259718 0.162212
v -0.212608 1.202813 0.318190
v -0.308658 1.110403 0.461939
v -0.392847 0.986040 0.587938
v -0.461940 0.834503 0.691341
v -0.513280 0.661617 0.768178
v -0.544895 0.474023 0.815493
v -0.555570 0.278933 0.831469
v -0.544895 0.083843 0.815493
v -0.513280 -0.103750 0.768178
v -0.461940 -0.276637 0.691341
v -0.392847 -0.428174 0.587938
v -0.308658 -0.552536 0.461939
v -0.212608 -0.644946 0.318190
v -0.108386 -0.701852 0.162212
v -0.137950 1.259718 0.137950
v -0.270598 1.202813 0.270598
v -0.392847 1.110403 0.392847
v -0.500000 0.986040 0.500000
v -0.587938 0.834503 0.587937
v -0.653281 0.661617 0.653281
v -0.693520 0.474023 0.693520
v -0.707106 0.278933 0.707106
v -0.693520 0.083843 0.693520
v -0.653281 -0.103750 0.653281
v -0.587938 -0.276637 0.587937
v -0.500000 -0.428174 0.500000
v -0.392847 -0.552536 0.392847
v -0.270598 -0.644946 0.270598
v -0.137950 -0.701852 0.137950
v 0.000000 -0.721067 0.000000
v -0.162212 1.259718 0.108386
v -0.318190 1.202813 0.212607
v -0.461940 1.110403 0.308658
v -0.587938 0.986040 0.392847
v -0.691341 0.834503 0.461939
v -0.768177 0.661617 0.513280
v -0.815493 0.474023 0.544895
v -0.831469 0.278933 0.555569
v -0.815493 0.083843 0.544895
v -0.768177 -0.103750 0.513280
v -0.691341 -0.276637 0.461939
v -0.587938 -0.428174 0.392847
v -0.461940 -0.552536 0.308658
v -0.318190 -0.644946 0.212607
v -0.162212 -0.701852 0.108386
v -0.180240 1.259718 0.074658
v -0.353553 1.202813 0.146447
v -0.513280 1.110403 0.212607
v -0.653281 0.986040 0.270598
v -0.768177 0.834503 0.318189
v -0.853553 0.661617 0.353553
v -0.906127 0.474023 0.375330
v -0.923879 0.278933 0.382683
v -0.906127 0.083843 0.375330
v -0.853553 -0.103750 0.353553
v -0.768177 -0.276637 0.318189
v -0.653281 -0.428174 0.270598
v -0.513280 -0.552536 0.212607
v -0.353553 -0.644946 0.146447
v -0.180240 -0.701852 0.074658
v -0.191342 1.259718 0.038060
v -0.375330 1.202813 0.074658
v -0.544895 1.110403 0.108386
v -0.693520 0.986040 0.137950
v -0.815493 0.834503 0.162211
v -0.906127 0.661617 0.180240
v -0.961939 0.474023 0.191341
v -0.980784 0.278933 0.195090
v -0.961939 0.083843 0.191341
v -0.906127 -0.103750 0.180240
v -0.815493 -0.276637 0.162211
v -0.693520 -0.428174 0.137950
v -0.544895 -0.552536 0.108386
v -0.375330 -0.644946 0.074658
v -0.191342 -0.701852 0.038060
v -0.195090 1.259718 -0.000000
v -0.382683 1.202813 -0.000000
v -0.555570 1.110403 -0.000000
v -0.707107 0.986040 -0.000000
v -0.831469 0.834503 -0.000000
v -0.923879 0.661617 -0.000000
v -0.980785 0.474023 -0.000000
v -0.999999 0.278933 -0.000000
v -0.980785 0.083843 -0.000000
v -0.923879 -0.103750 -0.000000
v -0.831469 -0.276637 -0.000000
v -0.707107 -0.428174 -0.000000
v -0.555570 -0.552536 -0.000000
v -0.382683 -0.644946 -0.000000
v -0.195090 -0.701852 -0.000000
v -0.191342 1.259718 -0.038060
v -0.375330 1.202813 -0.074658
v -0.544895 1.110403 -0.108386
v -0.693520 0.986040 -0.137950
v -0.815493 0.834503 -0.162212
v -0.906127 0.661617 -0.180240
v -0.961939 0.474023 -0.191342
v -0.980784 0.278933 -0.195091
v -0.961939 0.083843 -0.191342
v -0.906127 -0.103750 -0.180240
v -0.815493 -0.276637 -0.162212
v -0.693520 -0.428174 -0.137950
v -0.544895 -0.552536 -0.108386
v -0.375330 -0.644946 -0.074658
v -0.191342 -0.701852 -0.038060
v -0.180240 1.259718 -0.074658
v -0.353553 1.202813 -0.146447
v -0.513279 1.110403 -0.212607
v -0.653281 0.986040 -0.270598
v -0.768177 0.834503 -0.318190
v -0.853553 0.661617 -0.353553
v -0.906127 0.474023 -0.375330
v -0.923878 0.278933 -0.382683
v -0.906127 0.083843 -0.375330
v -0.853553 -0.103750 -0.353553
v -0.768177 -0.276637 -0.318190
v -0.653281 -0.428174 -0.270598
v -0.513279 -0.552536 -0.212607
v -0.353553 -0.644946 -0.146447
v -0.180240 -0.701852 -0.074658
v -0.162212 1.259718 -0.108386
v -0.318189 1.202813 -0.212607
v -0.461939 1.110403 -0.308658
v -0.587938 0.986040 -0.392847
v -0.691341 0.834503 -0.461940
v -0.768177 0.661617 -0.513280
v -0.815493 0.474023 -0.544895
v -0.831468 0.278933 -0.555570
v -0.815493 0.083843 -0.544895
v -0.768177 -0.103750 -0.513280
v -0.691341 -0.276637 -0.461940
v -0.587938 -0.428174 -0.392847
v -0.461939 -0.552536 -0.308658
v -0.318189 -0.644946 -0.212607
v -0.162212 -0.701852 -0.108386
v -0.137950 1.259718 -0.137950
v -0.270598 1.202813 -0.270598
v -0.392847 1.110403 -0.392847
v -0.500000 0.986040 -0.500000
v -0.587937 0.834503 -0.587938
v -0.653281 0.661617 -0.653281
v -0.693519 0.474023 -0.693520
v -0.707106 0.278933 -0.707106
v -0.693519 0.083843 -0.693520
v -0.653281 -0.103750 -0.653281
v -0.587937 -0.276637 -0.587938
v -0.500000 -0.428174 -0.500000
v -0.392847 -0.552536 -0.392847
v -0.270598 -0.644946 -0.270598
v -0.137950 -0.701852 -0.137950
v -0.108386 1.259718 -0.162212
v -0.212607 1.202813 -0.318190
v -0.308658 1.110403 -0.461939
v -0.392847 0.986040 -0.587938
v -0.461939 0.834503 -0.691341
v -0.513280 0.661617 -0.768177
v -0.544895 0.474023 -0.815493
v -0.555569 0.278933 -0.831469
v -0.544895 0.083843 -0.815493
v -0.513280 -0.103750 -0.768177
v -0.461939 -0.276637 -0.691341
v -0.392847 -0.428174 -0.587938
v -0.308658 -0.552536 -0.461939
v -0.212607 -0.644946 -0.318190
v -0.108386 -0.701852 -0.162212
v -0.074658 1.259718 -0.180240
v -0.146446 1.202813 -0.353553
v -0.212607 1.110403 -0.513279
v -0.270598 0.986040 -0.653281
v -0.318189 0.834503 -0.768177
v -0.353553 0.661617 -0.853553
v -0.375330 0.474023 -0.906127
v -0.382683 0.278933 -0.923879
v -0.375330 0.083843 -0.906127
v -0.353553 -0.103750 -0.853553
v -0.318189 -0.276637 -0.768177
v -0.270598 -0.428174 -0.653281
v -0.212607 -0.552536 -0.513279
v -0.146446 -0.644946 -0.353553
v -0.074658 -0.701852 -0.180240
v -0.038060 1.259718 -0.191342
v -0.074658 1.202813 -0.375330
v -0.108386 1.110403 -0.544895
v -0.137950 0.986040 -0.693520
v -0.162211 0.834503 -0.815493
v -0.180240 0.661617 -0.906127
v -0.191341 0.474023 -0.961939
v -0.195090 0.278933 -0.980784
v -0.191341 0.083843 -0.961939
v -0.180240 -0.103750 -0.906127
v -0.162211 -0.276637 -0.815493
v -0.137950 -0.428174 -0.693520
v -0.108386 -0.552536 -0.544895
v -0.074658 -0.644946 -0.375330
v -0.038060 -0.701852 -0.191342
v 0.000000 1.259718 -0.195090
v 0.000000 1.202813 -0.382683
v 0.000000 0.986040 -0.707107
v 0.000000 0.661617 -0.923879
v 0.000000 -0.103750 -0.923879
v 0.000000 -0.428174 -0.707107
v 0.000000 -0.552536 -0.555570
v 0.000000 -0.644946 -0.382683
v 0.000000 -0.701852 -0.195090
v 0.518670 -0.346791 -0.308638
v 0.518670 -0.433867 -0.461909
v 0.518670 -0.547638 -0.544859
v 0.518670 -0.609211 -0.555534
v 0.518670 -0.670783 -0.544859
v 0.518670 -0.784554 -0.461909
v 0.534968 -0.299665 -0.106297
v 0.550640 -0.317625 -0.208509
v 0.565083 -0.346791 -0.302708
v 0.577743 -0.386041 -0.385274
v 0.588132 -0.433867 -0.453034
v 0.595852 -0.488432 -0.503384
v 0.600606 -0.547638 -0.534390
v 0.602212 -0.609211 -0.544859
v 0.600606 -0.670783 -0.534390
v 0.595852 -0.729989 -0.503384
v 0.588132 -0.784554 -0.453034
v 0.577743 -0.832380 -0.385274
v 0.565083 -0.871631 -0.302708
v 0.550640 -0.900796 -0.208509
v 0.534968 -0.918756 -0.106297
v 0.550640 -0.299665 -0.100129
v 0.581381 -0.317625 -0.196411
v 0.609713 -0.346791 -0.285144
v 0.634546 -0.386041 -0.362920
v 0.654925 -0.433867 -0.426749
v 0.670069 -0.488432 -0.474178
v 0.679394 -0.547638 -0.503384
v 0.682543 -0.609211 -0.513246
v 0.679394 -0.670783 -0.503384
v 0.670069 -0.729989 -0.474178
v 0.654925 -0.784554 -0.426749
v 0.634546 -0.832380 -0.362920
v 0.609713 -0.871631 -0.285144
v 0.581381 -0.900796 -0.196411
v 0.550640 -0.918756 -0.100129
v 0.565083 -0.299665 -0.090114
v 0.609713 -0.317625 -0.176765
v 0.650844 -0.346791 -0.256623
v 0.686895 -0.386041 -0.326619
v 0.716482 -0.433867 -0.384064
v 0.738467 -0.488432 -0.426749
v 0.752005 -0.547638 -0.453034
v 0.756577 -0.609211 -0.461909
v 0.752005 -0.670783 -0.453034
v 0.738467 -0.729989 -0.426749
v 0.716482 -0.784554 -0.384064
v 0.686895 -0.832380 -0.326619
v 0.650844 -0.871631 -0.256623
v 0.609713 -0.900796 -0.176765
v 0.565083 -0.918756 -0.090114
v 0.577743 -0.299665 -0.076636
v 0.634546 -0.317625 -0.150326
v 0.686895 -0.346791 -0.218240
v 0.732780 -0.386041 -0.277767
v 0.770437 -0.433867 -0.326619
v 0.798419 -0.488432 -0.362920
v 0.815649 -0.547638 -0.385274
v 0.821468 -0.609211 -0.392822
v 0.815649 -0.670783 -0.385274
v 0.798419 -0.729989 -0.362920
v 0.770437 -0.784554 -0.326619
v 0.732780 -0.832380 -0.277767
v 0.686895 -0.871631 -0.218240
v 0.634546 -0.900796 -0.150326
v 0.577743 -0.918756 -0.076636
v 0.588132 -0.299665 -0.060212
v 0.654925 -0.317625 -0.118111
v 0.716482 -0.346791 -0.171470
v 0.770437 -0.386041 -0.218240
v 0.814717 -0.433867 -0.256623
v 0.847619 -0.488432 -0.285144
v 0.867881 -0.547638 -0.302708
v 0.874722 -0.609211 -0.308638
v 0.867881 -0.670783 -0.302708
v 0.847619 -0.729989 -0.285144
v 0.814717 -0.784554 -0.256623
v 0.770437 -0.832380 -0.218240
v 0.716482 -0.871631 -0.171470
v 0.654925 -0.900796 -0.118111
v 0.588132 -0.918756 -0.060212
v 0.518670 -0.293601 0.000000
v 0.595852 -0.299665 -0.041475
v 0.670069 -0.317625 -0.081356
v 0.738467 -0.346791 -0.118111
v 0.798419 -0.386041 -0.150326
v 0.847619 -0.433867 -0.176765
v 0.884179 -0.488432 -0.196411
v 0.906692 -0.547638 -0.208509
v 0.914294 -0.609211 -0.212593
v 0.906692 -0.670783 -0.208509
v 0.884179 -0.729989 -0.196411
v 0.847619 -0.784554 -0.176765
v 0.798419 -0.832380 -0.150326
v 0.738467 -0.871631 -0.118111
v 0.670069 -0.900796 -0.081356
v 0.595852 -0.918756 -0.041475
v 0.600606 -0.299665 -0.021144
v 0.679394 -0.317625 -0.041475
v 0.752005 -0.346791 -0.060212
v 0.815649 -0.386041 -0.076636
v 0.867881 -0.433867 -0.090114
v 0.906692 -0.488432 -0.100129
v 0.930592 -0.547638 -0.106297
v 0.938662 -0.609211 -0.108379
v 0.930592 -0.670783 -0.106297
v 0.906692 -0.729989 -0.100129
v 0.867881 -0.784554 -0.090114
v 0.815649 -0.832380 -0.076636
v 0.752005 -0.871631 -0.060212
v 0.679394 -0.900796 -0.041475
v 0.600606 -0.918756 -0.021144
v 0.602212 -0.299665 0.000000
v 0.682543 -0.317625 0.000000
v 0.756576 -0.346791 0.000000
v 0.821468 -0.386041 -0.000000
v 0.874722 -0.433867 0.000000
v 0.914294 -0.488432 -0.000000
v 0.938662 -0.547638 0.000000
v 0.946890 -0.609211 0.000000
v 0.938662 -0.670783 0.000000
v 0.914294 -0.729989 -0.000000
v 0.874722 -0.784554 0.000000
v 0.821468 -0.832380 -0.000000
v 0.756576 -0.871631 0.000000
v 0.682543 -0.900796 0.000000
v 0.602212 -0.918756 0.000000
v 0.600606 -0.299665 0.021144
v 0.679394 -0.317625 0.041475
v 0.752005 -0.346791 0.060212
v 0.815649 -0.386041 0.076636
v 0.867881 -0.433867 0.090114
v 0.906692 -0.488432 0.100129
v 0.930592 -0.547638 0.106297
v 0.938662 -0.609211 0.108379
v 0.930592 -0.670783 0.106297
v 0.906692 -0.729989 0.100129
v 0.867881 -0.784554 0.090114
v 0.815649 -0.832380 0.076636
v 0.752005 -0.871631 0.060212
v 0.679394 -0.900796 0.041475
v 0.600606 -0.918756 0.021144
v 0.595852 -0.299665 0.041475
v 0.670069 -0.317625 0.081356
v 0.738467 -0.346791 0.118111
v 0.798419 -0.386041 0.150326
v 0.847619 -0.433867 0.176765
v 0.884179 -0.488432 0.196411
v 0.906692 -0.547638 0.208509
v 0.914294 -0.609211 0.212594
v 0.906692 -0.670783 0.208509
v 0.884179 -0.729989 0.196411
v 0.847619 -0.784554 0.176765
v 0.798419 -0.832380 0.150326
v 0.738467 -0.871631 0.118111
v 0.670069 -0.900796 0.081356
v 0.595852 -0.918756 0.041475
v 0.588132 -0.299665 0.060212
v 0.654925 -0.317625 0.118111
v 0.716482 -0.346791 0.171470
v 0.770437 -0.386041 0.218240
v 0.814717 -0.433867 0.256623
v 0.847619 -0.488432 0.285144
v 0.867881 -0.547638 0.302708
v 0.874722 -0.609211 0.308638
v 0.867881 -0.670783 0.302708
v 0.847619 -0.729989 0.285144
v 0.814717 -0.784554 0.256623
v 0.770437 -0.832380 0.218240
v 0.716482 -0.871631 0.171470
v 0.654925 -0.900796 0.118111
v 0.588132 -0.918756 0.060212
v 0.577743 -0.299665 0.076636
v 0.634546 -0.317625 0.150326
v 0.686895 -0.346791 0.218240
v 0.732780 -0.386041 0.277767
v 0.770437 -0.433867 0.326619
v 0.798419 -0.488432 0.362920
v 0.815649 -0.547638 0.385274
v 0.821467 -0.609211 0.392822
v 0.815649 -0.670783 0.385274
v 0.798419 -0.729989 0.362920
v 0.770437 -0.784554 0.326619
v 0.732780 -0.832380 0.277767
v 0.686895 -0.871631 0.218240
v 0.634546 -0.900796 0.150326
v 0.577743 -0.918756 0.076636
v 0.565083 -0.299665 0.090114
v 0.609713 -0.317625 0.176765
v 0.650844 -0.346791 0.256623
v 0.686895 -0.386041 0.326619
v 0.716482 -0.433867 0.384064
v 0.738467 -0.488432 0.426749
v 0.752005 -0.547638 0.453034
v 0.756576 -0.609211 0.461909
v 0.752005 -0.670783 0.453034
v 0.738467 -0.729989 0.426749
v 0.716482 -0.784554 0.384064
v 0.686895 -0.832380 0.326619
v 0.650844 -0.871631 0.256623
v 0.609713 -0.900796 0.176765
v 0.565083 -0.918756 0.090114
v 0.550640 -0.299665 0.100129
v 0.581381 -0.317625 0.196411
v 0.609713 -0.346791 0.285144
v 0.634546 -0.386041 0.362920
v 0.654925 -0.433867 0.426749
v 0.670069 -0.488432 0.474178
v 0.679394 -0.547638 0.503384
v 0.682543 -0.609211 0.513246
v 0.679394 -0.670783 0.503384
v 0.670069 -0.729989 0.474178
v 0.654925 -0.784554 0.426749
v 0.634546 -0.832380 0.362920
v 0.609713 -0.871631 0.285144
v 0.581381 -0.900796 0.196411
v 0.550640 -0.918756 0.100129
v 0.534968 -0.299665 0.106297
v 0.550640 -0.317625 0.208509
v 0.565083 -0.346791 0.302707
v 0.577743 -0.386041 0.385274
v 0.588132 -0.433867 0.453034
v 0.595852 -0.488432 0.503384
v 0.600606 -0.547638 0.534390
v 0.602211 -0.609211 0.544859
v 0.600606 -0.670783 0.534390
v 0.595852 -0.729989 0.503384
v 0.588132 -0.784554 0.453034
v 0.577743 -0.832380 0.385274
v 0.565083 -0.871631 0.302707
v 0.550640 -0.900796 0.208509
v 0.534968 -0.918756 0.106297
v 0.518670 -0.299665 0.108379
v 0.518670 -0.317625 0.212593
v 0.518670 -0.346791 0.308638
v 0.518670 -0.386041 0.392822
v 0.518670 -0.433867 0.461909
v 0.518670 -0.488432 0.513246
v 0.518670 -0.547638 0.544859
v 0.518670 -0.609211 0.555533
v 0.518670 -0.670783 0.544859
v 0.518670 -0.729989 0.513246
v 0.518670 -0.784554 0.461909
v 0.518670 -0.832380 0.392822
v 0.518670 -0.871631 0.308638
v 0.518670 -0.900796 0.212593
v 0.518670 -0.918756 0.108379
v 0.502372 -0.299665 0.106297
v 0.486700 -0.317625 0.208509
v 0.472257 -0.346791 0.302707
v 0.459597 -0.386041 0.385274
v 0.449207 -0.433867 0.453034
v 0.441487 -0.488432 0.503384
v 0.436733 -0.547638 0.534390
v 0.435128 -0.609211 0.544859
v 0.436733 -0.670783 0.534390
v 0.441487 -0.729989 0.503384
v 0.449207 -0.784554 0.453034
v 0.459597 -0.832380 0.385274
v 0.472257 -0.871631 0.302707
v 0.486700 -0.900796 0.208509
v 0.502372 -0.918756 0.106297
v 0.486700 -0.299665 0.100129
v 0.455958 -0.317625 0.196411
v 0.427627 -0.346791 0.285144
v 0.402794 -0.386041 0.362920
v 0.382414 -0.433867 0.426748
v 0.367271 -0.488432 0.474178
v 0.357946 -0.547638 0.503384
v 0.354797 -0.609211 0.513246
v 0.357946 -0.670783 0.503384
v 0.367271 -0.729989 0.474178
v 0.382414 -0.784554 0.426748
v 0.402794 -0.832380 0.362920
v 0.427627 -0.871631 0.285144
v 0.455958 -0.900796 0.196411
v 0.486700 -0.918756 0.100129
v 0.472257 -0.299665 0.090114
v 0.427627 -0.317625 0.176765
v 0.386496 -0.346791 0.256623
v 0.350444 -0.386041 0.326619
v 0.320858 -0.433867 0.384063
v 0.298873 -0.488432 0.426749
v 0.285334 -0.547638 0.453034
v 0.280763 -0.609211 0.461909
v 0.285334 -0.670783 0.453034
v 0.298873 -0.729989 0.426749
v 0.320858 -0.784554 0.384063
v 0.350444 -0.832380 0.326619
v 0.386496 -0.871631 0.256623
v 0.427627 -0.900796 0.176765
v 0.472257 -0.918756 0.090114
v 0.459597 -0.299665 0.076636
v 0.402794 -0.317625 0.150326
v 0.350444 -0.346791 0.218240
v 0.304560 -0.386041 0.277767
v 0.266903 -0.433867 0.326619
v 0.238921 -0.488432 0.362920
v 0.221690 -0.547638 0.385273
v 0.215872 -0.609211 0.392821
v 0.221690 -0.670783 0.385273
v 0.238921 -0.729989 0.362920
v 0.266903 -0.784554 0.326619
v 0.304560 -0.832380 0.277767
v 0.350444 -0.871631 0.218240
v 0.402794 -0.900796 0.150326
v 0.459597 -0.918756 0.076636
v 0.518670 -0.924820 0.000000
v 0.449207 -0.299665 0.060212
v 0.382414 -0.317625 0.118111
v 0.320858 -0.346791 0.171470
v 0.266903 -0.386041 0.218240
v 0.222623 -0.433867 0.256623
v 0.189720 -0.488432 0.285144
v 0.169459 -0.547638 0.302707
v 0.162618 -0.609211 0.308638
v 0.169459 -0.670783 0.302707
v 0.189720 -0.729989 0.285144
v 0.222623 -0.784554 0.256623
v 0.266903 -0.832380 0.218240
v 0.320858 -0.871631 0.171470
v 0.382414 -0.900796 0.118111
v 0.449207 -0.918756 0.060212
v 0.441487 -0.299665 0.041475
v 0.367271 -0.317625 0.081356
v 0.298873 -0.346791 0.118110
v 0.238921 -0.386041 0.150326
v 0.189720 -0.433867 0.176765
v 0.153161 -0.488432 0.196411
v 0.130647 -0.547638 0.208508
v 0.123046 -0.609211 0.212593
v 0.130647 -0.670783 0.208508
v 0.153161 -0.729989 0.196411
v 0.189720 -0.784554 0.176765
v 0.238921 -0.832380 0.150326
v 0.298873 -0.871631 0.118110
v 0.367271 -0.900796 0.081356
v 0.441487 -0.918756 0.041475
v 0.436733 -0.299665 0.021144
v 0.357946 -0.317625 0.041475
v 0.285335 -0.346791 0.060212
v 0.221690 -0.386041 0.076636
v 0.169459 -0.433867 0.090114
v 0.130647 -0.488432 0.100129
v 0.106747 -0.547638 0.106297
v 0.098678 -0.609211 0.108379
v 0.106747 -0.670783 0.106297
v 0.130647 -0.729989 0.100129
v 0.169459 -0.784554 0.090114
v 0.221690 -0.832380 0.076636
v 0.285335 -0.871631 0.060212
v 0.357946 -0.900796 0.041475
v 0.436733 -0.918756 0.021144
v 0.435128 -0.299665 -0.000000
v 0.354797 -0.317625 -0.000000
v 0.280763 -0.346791 -0.000000
v 0.215872 -0.386041 -0.000000
v 0.162617 -0.433867 -0.000000
v 0.123046 -0.488432 -0.000000
v 0.098677 -0.547638 -0.000000
v 0.090450 -0.609211 -0.000000
v 0.098677 -0.670783 -0.000000
v 0.123046 -0.729989 -0.000000
v 0.162617 -0.784554 -0.000000
v 0.215872 -0.832380 -0.000000
v 0.280763 -0.871631 -0.000000
v 0.354797 -0.900796 -0.000000
v 0.435128 -0.918756 -0.000000
v 0.436733 -0.299665 -0.021144
v 0.357946 -0.317625 -0.041475
v 0.285335 -0.346791 -0.060212
v 0.221690 -0.386041 -0.076636
v 0.169459 -0.433867 -0.090114
v 0.130647 -0.488432 -0.100129
v 0.106748 -0.547638 -0.106297
v 0.098678 -0.609211 -0.108379
v 0.106748 -0.670783 -0.106297
v 0.130647 -0.729989 -0.100129
v 0.169459 -0.784554 -0.090114
v 0.221690 -0.832380 -0.076636
v 0.285335 -0.871631 -0.060212
v 0.357946 -0.900796 -0.041475
v 0.436733 -0.918756 -0.021144
v 0.441487 -0.299665 -0.041475
v 0.367271 -0.317625 -0.081356
v 0.298873 -0.346791 -0.118111
v 0.238921 -0.386041 -0.150326
v 0.189720 -0.433867 -0.176765
v 0.153161 -0.488432 -0.196411
v 0.130648 -0.547638 -0.208509
v 0.123046 -0.609211 -0.212594
v 0.130648 -0.670783 -0.208509
v 0.153161 -0.729989 -0.196411
v 0.189720 -0.784554 -0.176765
v 0.238921 -0.832380 -0.150326
v 0.298873 -0.871631 -0.118111
v 0.367271 -0.900796 -0.081356
v 0.441487 -0.918756 -0.041475
v 0.449208 -0.299665 -0.060212
v 0.382415 -0.317625 -0.118111
v 0.320858 -0.346791 -0.171470
v 0.266903 -0.386041 -0.218240
v 0.222623 -0.433867 -0.256623
v 0.189720 -0.488432 -0.285144
v 0.169459 -0.547638 -0.302708
v 0.162618 -0.609211 -0.308638
v 0.169459 -0.670783 -0.302708
v 0.189720 -0.729989 -0.285144
v 0.222623 -0.784554 -0.256623
v 0.266903 -0.832380 -0.218240
v 0.320858 -0.871631 -0.171470
v 0.382415 -0.900796 -0.118111
v 0.449208 -0.918756 -0.060212
v 0.459597 -0.299665 -0.076636
v 0.402794 -0.317625 -0.150326
v 0.350445 -0.346791 -0.218240
v 0.304560 -0.386041 -0.277767
v 0.266903 -0.433867 -0.326619
v 0.238921 -0.488432 -0.362920
v 0.221690 -0.547638 -0.385274
v 0.215873 -0.609211 -0.392821
v 0.221690 -0.670783 -0.385274
v 0.238921 -0.729989 -0.362920
v 0.266903 -0.784554 -0.326619
v 0.304560 -0.832380 -0.277767
v 0.350445 -0.871631 -0.218240
v 0.402794 -0.900796 -0.150326
v 0.459597 -0.918756 -0.076636
v 0.472257 -0.299665 -0.090114
v 0.427627 -0.317625 -0.176765
v 0.386496 -0.346791 -0.256623
v 0.350444 -0.386041 -0.326619
v 0.320858 -0.433867 -0.384063
v 0.298873 -0.488432 -0.426748
v 0.285335 -0.547638 -0.453034
v 0.280764 -0.609211 -0.461909
v 0.285335 -0.670783 -0.453034
v 0.298873 -0.729989 -0.426748
v 0.320858 -0.784554 -0.384063
v 0.350444 -0.832380 -0.326619
v 0.386496 -0.871631 -0.256623
v 0.427627 -0.900796 -0.176765
v 0.472257 -0.918756 -0.090114
v 0.486700 -0.299665 -0.100129
v 0.455958 -0.317625 -0.196411
v 0.427627 -0.346791 -0.285144
v 0.402794 -0.386041 -0.362920
v 0.382415 -0.433867 -0.426748
v 0.367271 -0.488432 -0.474177
v 0.357946 -0.547638 -0.503384
v 0.354797 -0.609211 -0.513246
v 0.357946 -0.670783 -0.503384
v 0.367271 -0.729989 -0.474177
v 0.382415 -0.784554 -0.426748
v 0.402794 -0.832380 -0.362920
v 0.427627 -0.871631 -0.285144
v 0.455958 -0.900796 -0.196411
v 0.486700 -0.918756 -0.100129
v 0.502372 -0.299665 -0.106297
v 0.486700 -0.317625 -0.208509
v 0.472257 -0.346791 -0.302707
v 0.459597 -0.386041 -0.385274
v 0.449208 -0.433867 -0.453034
v 0.441487 -0.488432 -0.503384
v 0.436734 -0.547638 -0.534390
v 0.435128 -0.609211 -0.544859
v 0.436734 -0.670783 -0.534390
v 0.441487 -0.729989 -0.503384
v 0.449208 -0.784554 -0.453034
v 0.459597 -0.832380 -0.385274
v 0.472257 -0.871631 -0.302707
v 0.486700 -0.900796 -0.208509
v 0.502372 -0.918756 -0.106297
v 0.518670 -0.299665 -0.108379
v 0.518670 -0.317625 -0.212593
v 0.518670 -0.386041 -0.392822
v 0.518670 -0.488432 -0.513246
v 0.518670 -0.729989 -0.513246
v 0.518670 -0.832380 -0.392822
v 0.518670 -0.871631 -0.308638
v 0.518670 -0.900796 -0.212593
v 0.518670 -0.918756 -0.108379
v -0.518670 -0.346791 -0.308638
v -0.518670 -0.433867 -0.461909
v -0.518670 -0.547638 -0.544859
v -0.518670 -0.609211 -0.555534
v -0.518670 -0.670783 -0.544859
v -0.518670 -0.784554 -0.461909
v -0.502372 -0.299665 -0.106297
v -0.486700 -0.317625 -0.208509
v -0.472257 -0.346791 -0.302708
v -0.459597 -0.386041 -0.385274
v -0.449208 -0.433867 -0.453034
v -0.441488 -0.488432 -0.503384
v -0.436734 -0.547638 -0.534390
v -0.435128 -0.609211 -0.544859
v -0.436734 -0.670783 -0.534390
v -0.441488 -0.729989 -0.503384
v -0.449208 -0.784554 -0.453034
v -0.459597 -0.832380 -0.385274
v -0.472257 -0.871631 -0.302708
v -0.486700 -0.900796 -0.208509
v -0.502372 -0.918756 -0.106297
v -0.486700 -0.299665 -0.100129
v -0.455959 -0.317625 -0.196411
v -0.427627 -0.346791 -0.285144
v -0.402794 -0.386041 -0.362920
v -0.382415 -0.433867 -0.426749
v -0.367271 -0.488432 -0.474178
v -0.357946 -0.547638 -0.503384
v -0.354797 -0.609211 -0.513246
v -0.357946 -0.670783 -0.503384
v -0.367271 -0.729989 -0.474178
v -0.382415 -0.784554 -0.426749
v -0.402794 -0.832380 -0.362920
v -0.427627 -0.871631 -0.285144
v -0.455959 -0.900796 -0.196411
v -0.486700 -0.918756 -0.100129
v -0.472257 -0.299665 -0.090114
v -0.427627 -0.317625 -0.176765
v -0.386496 -0.346791 -0.256623
v -0.350445 -0.386041 -0.326619
v -0.320858 -0.433867 -0.384064
v -0.298873 -0.488432 -0.426749
v -0.285335 -0.547638 -0.453034
v -0.280763 -0.609211 -0.461909
v -0.285335 -0.670783 -0.453034
v -0.298873 -0.729989 -0.426749
v -0.320858 -0.784554 -0.384064
v -0.350445 -0.832380 -0.326619
v -0.386496 -0.871631 -0.256623
v -0.427627 -0.900796 -0.176765
v -0.472257 -0.918756 -0.090114
v -0.459597 -0.299665 -0.076636
v -0.402794 -0.317625 -0.150326
v -0.350445 -0.346791 -0.218240
v -0.304560 -0.386041 -0.277767
v -0.266903 -0.433867 -0.326619
v -0.238921 -0.488432 -0.362920
v -0.221690 -0.547638 -0.385274
v -0.215872 -0.609211 -0.392822
v -0.221690 -0.670783 -0.385274
v -0.238921 -0.729989 -0.362920
v -0.266903 -0.784554 -0.326619
v -0.304560 -0.832380 -0.277767
v -0.350445 -0.871631 -0.218240
v -0.402794 -0.900796 -0.150326
v -0.459597 -0.918756 -0.076636
v -0.449208 -0.299665 -0.060212
v -0.382415 -0.317625 -0.118111
v -0.320858 -0.346791 -0.171470
v -0.266903 -0.386041 -0.218240
v -0.222623 -0.433867 -0.256623
v -0.189720 -0.488432 -0.285144
v -0.169459 -0.547638 -0.302708
v -0.162618 -0.609211 -0.308638
v -0.169459 -0.670783 -0.302708
v -0.189720 -0.729989 -0.285144
v -0.222623 -0.784554 -0.256623
v -0.266903 -0.832380 -0.218240
v -0.320858 -0.871631 -0.171470
v -0.382415 -0.900796 -0.118111
v -0.449208 -0.918756 -0.060212
v -0.518670 -0.293601 0.000000
v -0.441488 -0.299665 -0.041475
v -0.367271 -0.317625 -0.081356
v -0.298873 -0.346791 -0.118111
v -0.238921 -0.386041 -0.150326
v -0.189720 -0.433867 -0.176765
v -0.153161 -0.488432 -0.196411
v -0.130648 -0.547638 -0.208509
v -0.123046 -0.609211 -0.212593
v -0.130648 -0.670783 -0.208509
v -0.153161 -0.729989 -0.196411
v -0.189720 -0.784554 -0.176765
v -0.238921 -0.832380 -0.150326
v -0.298873 -0.871631 -0.118111
v -0.367271 -0.900796 -0.081356
v -0.441488 -0.918756 -0.041475
v -0.436734 -0.299665 -0.021144
v -0.357946 -0.317625 -0.041475
v -0.285335 -0.346791 -0.060212
v -0.221690 -0.386041 -0.076636
v -0.169459 -0.433867 -0.090114
v -0.130648 -0.488432 -0.100129
v -0.106748 -0.547638 -0.106297
v -0.098678 -0.609211 -0.108379
v -0.106748 -0.670783 -0.106297
v -0.130648 -0.729989 -0.100129
v -0.169459 -0.784554 -0.090114
v -0.221690 -0.832380 -0.076636
v -0.285335 -0.871631 -0.060212
v -0.357946 -0.900796 -0.041475
v -0.436734 -0.918756 -0.021144
v -0.435128 -0.299665 0.000000
v -0.354797 -0.317625 0.000000
v -0.280763 -0.346791 0.000000
v -0.215872 -0.386041 -0.000000
v -0.162618 -0.433867 0.000000
v -0.123046 -0.488432 -0.000000
v -0.098677 -0.547638 0.000000
v -0.090449 -0.609211 0.000000
v -0.098677 -0.670783 0.000000
v -0.123046 -0.729989 -0.000000
v -0.162618 -0.784554 0.000000
v -0.215872 -0.832380 -0.000000
v -0.280763 -0.871631 0.000000
v -0.354797 -0.900796 0.000000
v -0.435128 -0.918756 0.000000
v -0.436734 -0.299665 0.021144
v -0.357946 -0.317625 0.041475
v -0.285335 -0.346791 0.060212
v -0.221690 -0.386041 0.076636
v -0.169459 -0.433867 0.090114
v -0.130648 -0.488432 0.100129
v -0.106748 -0.547638 0.106297
v -0.098678 -0.609211 0.108379
v -0.106748 -0.670783 0.106297
v -0.130648 -0.729989 0.100129
v -0.169459 -0.784554 0.090114
v -0.221690 -0.832380 0.076636
v -0.285335 -0.871631 0.060212
v -0.357946 -0.900796 0.041475
v -0.436734 -0.918756 0.021144
v -0.441488 -0.299665 0.041475
v -0.367271 -0.317625 0.081356
v -0.298873 -0.346791 0.118111
v -0.238921 -0.386041 0.150326
v -0.189720 -0.433867 0.176765
v -0.153161 -0.488432 0.196411
v -0.130648 -0.547638 0.208509
v -0.123046 -0.609211 0.212594
v -0.130648 -0.670783 0.208509
v -0.153161 -0.729989 0.196411
v -0.189720 -0.784554 0.176765
v -0.238921 -0.832380 0.150326
v -0.298873 -0.871631 0.118111
v -0.367271 -0.900796 0.081356
v -0.441488 -0.918756 0.041475
v -0.449208 -0.299665 0.060212
v -0.382415 -0.317625 0.118111
v -0.320858 -0.346791 0.171470
v -0.266903 -0.386041 0.218240
v -0.222623 -0.433867 0.256623
v -0.189720 -0.488432 0.285144
v -0.169459 -0.547638 0.302708
v -0.162618 -0.609211 0.308638
v -0.169459 -0.670783 0.302708
v -0.189720 -0.729989 0.285144
v -0.222623 -0.784554 0.256623
v -0.266903 -0.832380 0.218240
v -0.320858 -0.871631 0.171470
v -0.382415 -0.900796 0.118111
v -0.449208 -0.918756 0.060212
v -0.459597 -0.299665 0.076636
v -0.402794 -0.317625 0.150326
v -0.350445 -0.346791 0.218240
v -0.304560 -0.386041 0.277767
v -0.266903 -0.433867 0.326619
v -0.238921 -0.488432 0.362920
v -0.221691 -0.547638 0.385274
v -0.215872 -0.609211 0.392822
v -0.221691 -0.670783 0.385274
v -0.238921 -0.729989 0.362920
v -0.266903 -0.784554 0.326619
v -0.304560 -0.832380 0.277767
v -0.350445 -0.871631 0.218240
v -0.402794 -0.900796 0.150326
v -0.459597 -0.918756 0.076636
v -0.472257 -0.299665 0.090114
v -0.427627 -0.317625 0.176765
v -0.386496 -0.346791 0.256623
v -0.350445 -0.386041 0.326619
v -0.320858 -0.433867 0.384064
v -0.298873 -0.488432 0.426749
v -0.285335 -0.547638 0.453034
v -0.280764 -0.609211 0.461909
v -0.285335 -0.670783 0.453034
v -0.298873 -0.729989 0.426749
v -0.320858 -0.784554 0.384064
v -0.350445 -0.832380 0.326619
v -0.386496 -0.871631 0.256623
v -0.427627 -0.900796 0.176765
v -0.472257 -0.918756 0.090114
v -0.486700 -0.299665 0.100129
v -0.455959 -0.317625 0.196411
v -0.427627 -0.346791 0.285144
v -0.402794 -0.386041 0.362920
v -0.382415 -0.433867 0.426749
v -0.367271 -0.488432 0.474178
v -0.357946 -0.547638 0.503384
v -0.354797 -0.609211 0.513246
v -0.357946 -0.670783 0.503384
v -0.367271 -0.729989 0.474178
v -0.382415 -0.784554 0.426749
v -0.402794 -0.832380 0.362920
v -0.427627 -0.871631 0.285144
v -0.455959 -0.900796 0.196411
v -0.486700 -0.918756 0.100129
v -0.502372 -0.299665 0.106297
v -0.486700 -0.317625 0.208509
v -0.472257 -0.346791 0.302707
v -0.459597 -0.386041 0.385274
v -0.449208 -0.433867 0.453034
v -0.441488 -0.488432 0.503384
v -0.436734 -0.547638 0.534390
v -0.435128 -0.609211 0.544859
v -0.436734 -0.670783 0.534390
v -0.441488 -0.729989 0.503384
v -0.449208 -0.784554 0.453034
v -0.459597 -0.832380 0.385274
v -0.472257 -0.871631 0.302707
v -0.486700 -0.900796 0.208509
v -0.502372 -0.918756 0.106297
v -0.518670 -0.299665 0.108379
v -0.518670 -0.317625 0.212593
v -0.518670 -0.346791 0.308638
v -0.518670 -0.386041 0.392822
v -0.518670 -0.433867 0.461909
v -0.518670 -0.488432 0.513246
v -0.518670 -0.547638 0.544859
v -0.518670 -0.609211 0.555533
v -0.518670 -0.670783 0.544859
v -0.518670 -0.729989 0.513246
v -0.518670 -0.784554 0.461909
v -0.518670 -0.832380 0.392822
v -0.518670 -0.871631 0.308638
v -0.518670 -0.900796 0.212593
v -0.518670 -0.918756 0.108379
v -0.534968 -0.299665 0.106297
v -0.550640 -0.317625 0.208509
v -0.565083 -0.346791 0.302707
v -0.577743 -0.386041 0.385274
v -0.588132 -0.433867 0.453034
v -0.595852 -0.488432 0.503384
v -0.600607 -0.547638 0.534390
v -0.602212 -0.609211 0.544859
v -0.600607 -0.670783 0.534390
v -0.595852 -0.729989 0.503384
v -0.588132 -0.784554 0.453034
v -0.577743 -0.832380 0.385274
v -0.565083 -0.871631 0.302707
v -0.550640 -0.900796 0.208509
v -0.534968 -0.918756 0.106297
v -0.550640 -0.299665 0.100129
v -0.581381 -0.317625 0.196411
v -0.609713 -0.346791 0.285144
v -0.634546 -0.386041 0.362920
v -0.654925 -0.433867 0.426748
v -0.670069 -0.488432 0.474178
v -0.679394 -0.547638 0.503384
v -0.682543 -0.609211 0.513246
v -0.679394 -0.670783 0.503384
v -0.670069 -0.729989 0.474178
v -0.654925 -0.784554 0.426748
v -0.634546 -0.832380 0.362920
v -0.609713 -0.871631 0.285144
v -0.581381 -0.900796 0.196411
v -0.550640 -0.918756 0.100129
v -0.565083 -0.299665 0.090114
v -0.609713 -0.317625 0.176765
v -0.650844 -0.346791 0.256623
v -0.686895 -0.386041 0.326619
v -0.716482 -0.433867 0.384063
v -0.738467 -0.488432 0.426749
v -0.752005 -0.547638 0.453034
v -0.756577 -0.609211 0.461909
v -0.752005 -0.670783 0.453034
v -0.738467 -0.729989 0.426749
v -0.716482 -0.784554 0.384063
v -0.686895 -0.832380 0.326619
v -0.650844 -0.871631 0.256623
v -0.609713 -0.900796 0.176765
v -0.565083 -0.918756 0.090114
v -0.577743 -0.299665 0.076636
v -0.634546 -0.317625 0.150326
v -0.686895 -0.346791 0.218240
v -0.732780 -0.386041 0.277767
v -0.770437 -0.433867 0.326619
v -0.798419 -0.488432 0.362920
v -0.815650 -0.547638 0.385273
v -0.821468 -0.609211 0.392821
v -0.815650 -0.670783 0.385273
v -0.798419 -0.729989 0.362920
v -0.770437 -0.784554 0.326619
v -0.732780 -0.832380 0.277767
v -0.686895 -0.871631 0.218240
v -0.634546 -0.900796 0.150326
v -0.577743 -0.918756 0.076636
v -0.518670 -0.924820 0.000000
v -0.588132 -0.299665 0.060212
v -0.654925 -0.317625 0.118111
v -0.716482 -0.346791 0.171470
v -0.770437 -0.386041 0.218240
v -0.814717 -0.433867 0.256623
v -0.847620 -0.488432 0.285144
v -0.867881 -0.547638 0.302707
v -0.874722 -0.609211 0.308638
v -0.867881 -0.670783 0.302707
v -0.847620 -0.729989 0.285144
v -0.814717 -0.784554 0.256623
v -0.770437 -0.832380 0.218240
v -0.716482 -0.871631 0.171470
v -0.654925 -0.900796 0.118111
v -0.588132 -0.918756 0.060212
v -0.595852 -0.299665 0.041475
v -0.670069 -0.317625 0.081356
v -0.738467 -0.346791 0.118110
v -0.798419 -0.386041 0.150326
v -0.847620 -0.433867 0.176765
v -0.884179 -0.488432 0.196411
v -0.906693 -0.547638 0.208508
v -0.914294 -0.609211 0.212593
v -0.906693 -0.670783 0.208508
v -0.884179 -0.729989 0.196411
v -0.847620 -0.784554 0.176765
v -0.798419 -0.832380 0.150326
v -0.738467 -0.871631 0.118110
v -0.670069 -0.900796 0.081356
v -0.595852 -0.918756 0.041475
v -0.600606 -0.299665 0.021144
v -0.679394 -0.317625 0.041475
v -0.752005 -0.346791 0.060212
v -0.815650 -0.386041 0.076636
v -0.867881 -0.433867 0.090114
v -0.906692 -0.488432 0.100129
v -0.930592 -0.547638 0.106297
v -0.938662 -0.609211 0.108379
v -0.930592 -0.670783 0.106297
v -0.906692 -0.729989 0.100129
v -0.867881 -0.784554 0.090114
v -0.815650 -0.832380 0.076636
v -0.752005 -0.871631 0.060212
v -0.679394 -0.900796 0.041475
v -0.600606 -0.918756 0.021144
v -0.602212 -0.299665 -0.000000
v -0.682543 -0.317625 -0.000000
v -0.756577 -0.346791 -0.000000
v -0.821468 -0.386041 -0.000000
v -0.874722 -0.433867 -0.000000
v -0.914294 -0.488432 -0.000000
v -0.938662 -0.547638 -0.000000
v -0.946890 -0.609211 -0.000000
v -0.938662 -0.670783 -0.000000
v -0.914294 -0.729989 -0.000000
v -0.874722 -0.784554 -0.000000
v -0.821468 -0.832380 -0.000000
v -0.756577 -0.871631 -0.000000
v -0.682543 -0.900796 -0.000000
v -0.602212 -0.918756 -0.000000
v -0.600606 -0.299665 -0.021144
v -0.679394 -0.317625 -0.041475
v -0.752005 -0.346791 -0.060212
v -0.815650 -0.386041 -0.076636
v -0.867881 -0.433867 -0.090114
v -0.906692 -0.488432 -0.100129
v -0.930592 -0.547638 -0.106297
v -0.938662 -0.609211 -0.108379
v -0.930592 -0.670783 -0.106297
v -0.906692 -0.729989 -0.100129
v -0.867881 -0.784554 -0.090114
v -0.815650 -0.832380 -0.076636
v -0.752005 -0.871631 -0.060212
v -0.679394 -0.900796 -0.041475
v -0.600606 -0.918756 -0.021144
v -0.595852 -0.299665 -0.041475
v -0.670069 -0.317625 -0.081356
v -0.738467 -0.346791 -0.118111
v -0.798419 -0.386041 -0.150326
v -0.847619 -0.433867 -0.176765
v -0.884179 -0.488432 -0.196411
v -0.906692 -0.547638 -0.208509
v -0.914294 -0.609211 -0.212594
v -0.906692 -0.670783 -0.208509
v -0.884179 -0.729989 -0.196411
v -0.847619 -0.784554 -0.176765
v -0.798419 -0.832380 -0.150326
v -0.738467 -0.871631 -0.118111
v -0.670069 -0.900796 -0.081356
v -0.595852 -0.918756 -0.041475
v -0.588132 -0.299665 -0.060212
v -0.654925 -0.317625 -0.118111
v -0.716482 -0.346791 -0.171470
v -0.770437 -0.386041 -0.218240
v -0.814717 -0.433867 -0.256623
v -0.847620 -0.488432 -0.285144
v -0.867881 -0.547638 -0.302708
v -0.874722 -0.609211 -0.308638
v -0.867881 -0.670783 -0.302708
v -0.847620 -0.729989 -0.285144
v -0.814717 -0.784554 -0.256623
v -0.770437 -0.832380 -0.218240
v -0.716482 -0.871631 -0.171470
v -0.654925 -0.900796 -0.118111
v -0.588132 -0.918756 -0.060212
v -0.577743 -0.299665 -0.076636
v -0.634546 -0.317625 -0.150326
v -0.686895 -0.346791 -0.218240
v -0.732780 -0.386041 -0.277767
v -0.770437 -0.433867 -0.326619
v -0.798419 -0.488432 -0.362920
v -0.815649 -0.547638 -0.385274
v -0.821467 -0.609211 -0.392821
v -0.815649 -0.670783 -0.385274
v -0.798419 -0.729989 -0.362920
v -0.770437 -0.784554 -0.326619
v -0.732780 -0.832380 -0.277767
v -0.686895 -0.871631 -0.218240
v -0.634546 -0.900796 -0.150326
v -0.577743 -0.918756 -0.076636
v -0.565083 -0.299665 -0.090114
v -0.609713 -0.317625 -0.176765
v -0.650844 -0.346791 -0.256623
v -0.686895 -0.386041 -0.326619
v -0.716482 -0.433867 -0.384063
v -0.738467 -0.488432 -0.426748
v -0.752005 -0.547638 -0.453034
v -0.756576 -0.609211 -0.461909
v -0.752005 -0.670783 -0.453034
v -0.738467 -0.729989 -0.426748
v -0.716482 -0.784554 -0.384063
v -0.686895 -0.832380 -0.326619
v -0.650844 -0.871631 -0.256623
v -0.609713 -0.900796 -0.176765
v -0.565083 -0.918756 -0.090114
v -0.550640 -0.299665 -0.100129
v -0.581381 -0.317625 -0.196411
v -0.609713 -0.346791 -0.285144
v -0.634546 -0.386041 -0.362920
v -0.654925 -0.433867 -0.426748
v -0.670069 -0.488432 -0.474177
v -0.679394 -0.547638 -0.503384
v -0.682543 -0.609211 -0.513246
v -0.679394 -0.670783 -0.503384
v -0.670069 -0.729989 -0.474177
v -0.654925 -0.784554 -0.426748
v -0.634546 -0.832380 -0.362920
v -0.609713 -0.871631 -0.285144
v -0.581381 -0.900796 -0.196411
v -0.550640 -0.918756 -0.100129
v -0.534968 -0.299665 -0.106297
v -0.550640 -0.317625 -0.208509
v -0.565083 -0.346791 -0.302707
v -0.577743 -0.386041 -0.385274
v -0.588132 -0.433867 -0.453034
v -0.595852 -0.488432 -0.503384
v -0.600606 -0.547638 -0.534390
v -0.602211 -0.609211 -0.544859
v -0.600606 -0.670783 -0.534390
v -0.595852 -0.729989 -0.503384
v -0.588132 -0.784554 -0.453034
v -0.577743 -0.832380 -0.385274
v -0.565083 -0.871631 -0.302707
v -0.550640 -0.900796 -0.208509
v -0.534968 -0.918756 -0.106297
v -0.518670 -0.299665 -0.108379
v -0.518670 -0.317625 -0.212593
v -0.518670 -0.386041 -0.392822
v -0.518670 -0.488432 -0.513246
v -0.518670 -0.729989 -0.513246
v -0.518670 -0.832380 -0.392822
v -0.518670 -0.871631 -0.308638
v -0.518670 -0.900796 -0.212593
v -0.518670 -0.918756 -0.108379
v -1.081590 0.362871 0.019670
v -0.943696 0.369102 0.029439
v -0.833926 0.325063 0.034725
v -0.795054 0.286009 0.035406
v -0.768992 0.237458 0.034725
v -0.758779 0.119626 0.029439
v -1.228510 0.305914 0.016190
v -1.158323 0.338142 0.031758
v -1.086987 0.358870 0.046106
v -1.017244 0.367303 0.058681
v -0.951773 0.363115 0.069002
v -0.893091 0.346468 0.076671
v -0.843454 0.318001 0.081394
v -0.804767 0.278808 0.082988
v -0.778519 0.230397 0.081394
v -0.765718 0.174626 0.076671
v -0.766856 0.113639 0.069002
v -0.781888 0.049780 0.058681
v -0.810238 -0.014496 0.046106
v -0.850816 -0.076721 0.031758
v -0.902063 -0.134503 0.016190
v -1.232832 0.302710 0.024851
v -1.166800 0.331858 0.048747
v -1.099294 0.349748 0.070769
v -1.032907 0.355692 0.090072
v -0.970192 0.349462 0.105914
v -0.913557 0.331298 0.117685
v -0.865180 0.301897 0.124934
v -0.826919 0.262389 0.127381
v -0.800246 0.214293 0.124934
v -0.786184 0.159456 0.117685
v -0.785274 0.099987 0.105914
v -0.797552 0.038170 0.090072
v -0.822545 -0.023619 0.070769
v -0.859293 -0.083005 0.048747
v -0.906384 -0.137706 0.024851
v -1.239414 0.297831 0.032557
v -1.179711 0.322288 0.063862
v -1.118038 0.335854 0.092713
v -1.056764 0.338009 0.118002
v -0.998245 0.328669 0.138755
v -0.944728 0.308193 0.154176
v -0.898271 0.277369 0.163673
v -0.860658 0.237381 0.166879
v -0.833336 0.189765 0.163673
v -0.817355 0.136352 0.154176
v -0.813327 0.079193 0.138755
v -0.821409 0.020487 0.118002
v -0.841290 -0.037512 0.092713
v -0.872205 -0.092575 0.063862
v -0.912966 -0.142585 0.032557
v -1.248003 0.291465 0.039011
v -1.196561 0.309799 0.076523
v -1.142500 0.317723 0.111094
v -1.087898 0.314932 0.141396
v -1.034854 0.301534 0.166264
v -0.985406 0.278042 0.184743
v -0.941454 0.245361 0.196122
v -0.904688 0.204745 0.199964
v -0.876519 0.157757 0.196122
v -0.858032 0.106200 0.184743
v -0.849936 0.052058 0.166264
v -0.852542 -0.002590 0.141396
v -0.865751 -0.055644 0.111094
v -0.889054 -0.105064 0.076523
v -0.921556 -0.148952 0.039011
v -1.258271 0.283854 0.043966
v -1.216700 0.294871 0.086243
v -1.171738 0.296051 0.125206
v -1.125111 0.287349 0.159357
v -1.078612 0.269099 0.187384
v -1.034027 0.242003 0.208210
v -0.993070 0.207101 0.221034
v -0.957315 0.165736 0.225365
v -0.928136 0.119497 0.221034
v -0.906654 0.070161 0.208210
v -0.893694 0.019623 0.187384
v -0.889756 -0.030174 0.159357
v -0.894989 -0.077316 0.125206
v -0.909194 -0.119992 0.086243
v -0.931823 -0.156562 0.043966
v -1.294851 0.263424 -0.000000
v -1.269820 0.275293 0.047232
v -1.239356 0.278078 0.092649
v -1.204629 0.271671 0.134506
v -1.166974 0.256319 0.171194
v -1.127838 0.232612 0.201303
v -1.088724 0.201460 0.223675
v -1.051136 0.164062 0.237453
v -1.016518 0.121854 0.242105
v -0.986201 0.076458 0.237453
v -0.961350 0.029618 0.223675
v -0.942920 -0.016864 0.201303
v -0.931619 -0.061204 0.171194
v -0.927881 -0.101696 0.134506
v -0.931850 -0.136785 0.092649
v -0.943373 -0.165123 0.047232
v -1.282210 0.266110 0.048683
v -1.263658 0.260065 0.095495
v -1.239910 0.245520 0.138637
v -1.211878 0.223035 0.176452
v -1.180639 0.193474 0.207485
v -1.147394 0.157973 0.230545
v -1.113420 0.117895 0.244746
v -1.080022 0.074783 0.249540
v -1.048485 0.030291 0.244746
v -1.020020 -0.013869 0.230545
v -0.995722 -0.056002 0.207485
v -0.976523 -0.094488 0.176452
v -0.963162 -0.127847 0.138637
v -0.956152 -0.154798 0.095495
v -0.955762 -0.174306 0.048683
v -1.294961 0.256658 0.048263
v -1.288672 0.241524 0.094671
v -1.276225 0.218603 0.137441
v -1.258098 0.188776 0.174929
v -1.234988 0.153189 0.205694
v -1.207783 0.113211 0.228555
v -1.177528 0.070377 0.242633
v -1.145387 0.026333 0.247386
v -1.112594 -0.017227 0.242633
v -1.080409 -0.058631 0.228555
v -1.050070 -0.096286 0.205694
v -1.022742 -0.128747 0.174929
v -0.999476 -0.154764 0.137441
v -0.981165 -0.173339 0.094671
v -0.968514 -0.183758 0.048263
v -1.307586 0.247300 0.045988
v -1.313437 0.223168 0.090208
v -1.312177 0.191954 0.130962
v -1.303856 0.154858 0.166683
v -1.288794 0.113307 0.195999
v -1.267569 0.068896 0.217782
v -1.240997 0.023332 0.231196
v -1.210099 -0.021633 0.235726
v -1.176063 -0.064272 0.231196
v -1.140196 -0.102946 0.217782
v -1.103877 -0.136169 0.195999
v -1.068501 -0.162664 0.166683
v -1.035429 -0.181413 0.130962
v -1.005930 -0.191695 0.090208
v -0.981139 -0.193116 0.045988
v -1.319599 0.238396 0.041946
v -1.337000 0.205702 0.082279
v -1.346386 0.166597 0.119451
v -1.347396 0.122586 0.152032
v -1.339991 0.075358 0.178771
v -1.324456 0.026729 0.198640
v -1.301388 -0.021431 0.210875
v -1.271673 -0.067274 0.215006
v -1.236454 -0.109036 0.210875
v -1.197083 -0.145112 0.198640
v -1.155074 -0.174118 0.178771
v -1.112041 -0.194937 0.152032
v -1.069637 -0.206769 0.119451
v -1.029493 -0.209161 0.082279
v -0.993151 -0.202020 0.041946
v -1.330537 0.230288 0.036291
v -1.358457 0.189798 0.071188
v -1.377536 0.143508 0.103349
v -1.387043 0.093198 0.131539
v -1.386611 0.040802 0.154673
v -1.376258 -0.011667 0.171864
v -1.356380 -0.062193 0.182450
v -1.327743 -0.108834 0.186024
v -1.291446 -0.149797 0.182450
v -1.248884 -0.183509 0.171864
v -1.201694 -0.208674 0.154673
v -1.151688 -0.224324 0.131539
v -1.100788 -0.229859 0.103349
v -1.050950 -0.225065 0.071188
v -1.004090 -0.210128 0.036291
v -1.339982 0.223288 0.029243
v -1.376982 0.176066 0.057362
v -1.404431 0.123573 0.083276
v -1.421274 0.067826 0.105990
v -1.426862 0.010967 0.124631
v -1.420982 -0.044818 0.138483
v -1.403860 -0.097386 0.147013
v -1.376153 -0.144716 0.149893
v -1.338925 -0.184990 0.147013
v -1.293609 -0.216660 0.138483
v -1.241945 -0.238509 0.124632
v -1.185918 -0.249697 0.105990
v -1.127683 -0.249794 0.083276
v -1.069476 -0.238797 0.057362
v -1.013534 -0.217128 0.029243
v -1.347569 0.217664 0.021070
v -1.391865 0.165035 0.041330
v -1.426038 0.107558 0.060003
v -1.448773 0.047442 0.076369
v -1.459198 -0.013001 0.089800
v -1.456912 -0.071450 0.099781
v -1.442003 -0.125658 0.105927
v -1.415042 -0.173542 0.108002
v -1.377068 -0.213262 0.105927
v -1.329539 -0.243292 0.099781
v -1.274281 -0.262477 0.089800
v -1.213418 -0.270080 0.076369
v -1.149289 -0.265809 0.060003
v -1.084358 -0.249828 0.041331
v -1.021121 -0.222752 0.021070
v -1.353007 0.213633 0.012088
v -1.402532 0.157128 0.023711
v -1.441524 0.096078 0.034423
v -1.468484 0.032832 0.043812
v -1.482376 -0.030181 0.051518
v -1.482666 -0.090539 0.057244
v -1.469342 -0.145923 0.060770
v -1.442918 -0.194204 0.061960
v -1.404408 -0.233527 0.060770
v -1.355292 -0.262381 0.057244
v -1.297458 -0.279657 0.051518
v -1.233129 -0.284690 0.043812
v -1.164776 -0.277288 0.034423
v -1.095026 -0.257735 0.023711
v -1.026560 -0.226783 0.012088
v -1.356087 0.211350 0.002641
v -1.408575 0.152649 0.005180
v -1.450297 0.089576 0.007521
v -1.479650 0.024556 0.009572
v -1.495505 -0.039912 0.011256
v -1.497254 -0.101352 0.012507
v -1.484829 -0.157402 0.013277
v -1.458708 -0.205908 0.013537
v -1.419895 -0.245006 0.013277
v -1.369880 -0.273194 0.012507
v -1.310587 -0.289388 0.011256
v -1.244294 -0.292966 0.009572
v -1.173548 -0.283791 0.007521
v -1.101068 -0.262214 0.005181
v -1.029640 -0.229066 0.002641
v -1.356692 0.210902 -0.006907
v -1.409760 0.151770 -0.013549
v -1.452018 0.088301 -0.019670
v -1.481840 0.022933 -0.025036
v -1.498080 -0.041822 -0.029439
v -1.500116 -0.103474 -0.032711
v -1.487867 -0.159654 -0.034725
v -1.461806 -0.208204 -0.035406
v -1.422933 -0.247258 -0.034725
v -1.372742 -0.275315 -0.032711
v -1.313163 -0.291297 -0.029439
v -1.246484 -0.294590 -0.025036
v -1.175269 -0.285066 -0.019670
v -1.102254 -0.263093 -0.013549
v -1.030244 -0.229514 -0.006907
v -1.354797 0.212307 -0.016190
v -1.406043 0.154525 -0.031758
v -1.446621 0.092301 -0.046106
v -1.474971 0.028024 -0.058681
v -1.490004 -0.035835 -0.069002
v -1.491141 -0.096822 -0.076671
v -1.478340 -0.152592 -0.081394
v -1.452092 -0.201004 -0.082988
v -1.413405 -0.240197 -0.081394
v -1.363768 -0.268663 -0.076671
v -1.305086 -0.285311 -0.069002
v -1.239616 -0.289498 -0.058681
v -1.169872 -0.281066 -0.046106
v -1.098536 -0.260338 -0.031758
v -1.028349 -0.228109 -0.016190
v -1.350475 0.215510 -0.024851
v -1.397566 0.160809 -0.048747
v -1.434314 0.101423 -0.070769
v -1.459307 0.039634 -0.090072
v -1.471585 -0.022182 -0.105914
v -1.470675 -0.081652 -0.117685
v -1.456614 -0.136488 -0.124934
v -1.429940 -0.184584 -0.127381
v -1.391679 -0.224092 -0.124934
v -1.343302 -0.253494 -0.117685
v -1.286667 -0.271658 -0.105914
v -1.223952 -0.277888 -0.090072
v -1.157565 -0.271944 -0.070769
v -1.090059 -0.254054 -0.048747
v -1.024028 -0.224906 -0.024851
v -1.343893 0.220389 -0.032557
v -1.384655 0.170379 -0.063862
v -1.415570 0.115317 -0.092713
v -1.435450 0.057318 -0.118002
v -1.443532 -0.001389 -0.138755
v -1.439505 -0.058547 -0.154176
v -1.423523 -0.111961 -0.163673
v -1.396201 -0.159576 -0.166879
v -1.358588 -0.199565 -0.163673
v -1.312131 -0.230389 -0.154176
v -1.258615 -0.250865 -0.138755
v -1.200095 -0.260205 -0.118002
v -1.138821 -0.258050 -0.092713
v -1.077148 -0.244484 -0.063862
v -1.017446 -0.220027 -0.032557
v -1.335303 0.226756 -0.039011
v -1.367805 0.182868 -0.076523
v -1.391108 0.133448 -0.111094
v -1.404317 0.080394 -0.141396
v -1.406923 0.025746 -0.166264
v -1.398827 -0.028396 -0.184743
v -1.380340 -0.079952 -0.196122
v -1.352172 -0.126941 -0.199964
v -1.315405 -0.167556 -0.196122
v -1.271454 -0.200238 -0.184743
v -1.222005 -0.223729 -0.166264
v -1.168962 -0.237128 -0.141396
v -1.114360 -0.239919 -0.111094
v -1.060299 -0.231995 -0.076523
v -1.008856 -0.213660 -0.039011
v -0.962008 -0.185620 0.000000
v -1.325036 0.234366 -0.043966
v -1.347666 0.197796 -0.086243
v -1.361870 0.155120 -0.125206
v -1.367104 0.107978 -0.159357
v -1.363165 0.058181 -0.187384
v -1.350206 0.007643 -0.208210
v -1.328723 -0.041693 -0.221034
v -1.299544 -0.087932 -0.225365
v -1.263789 -0.129297 -0.221034
v -1.222832 -0.164198 -0.208210
v -1.178247 -0.191295 -0.187384
v -1.131748 -0.209545 -0.159357
v -1.085121 -0.218247 -0.125206
v -1.040159 -0.217067 -0.086243
v -0.998589 -0.206050 -0.043966
v -1.313486 0.242927 -0.047232
v -1.325010 0.214589 -0.092649
v -1.328979 0.179500 -0.134506
v -1.325241 0.139008 -0.171194
v -1.313939 0.094668 -0.201302
v -1.295509 0.048186 -0.223675
v -1.270658 0.001347 -0.237453
v -1.240341 -0.044049 -0.242104
v -1.205723 -0.086257 -0.237453
v -1.168136 -0.123656 -0.223675
v -1.129022 -0.154807 -0.201302
v -1.089885 -0.178515 -0.171194
v -1.052230 -0.193867 -0.134506
v -1.017503 -0.200274 -0.092649
v -0.987039 -0.197489 -0.047232
v -1.301097 0.252110 -0.048683
v -1.300708 0.232603 -0.095495
v -1.293698 0.205651 -0.138637
v -1.280336 0.172292 -0.176452
v -1.261138 0.133806 -0.207485
v -1.236839 0.091674 -0.230545
v -1.208374 0.047513 -0.244745
v -1.176837 0.003022 -0.249540
v -1.143440 -0.040091 -0.244745
v -1.109465 -0.080168 -0.230545
v -1.076220 -0.115669 -0.207485
v -1.044981 -0.145231 -0.176452
v -1.016949 -0.167716 -0.138637
v -0.993201 -0.182260 -0.095495
v -0.974650 -0.188306 -0.048683
v -1.288345 0.261562 -0.048263
v -1.275694 0.251144 -0.094671
v -1.257383 0.232568 -0.137441
v -1.234117 0.206551 -0.174929
v -1.206789 0.174091 -0.205694
v -1.176450 0.136435 -0.228555
v -1.144266 0.095032 -0.242633
v -1.111473 0.051471 -0.247386
v -1.079331 0.007427 -0.242633
v -1.049077 -0.035407 -0.228555
v -1.021872 -0.075385 -0.205694
v -0.998762 -0.110972 -0.174929
v -0.980635 -0.140798 -0.137440
v -0.968187 -0.163719 -0.094671
v -0.961898 -0.178854 -0.048263
v -1.275720 0.270920 -0.045988
v -1.250929 0.269500 -0.090208
v -1.221431 0.259217 -0.130962
v -1.188358 0.240468 -0.166683
v -1.152983 0.213973 -0.195999
v -1.116664 0.180751 -0.217782
v -1.080796 0.142077 -0.231196
v -1.046760 0.099438 -0.235726
v -1.015862 0.054472 -0.231196
v -0.989290 0.008909 -0.217782
v -0.968065 -0.035502 -0.195999
v -0.953003 -0.077054 -0.166683
v -0.944682 -0.114150 -0.130962
v -0.943423 -0.145363 -0.090208
v -0.949273 -0.169496 -0.045988
v -1.263708 0.279824 -0.041946
v -1.227366 0.286965 -0.082279
v -1.187222 0.284574 -0.119451
v -1.144819 0.272741 -0.152032
v -1.101786 0.251922 -0.178771
v -1.059777 0.222917 -0.198640
v -1.020406 0.186840 -0.210875
v -0.985186 0.145078 -0.215006
v -0.955471 0.099236 -0.210875
v -0.932403 0.051075 -0.198640
v -0.916868 0.002446 -0.178771
v -0.909463 -0.044782 -0.152032
v -0.910473 -0.088793 -0.119451
v -0.919859 -0.127898 -0.082279
v -0.937261 -0.160592 -0.041946
v -1.252769 0.287932 -0.036291
v -1.205909 0.302870 -0.071188
v -1.156072 0.307663 -0.103349
v -1.105172 0.302128 -0.131539
v -1.055166 0.286478 -0.154673
v -1.007975 0.261313 -0.171864
v -0.965414 0.227601 -0.182450
v -0.929117 0.186638 -0.186024
v -0.900479 0.139997 -0.182450
v -0.880602 0.089471 -0.171864
v -0.870248 0.037002 -0.154673
v -0.869816 -0.015394 -0.131539
v -0.879323 -0.065704 -0.103349
v -0.898403 -0.111993 -0.071188
v -0.926322 -0.152484 -0.036291
v -1.243325 0.294932 -0.029243
v -1.187384 0.316601 -0.057362
v -1.129177 0.327598 -0.083276
v -1.070941 0.327501 -0.105990
v -1.014915 0.316313 -0.124631
v -0.963250 0.294464 -0.138483
v -0.917934 0.262794 -0.147013
v -0.880707 0.222520 -0.149893
v -0.853000 0.175190 -0.147013
v -0.835877 0.122622 -0.138483
v -0.829997 0.066837 -0.124631
v -0.835585 0.009979 -0.105990
v -0.852428 -0.045769 -0.083276
v -0.879877 -0.098262 -0.057362
v -0.916878 -0.145484 -0.029243
v -1.235738 0.300556 -0.021070
v -1.172501 0.327633 -0.041330
v -1.107571 0.343613 -0.060003
v -1.043442 0.347884 -0.076369
v -0.982579 0.340281 -0.089800
v -0.927321 0.321096 -0.099781
v -0.879791 0.291067 -0.105927
v -0.841817 0.251346 -0.108002
v -0.814857 0.203462 -0.105927
v -0.799947 0.149254 -0.099781
v -0.797661 0.090805 -0.089800
v -0.808086 0.030362 -0.076369
v -0.830822 -0.029754 -0.060002
v -0.864994 -0.087230 -0.041330
v -0.909291 -0.139860 -0.021070
v -1.230300 0.304587 -0.012088
v -1.161834 0.335540 -0.023711
v -1.092084 0.355092 -0.034423
v -1.023730 0.362494 -0.043812
v -0.959401 0.357461 -0.051518
v -0.901567 0.340185 -0.057244
v -0.852451 0.311332 -0.060769
v -0.813941 0.272008 -0.061960
v -0.787517 0.223727 -0.060769
v -0.774194 0.168343 -0.057244
v -0.774483 0.107985 -0.051518
v -0.788375 0.044972 -0.043812
v -0.815335 -0.018274 -0.034423
v -0.854327 -0.079323 -0.023711
v -0.903852 -0.135829 -0.012088
v -1.227219 0.306870 -0.002641
v -1.155791 0.340018 -0.005181
v -1.083311 0.361595 -0.007521
v -1.012565 0.370770 -0.009572
v -0.946272 0.367192 -0.011256
v -0.886979 0.350998 -0.012507
v -0.836965 0.322811 -0.013277
v -0.798151 0.283712 -0.013537
v -0.772030 0.235206 -0.013277
v -0.759606 0.179156 -0.012507
v -0.761355 0.117717 -0.011256
v -0.777210 0.053248 -0.009572
v -0.806563 -0.011772 -0.007521
v -0.848284 -0.074845 -0.005180
v -0.900772 -0.133546 -0.002641
v -1.226615 0.307318 0.006907
v -1.154606 0.340897 0.013549
v -1.010375 0.372394 0.025036
v -0.884117 0.353120 0.032711
v -0.756744 0.181278 0.032711
v -0.775020 0.054872 0.025036
v -0.804842 -0.010496 0.019670
v -0.847099 -0.073966 0.013549
v -0.900168 -0.133098 0.006907
v 0.808766 -0.031555 0.019670
v 0.754291 0.095275 0.029439
v 0.756775 0.213524 0.034725
v 0.779605 0.263674 0.035406
v 0.815841 0.305187 0.034725
v 0.922495 0.356312 0.029439
v 0.913890 -0.148937 0.016190
v 0.858974 -0.094631 0.031758
v 0.814413 -0.035194 0.046106
v 0.781919 0.027091 0.058681
v 0.762742 0.089830 0.069002
v 0.757618 0.150611 0.076671
v 0.766744 0.207100 0.081394
v 0.789769 0.257125 0.082988
v 0.825809 0.298764 0.081394
v 0.873479 0.330416 0.076671
v 0.930946 0.350866 0.069002
v 0.996002 0.359327 0.058681
v 1.066148 0.355475 0.046106
v 1.138687 0.339456 0.031758
v 1.210832 0.311888 0.016190
v 0.918411 -0.151851 0.024851
v 0.867844 -0.100347 0.048747
v 0.827290 -0.043492 0.070769
v 0.798309 0.016530 0.090072
v 0.782014 0.077411 0.105914
v 0.779032 0.136813 0.117685
v 0.789477 0.192451 0.124934
v 0.812948 0.242189 0.127381
v 0.848542 0.284115 0.124934
v 0.894893 0.316618 0.117685
v 0.950218 0.338448 0.105914
v 1.012392 0.348766 0.090072
v 1.079025 0.347177 0.070769
v 1.147557 0.333741 0.048747
v 1.215353 0.308974 0.024851
v 0.925299 -0.156289 0.032557
v 0.881353 -0.109052 0.063862
v 0.846903 -0.056130 0.092713
v 0.823271 0.000445 0.118002
v 0.811367 0.058497 0.138755
v 0.811647 0.115796 0.154176
v 0.824101 0.170141 0.163673
v 0.848250 0.219442 0.166879
v 0.883166 0.261805 0.163673
v 0.927508 0.295601 0.154176
v 0.979571 0.319533 0.138755
v 1.037355 0.332681 0.118002
v 1.098638 0.334539 0.092713
v 1.161066 0.325035 0.063862
v 1.222241 0.304536 0.032557
v 0.934286 -0.162080 0.039011
v 0.898983 -0.120413 0.076523
v 0.872498 -0.072622 0.111094
v 0.855847 -0.020546 0.141396
v 0.849672 0.033814 0.166264
v 0.854210 0.088370 0.184743
v 0.869285 0.141025 0.196122
v 0.894320 0.189756 0.199964
v 0.928351 0.232689 0.196122
v 0.970071 0.268175 0.184743
v 1.017877 0.294851 0.166264
v 1.069931 0.311690 0.141396
v 1.124233 0.318046 0.111094
v 1.178697 0.313675 0.076523
v 1.231228 0.298745 0.039011
v 0.945029 -0.169003 0.043966
v 0.920056 -0.133991 0.086243
v 0.903091 -0.092336 0.125206
v 0.894785 -0.045637 0.159357
v 0.895458 0.004311 0.187384
v 0.905084 0.055588 0.208210
v 0.923293 0.106224 0.221034
v 0.949386 0.154273 0.225365
v 0.982359 0.197888 0.221034
v 1.020945 0.235393 0.208210
v 1.063662 0.265348 0.187384
v 1.108868 0.286600 0.159357
v 1.154826 0.298333 0.125206
v 1.199769 0.300096 0.086243
v 1.241971 0.291822 0.043966
v 0.977050 -0.196025 -0.000000
v 0.957114 -0.176790 0.047232
v 0.943762 -0.149267 0.092649
v 0.937507 -0.114512 0.134506
v 0.938588 -0.073862 0.171194
v 0.946965 -0.028878 0.201303
v 0.962316 0.018710 0.223675
v 0.984050 0.067074 0.237453
v 1.011333 0.114356 0.242105
v 1.043115 0.158738 0.237453
v 1.078177 0.198515 0.223675
v 1.115169 0.232158 0.201303
v 1.152671 0.258374 0.171194
v 1.189242 0.276156 0.134506
v 1.223475 0.284821 0.092649
v 1.254056 0.284035 0.047232
v 0.970078 -0.185143 0.048683
v 0.969190 -0.165652 0.095495
v 0.974422 -0.138300 0.138637
v 0.985573 -0.104138 0.176452
v 1.002214 -0.064479 0.207485
v 1.023705 -0.020847 0.230545
v 1.049220 0.025081 0.244746
v 1.077780 0.071540 0.249540
v 1.108285 0.116745 0.244746
v 1.139565 0.158958 0.230545
v 1.170418 0.196558 0.207485
v 1.199656 0.228099 0.176452
v 1.226158 0.252369 0.138637
v 1.248904 0.268436 0.095495
v 1.267020 0.275682 0.048683
v 0.983420 -0.193741 0.048263
v 0.995363 -0.182517 0.094671
v 1.012420 -0.162784 0.137441
v 1.033934 -0.135300 0.174929
v 1.059080 -0.101122 0.205694
v 1.086892 -0.061563 0.228555
v 1.116299 -0.018143 0.242633
v 1.146173 0.027469 0.247386
v 1.175364 0.073521 0.242633
v 1.202753 0.118242 0.228555
v 1.227285 0.159914 0.205694
v 1.248018 0.196936 0.174929
v 1.264155 0.227885 0.137441
v 1.275076 0.251571 0.094671
v 1.280362 0.267084 0.048263
v 0.996630 -0.202253 0.045988
v 1.021275 -0.199214 0.090208
v 1.050038 -0.187024 0.130962
v 1.081814 -0.166152 0.166683
v 1.115381 -0.137400 0.195999
v 1.149449 -0.101873 0.217782
v 1.182709 -0.060936 0.231196
v 1.213884 -0.016162 0.235726
v 1.241775 0.030728 0.231196
v 1.265310 0.077932 0.217782
v 1.283585 0.123636 0.195999
v 1.295897 0.166084 0.166683
v 1.301773 0.203644 0.130962
v 1.300988 0.234874 0.090208
v 1.293572 0.258572 0.045988
v 1.009200 -0.210352 0.041946
v 1.045931 -0.215101 0.082279
v 1.085832 -0.210089 0.119451
v 1.127371 -0.195508 0.152032
v 1.168950 -0.171919 0.178771
v 1.208972 -0.140228 0.198640
v 1.245899 -0.101653 0.210875
v 1.278312 -0.057677 0.215006
v 1.304964 -0.009990 0.210875
v 1.324833 0.039577 0.198640
v 1.337154 0.089118 0.178771
v 1.341454 0.136728 0.152032
v 1.337567 0.180580 0.119451
v 1.325644 0.218987 0.082279
v 1.306141 0.250473 0.041946
v 1.020645 -0.217727 0.036291
v 1.068382 -0.229568 0.071188
v 1.118426 -0.231091 0.103349
v 1.168855 -0.222239 0.131539
v 1.217730 -0.203351 0.154673
v 1.263174 -0.175154 0.171864
v 1.303439 -0.138731 0.182450
v 1.336979 -0.095481 0.186024
v 1.362505 -0.047067 0.182450
v 1.379035 0.004651 0.171864
v 1.385934 0.057685 0.154673
v 1.382938 0.109997 0.131539
v 1.370161 0.159577 0.103349
v 1.348095 0.204520 0.071188
v 1.317587 0.243098 0.036291
v 1.030527 -0.224095 0.029243
v 1.087766 -0.242058 0.057362
v 1.146567 -0.249225 0.083276
v 1.204672 -0.245319 0.105990
v 1.259847 -0.230490 0.124632
v 1.309971 -0.205309 0.138483
v 1.353119 -0.170743 0.147013
v 1.387632 -0.128120 0.149893
v 1.412184 -0.079079 0.147013
v 1.425832 -0.025504 0.138483
v 1.428051 0.030546 0.124632
v 1.418755 0.086918 0.105990
v 1.398303 0.141444 0.083276
v 1.367479 0.192029 0.057362
v 1.327469 0.236730 0.029243
v 1.038465 -0.229210 0.021070
v 1.103338 -0.252093 0.041330
v 1.169175 -0.263792 0.060003
v 1.233446 -0.263860 0.076369
v 1.293681 -0.252292 0.089800
v 1.347566 -0.229534 0.099781
v 1.393029 -0.196460 0.105927
v 1.428324 -0.154341 0.108002
v 1.452095 -0.104796 0.105927
v 1.463427 -0.049729 0.099781
v 1.461885 0.008745 0.089800
v 1.447529 0.068377 0.076369
v 1.420910 0.126876 0.060003
v 1.383051 0.181995 0.041331
v 1.335407 0.231615 0.021070
v 1.044156 -0.232877 0.012088
v 1.114500 -0.259285 0.023711
v 1.185379 -0.274234 0.034423
v 1.254070 -0.277149 0.043812
v 1.317933 -0.267919 0.051518
v 1.374513 -0.246898 0.057244
v 1.421636 -0.214893 0.060770
v 1.457492 -0.173135 0.061960
v 1.480702 -0.123229 0.060770
v 1.490374 -0.067093 0.057244
v 1.486137 -0.006882 0.051518
v 1.468153 0.055087 0.043812
v 1.437114 0.116435 0.034423
v 1.394213 0.174803 0.023711
v 1.341098 0.227948 0.012088
v 1.047379 -0.234954 0.002641
v 1.120823 -0.263359 0.005180
v 1.194558 -0.280149 0.007521
v 1.265753 -0.284677 0.009572
v 1.331670 -0.276771 0.011256
v 1.389777 -0.256733 0.012507
v 1.437840 -0.225335 0.013277
v 1.474013 -0.183782 0.013537
v 1.496906 -0.133671 0.013277
v 1.505638 -0.076928 0.012507
v 1.499874 -0.015734 0.011256
v 1.479836 0.047559 0.009572
v 1.446293 0.110520 0.007521
v 1.400536 0.170729 0.005181
v 1.344321 0.225871 0.002641
v 1.048011 -0.235361 -0.006907
v 1.122063 -0.264158 -0.013549
v 1.196359 -0.281309 -0.019670
v 1.268045 -0.286154 -0.025036
v 1.334365 -0.278507 -0.029439
v 1.392771 -0.258663 -0.032711
v 1.441019 -0.227383 -0.034725
v 1.477255 -0.185870 -0.035406
v 1.500085 -0.135719 -0.034725
v 1.508632 -0.078858 -0.032711
v 1.502569 -0.017471 -0.029439
v 1.482128 0.046082 -0.025036
v 1.448094 0.109360 -0.019670
v 1.401776 0.169929 -0.013549
v 1.344953 0.225464 -0.006907
v 1.046028 -0.234084 -0.016190
v 1.118173 -0.261652 -0.031758
v 1.190712 -0.277670 -0.046106
v 1.260858 -0.281523 -0.058681
v 1.325914 -0.273062 -0.069002
v 1.383381 -0.252612 -0.076671
v 1.431051 -0.220960 -0.081394
v 1.467090 -0.179321 -0.082988
v 1.490116 -0.129296 -0.081394
v 1.499242 -0.072807 -0.076671
v 1.494118 -0.012025 -0.069002
v 1.474941 0.050713 -0.058681
v 1.442447 0.112998 -0.046106
v 1.397886 0.172436 -0.031758
v 1.342970 0.226742 -0.016190
v 1.041507 -0.231170 -0.024851
v 1.109303 -0.255936 -0.048747
v 1.177835 -0.269372 -0.070769
v 1.244468 -0.270962 -0.090072
v 1.306642 -0.260643 -0.105914
v 1.361967 -0.238813 -0.117685
v 1.408317 -0.206311 -0.124934
v 1.443912 -0.164385 -0.127381
v 1.467383 -0.114647 -0.124934
v 1.477828 -0.059008 -0.117685
v 1.474846 0.000393 -0.105914
v 1.458551 0.061274 -0.090072
v 1.429570 0.121296 -0.070769
v 1.389016 0.178151 -0.048747
v 1.338449 0.229655 -0.024851
v 1.034619 -0.226732 -0.032557
v 1.095794 -0.247231 -0.063862
v 1.158222 -0.256735 -0.092713
v 1.219505 -0.254877 -0.118002
v 1.277289 -0.241729 -0.138755
v 1.329352 -0.217797 -0.154176
v 1.373693 -0.184000 -0.163673
v 1.408610 -0.141637 -0.166879
v 1.432759 -0.092336 -0.163673
v 1.445213 -0.037992 -0.154176
v 1.445493 0.019307 -0.138755
v 1.433589 0.077360 -0.118002
v 1.409957 0.133934 -0.092713
v 1.375507 0.186856 -0.063862
v 1.331561 0.234093 -0.032557
v 1.025632 -0.220941 -0.039011
v 1.078164 -0.235871 -0.076523
v 1.132627 -0.240242 -0.111094
v 1.186929 -0.233886 -0.141396
v 1.238984 -0.217046 -0.166264
v 1.286789 -0.190371 -0.184743
v 1.328509 -0.154885 -0.196122
v 1.362540 -0.111951 -0.199964
v 1.387575 -0.063221 -0.196122
v 1.402650 -0.010566 -0.184743
v 1.407188 0.043990 -0.166264
v 1.401013 0.098351 -0.141396
v 1.384362 0.150427 -0.111094
v 1.357877 0.198217 -0.076523
v 1.322574 0.239885 -0.039011
v 1.279810 0.273829 0.000000
v 1.014889 -0.214018 -0.043966
v 1.057091 -0.222292 -0.086243
v 1.102034 -0.220529 -0.125206
v 1.147992 -0.208795 -0.159357
v 1.193198 -0.187543 -0.187384
v 1.235915 -0.157589 -0.208210
v 1.274501 -0.120084 -0.221034
v 1.307474 -0.076468 -0.225365
v 1.333566 -0.028420 -0.221034
v 1.351776 0.022216 -0.208210
v 1.361402 0.073493 -0.187384
v 1.362075 0.123441 -0.159357
v 1.353769 0.170140 -0.125206
v 1.336804 0.211796 -0.086243
v 1.311831 0.246807 -0.043966
v 1.002804 -0.206231 -0.047232
v 1.033385 -0.207017 -0.092649
v 1.067618 -0.198352 -0.134506
v 1.104189 -0.180570 -0.171194
v 1.141691 -0.154354 -0.201302
v 1.178683 -0.120711 -0.223675
v 1.213745 -0.080934 -0.237452
v 1.245527 -0.036552 -0.242104
v 1.272810 0.010730 -0.237452
v 1.294544 0.059094 -0.223675
v 1.309895 0.106683 -0.201302
v 1.318272 0.151666 -0.171194
v 1.319353 0.192316 -0.134506
v 1.313098 0.227071 -0.092649
v 1.299746 0.254594 -0.047232
v 0.989840 -0.197878 -0.048683
v 1.007957 -0.190632 -0.095495
v 1.030702 -0.174565 -0.138637
v 1.057204 -0.150294 -0.176452
v 1.086442 -0.118753 -0.207485
v 1.117294 -0.081154 -0.230545
v 1.148574 -0.038940 -0.244745
v 1.179080 0.006265 -0.249540
v 1.207640 0.052724 -0.244745
v 1.233155 0.098651 -0.230545
v 1.254646 0.142283 -0.207485
v 1.271287 0.181942 -0.176452
v 1.282437 0.216104 -0.138637
v 1.287670 0.243456 -0.095495
v 1.286782 0.262947 -0.048683
v 0.976498 -0.189280 -0.048263
v 0.981784 -0.173767 -0.094671
v 0.992705 -0.150080 -0.137441
v 1.008842 -0.119132 -0.174929
v 1.029575 -0.082110 -0.205694
v 1.054107 -0.040438 -0.228555
v 1.081495 0.004283 -0.242633
v 1.110687 0.050335 -0.247386
v 1.140561 0.095947 -0.242633
v 1.169968 0.139367 -0.228555
v 1.197780 0.178926 -0.205694
v 1.222926 0.213105 -0.174929
v 1.244440 0.240588 -0.137440
v 1.261497 0.260321 -0.094671
v 1.273440 0.271545 -0.048263
v 0.963288 -0.180768 -0.045988
v 0.955872 -0.157070 -0.090208
v 0.955087 -0.125840 -0.130962
v 0.960963 -0.088280 -0.166683
v 0.973275 -0.045832 -0.195999
v 0.991550 -0.000128 -0.217782
v 1.015085 0.047076 -0.231196
v 1.042976 0.093966 -0.235726
v 1.074151 0.138740 -0.231196
v 1.107411 0.179677 -0.217782
v 1.141479 0.215204 -0.195999
v 1.175046 0.243956 -0.166683
v 1.206822 0.264828 -0.130962
v 1.235585 0.277018 -0.090208
v 1.260230 0.280057 -0.045988
v 0.950719 -0.172669 -0.041946
v 0.931216 -0.141183 -0.082279
v 0.919293 -0.102776 -0.119451
v 0.915406 -0.058924 -0.152032
v 0.919706 -0.011313 -0.178771
v 0.932027 0.038227 -0.198640
v 0.951896 0.087794 -0.210875
v 0.978548 0.135481 -0.215006
v 1.010961 0.179458 -0.210875
v 1.047888 0.218032 -0.198640
v 1.087910 0.249723 -0.178771
v 1.129489 0.273312 -0.152032
v 1.171028 0.287893 -0.119451
v 1.210929 0.292905 -0.082279
v 1.247661 0.288156 -0.041946
v 0.939273 -0.165294 -0.036291
v 0.908765 -0.126716 -0.071188
v 0.886699 -0.081773 -0.103349
v 0.873922 -0.032193 -0.131539
v 0.870926 0.020119 -0.154673
v 0.877825 0.073153 -0.171864
v 0.894355 0.124871 -0.182450
v 0.919881 0.173285 -0.186024
v 0.953421 0.216535 -0.182450
v 0.993686 0.252958 -0.171864
v 1.039130 0.281156 -0.154673
v 1.088005 0.300043 -0.131539
v 1.138434 0.308896 -0.103349
v 1.188478 0.307372 -0.071188
v 1.236215 0.295531 -0.036291
v 0.929391 -0.158926 -0.029243
v 0.889381 -0.114225 -0.057362
v 0.858557 -0.063640 -0.083276
v 0.838105 -0.009114 -0.105990
v 0.828809 0.047258 -0.124631
v 0.831028 0.103308 -0.138483
v 0.844676 0.156883 -0.147013
v 0.869228 0.205924 -0.149893
v 0.903741 0.248547 -0.147013
v 0.946889 0.283113 -0.138483
v 0.997013 0.308294 -0.124631
v 1.052188 0.323123 -0.105990
v 1.110293 0.327029 -0.083276
v 1.169094 0.319863 -0.057362
v 1.226333 0.301899 -0.029243
v 0.921453 -0.153811 -0.021070
v 0.873809 -0.104191 -0.041330
v 0.835950 -0.049072 -0.060003
v 0.809331 0.009427 -0.076369
v 0.794975 0.069060 -0.089800
v 0.793433 0.127533 -0.099781
v 0.804765 0.182600 -0.105927
v 0.828536 0.232145 -0.108002
v 0.863831 0.274264 -0.105927
v 0.909294 0.307338 -0.099781
v 0.963179 0.330096 -0.089800
v 1.023414 0.341664 -0.076369
v 1.087685 0.341596 -0.060002
v 1.153522 0.329897 -0.041330
v 1.218395 0.307014 -0.021070
v 0.915762 -0.150144 -0.012088
v 0.862647 -0.096998 -0.023711
v 0.819746 -0.038630 -0.034423
v 0.788707 0.022717 -0.043812
v 0.770723 0.084687 -0.051518
v 0.766486 0.144897 -0.057244
v 0.776158 0.201034 -0.060769
v 0.799369 0.250940 -0.061960
v 0.835224 0.292697 -0.060769
v 0.882347 0.324702 -0.057244
v 0.938927 0.345723 -0.051518
v 1.002790 0.354954 -0.043812
v 1.071481 0.352038 -0.034423
v 1.142360 0.337089 -0.023711
v 1.212704 0.310681 -0.012088
v 0.912539 -0.148067 -0.002641
v 0.856324 -0.092924 -0.005181
v 0.810567 -0.032716 -0.007521
v 0.777024 0.030245 -0.009572
v 0.756986 0.093539 -0.011256
v 0.751222 0.154732 -0.012507
v 0.759954 0.211475 -0.013277
v 0.782847 0.261586 -0.013537
v 0.819020 0.303139 -0.013277
v 0.867083 0.334538 -0.012507
v 0.925190 0.354575 -0.011256
v 0.991107 0.362481 -0.009572
v 1.062302 0.357953 -0.007521
v 1.136038 0.341163 -0.005180
v 1.209481 0.312758 -0.002641
v 0.911907 -0.147660 0.006907
v 0.855084 -0.092125 0.013549
v 0.774732 0.031722 0.025036
v 0.748228 0.156662 0.032711
v 0.864089 0.336467 0.032711
v 0.988815 0.363958 0.025036
v 1.060501 0.359113 0.019670
v 1.134797 0.341963 0.013549
v 1.208849 0.313165 0.006907
vn 0.0624 0.7715 -0.6332
vn 0.0759 -0.6326 -0.7708
vn 0.0759 0.6326 -0.7708
vn 0.0624 -0.7715 -0.6332
vn 0.0865 0.4696 -0.8786
vn 0.0464 -0.8810 -0.4709
vn 0.0938 0.2890 -0.9527
vn 0.0286 -0.9565 -0.2902
vn 0.0975 0.0975 -0.9904
vn 0.0097 0.9951 -0.0980
vn 0.0097 -0.9951 -0.0980
vn 0.0975 -0.0976 -0.9904
vn 0.0286 0.9565 -0.2902
vn 0.0938 -0.2890 -0.9527
vn 0.0464 0.8810 -0.4709
vn 0.0865 -0.4696 -0.8786
vn 0.2779 -0.2890 -0.9161
vn 0.1374 0.8810 -0.4528
vn 0.2563 -0.4696 -0.8448
vn 0.1847 0.7715 -0.6088
vn 0.2248 -0.6326 -0.7412
vn 0.2248 0.6326 -0.7412
vn 0.1847 -0.7715 -0.6088
vn 0.2563 0.4696 -0.8448
vn 0.1374 -0.8810 -0.4528
vn 0.2779 0.2890 -0.9161
vn 0.0846 -0.9565 -0.2790
vn 0.2889 0.0976 -0.9524
vn 0.0286 0.9951 -0.0942
vn 0.0286 -0.9951 -0.0942
vn 0.2889 -0.0976 -0.9524
vn 0.0846 0.9565 -0.2790
vn 0.2230 -0.8810 -0.4173
vn 0.4513 0.2890 -0.8443
vn 0.1374 -0.9565 -0.2571
vn 0.4691 0.0975 -0.8777
vn 0.0464 0.9951 -0.0869
vn 0.0464 -0.9951 -0.0869
vn 0.4691 -0.0975 -0.8777
vn 0.1374 0.9565 -0.2571
vn 0.4513 -0.2890 -0.8443
vn 0.2231 0.8810 -0.4173
vn 0.4162 -0.4696 -0.7786
vn 0.2999 0.7715 -0.5611
vn 0.3651 -0.6326 -0.6831
vn 0.3651 0.6326 -0.6831
vn 0.2999 -0.7715 -0.5611
vn 0.4162 0.4696 -0.7786
vn 0.5601 -0.4696 -0.6825
vn 0.4036 0.7715 -0.4918
vn 0.4913 -0.6326 -0.5987
vn 0.4913 0.6326 -0.5987
vn 0.4036 -0.7715 -0.4918
vn 0.5601 0.4696 -0.6825
vn 0.3002 -0.8810 -0.3658
vn 0.6073 0.2890 -0.7400
vn 0.1850 -0.9565 -0.2254
vn 0.6314 0.0975 -0.7693
vn 0.0625 0.9951 -0.0761
vn 0.0625 -0.9951 -0.0761
vn 0.6314 -0.0975 -0.7693
vn 0.1850 0.9565 -0.2254
vn 0.6073 -0.2890 -0.7400
vn 0.3002 0.8810 -0.3658
vn 0.2254 -0.9566 -0.1850
vn 0.7693 0.0975 -0.6314
vn 0.0761 0.9951 -0.0625
vn 0.0761 -0.9951 -0.0625
vn 0.7693 -0.0975 -0.6314
vn 0.2254 0.9565 -0.1850
vn 0.7400 -0.2890 -0.6073
vn 0.3658 0.8810 -0.3002
vn 0.6825 -0.4696 -0.5601
vn 0.4918 0.7715 -0.4036
vn 0.5987 -0.6326 -0.4913
vn 0.5987 0.6326 -0.4913
vn 0.4918 -0.7715 -0.4036
vn 0.6825 0.4696 -0.5601
vn 0.3658 -0.8810 -0.3002
vn 0.7400 0.2890 -0.6073
vn 0.5611 0.7715 -0.2999
vn 0.6831 -0.6326 -0.3651
vn 0.6831 0.6326 -0.3651
vn 0.5611 -0.7715 -0.2999
vn 0.7786 0.4696 -0.4162
vn 0.4173 -0.8810 -0.2230
vn 0.8443 0.2890 -0.4513
vn 0.2571 -0.9565 -0.1374
vn 0.8777 0.0975 -0.4691
vn 0.0869 0.9951 -0.0464
vn 0.0869 -0.9951 -0.0464
vn 0.8777 -0.0975 -0.4691
vn 0.2571 0.9565 -0.1374
vn 0.8443 -0.2890 -0.4513
vn 0.4173 0.8810 -0.2230
vn 0.7786 -0.4696 -0.4162
vn 0.9524 0.0975 -0.2889
vn 0.0942 0.9951 -0.0286
vn 0.0942 -0.9951 -0.0286
vn 0.9524 -0.0975 -0.2889
vn 0.2790 0.9565 -0.0846
vn 0.9161 -0.2890 -0.2779
vn 0.4528 0.8810 -0.1374
vn 0.8448 -0.4696 -0.2563
vn 0.6088 0.7715 -0.1847
vn 0.7412 -0.6326 -0.2248
vn 0.7412 0.6326 -0.2248
vn 0.6088 -0.7715 -0.1847
vn 0.8448 0.4696 -0.2563
vn 0.4528 -0.8810 -0.1374
vn 0.9161 0.2890 -0.2779
vn 0.2790 -0.9565 -0.0846
vn 0.7708 -0.6326 -0.0759
vn 0.7708 0.6326 -0.0759
vn 0.6332 -0.7715 -0.0624
vn 0.8786 0.4696 -0.0865
vn 0.4709 -0.8810 -0.0464
vn 0.9527 0.2890 -0.0938
vn 0.2902 -0.9565 -0.0286
vn 0.9904 0.0975 -0.0975
vn 0.0980 0.9951 -0.0097
vn 0.0980 -0.9951 -0.0097
vn 0.9904 -0.0975 -0.0975
vn 0.2902 0.9565 -0.0286
vn 0.9527 -0.2890 -0.0938
vn 0.4709 0.8810 -0.0464
vn 0.8786 -0.4696 -0.0865
vn 0.6332 0.7715 -0.0624
vn 0.0980 0.9951 0.0097
vn 0.0980 -0.9951 0.0097
vn 0.9904 -0.0975 0.0976
vn 0.2902 0.9565 0.0286
vn 0.9527 -0.2890 0.0938
vn 0.4709 0.8810 0.0464
vn 0.8786 -0.4696 0.0865
vn 0.6332 0.7715 0.0624
vn 0.7708 -0.6326 0.0759
vn 0.7708 0.6326 0.0759
vn 0.6332 -0.7715 0.0624
vn 0.8786 0.4696 0.0865
vn 0.4709 -0.8810 0.0464
vn 0.9527 0.2890 0.0938
vn 0.2902 -0.9565 0.0286
vn 0.9904 0.0975 0.0976
vn 0.7412 0.6326 0.2248
vn 0.6088 -0.7715 0.1847
vn 0.8448 0.4696 0.2563
vn 0.4528 -0.8810 0.1374
vn 0.9161 0.2890 0.2779
vn 0.2790 -0.9565 0.0846
vn 0.9524 0.0975 0.2889
vn 0.0942 0.9951 0.0286
vn 0.0942 -0.9951 0.0286
vn 0.9524 -0.0975 0.2889
vn 0.2790 0.9565 0.0846
vn 0.9161 -0.2890 0.2779
vn 0.4528 0.8810 0.1374
vn 0.8448 -0.4696 0.2563
vn 0.6088 0.7715 0.1847
vn 0.7412 -0.6326 0.2248
vn 0.8777 -0.0975 0.4691
vn 0.2571 0.9565 0.1374
vn 0.8443 -0.2890 0.4513
vn 0.4173 0.8810 0.2231
vn 0.7786 -0.4696 0.4162
vn 0.5611 0.7715 0.2999
vn 0.6831 -0.6326 0.3651
vn 0.6831 0.6326 0.3651
vn 0.5611 -0.7715 0.2999
vn 0.7786 0.4696 0.4162
vn 0.4173 -0.8810 0.2230
vn 0.8443 0.2890 0.4513
vn 0.2571 -0.9566 0.1374
vn 0.8777 0.0975 0.4691
vn 0.0869 0.9951 0.0464
vn 0.0869 -0.9951 0.0464
vn 0.4918 -0.7715 0.4036
vn 0.6825 0.4696 0.5601
vn 0.3658 -0.8810 0.3002
vn 0.7400 0.2890 0.6073
vn 0.2254 -0.9565 0.1850
vn 0.7693 0.0975 0.6314
vn 0.0761 0.9951 0.0625
vn 0.0761 -0.9951 0.0625
vn 0.7693 -0.0975 0.6314
vn 0.2254 0.9565 0.1850
vn 0.7400 -0.2890 0.6073
vn 0.3658 0.8810 0.3002
vn 0.6825 -0.4696 0.5601
vn 0.4918 0.7715 0.4036
vn 0.5987 -0.6326 0.4913
vn 0.5987 0.6326 0.4913
vn 0.6073 -0.2890 0.7400
vn 0.3002 0.8810 0.3658
vn 0.5601 -0.4696 0.6825
vn 0.4036 0.7715 0.4918
vn 0.4913 -0.6326 0.5987
vn 0.4913 0.6326 0.5987
vn 0.4036 -0.7715 0.4918
vn 0.5601 0.4696 0.6825
vn 0.3002 -0.8810 0.3658
vn 0.6073 0.2890 0.7400
vn 0.1850 -0.9565 0.2254
vn 0.6314 0.0975 0.7693
vn 0.0625 0.9951 0.0761
vn 0.0625 -0.9951 0.0761
vn 0.6314 -0.0975 0.7693
vn 0.1850 0.9565 0.2254
vn 0.2230 -0.8810 0.4173
vn 0.4513 0.2890 0.8443
vn 0.1374 -0.9565 0.2571
vn 0.4691 0.0975 0.8777
vn 0.0464 0.9951 0.0869
vn 0.0464 -0.9951 0.0869
vn 0.4691 -0.0975 0.8777
vn 0.1374 0.9565 0.2571
vn 0.4513 -0.2890 0.8443
vn 0.2230 0.8810 0.4173
vn 0.4162 -0.4696 0.7786
vn 0.2999 0.7715 0.5611
vn 0.3651 -0.6326 0.6831
vn 0.3651 0.6326 0.6831
vn 0.2999 -0.7715 0.5611
vn 0.4162 0.4696 0.7786
vn 0.1374 0.8810 0.4528
vn 0.2563 -0.4696 0.8448
vn 0.1847 0.7715 0.6088
vn 0.2248 -0.6326 0.7412
vn 0.2248 0.6326 0.7412
vn 0.1847 -0.7715 0.6088
vn 0.2563 0.4696 0.8448
vn 0.1374 -0.8810 0.4528
vn 0.2779 0.2890 0.9161
vn 0.0846 -0.9565 0.2790
vn 0.2889 0.0975 0.9524
vn 0.0286 0.9951 0.0942
vn 0.0286 -0.9951 0.0942
vn 0.2889 -0.0975 0.9524
vn 0.0846 0.9565 0.2790
vn 0.2779 -0.2890 0.9161
vn 0.0938 0.2890 0.9527
vn 0.0286 -0.9565 0.2902
vn 0.0975 0.0975 0.9904
vn 0.0097 0.9951 0.0980
vn 0.0097 -0.9951 0.0980
vn 0.0975 -0.0975 0.9904
vn 0.0286 0.9565 0.2902
vn 0.0938 -0.2890 0.9527
vn 0.0464 0.8810 0.4709
vn 0.0865 -0.4696 0.8786
vn 0.0624 0.7715 0.6332
vn 0.0759 -0.6326 0.7708
vn 0.0759 0.6326 0.7708
vn 0.0624 -0.7715 0.6332
vn 0.0865 0.4696 0.8786
vn 0.0464 -0.8810 0.4709
vn -0.0865 -0.4696 0.8786
vn -0.0624 0.7715 0.6332
vn -0.0759 -0.6326 0.7708
vn -0.0759 0.6326 0.7708
vn -0.0624 -0.7715 0.6332
vn -0.0865 0.4696 0.8786
vn -0.0464 -0.8810 0.4709
vn -0.0938 0.2890 0.9527
vn -0.0286 -0.9565 0.2902
vn -0.0976 0.0975 0.9904
vn -0.0097 0.9951 0.0980
vn -0.0097 -0.9951 0.0980
vn -0.0975 -0.0975 0.9904
vn -0.0286 0.9565 0.2902
vn -0.0938 -0.2890 0.9527
vn -0.0464 0.8810 0.4709
vn -0.0846 -0.9565 0.2790
vn -0.2889 0.0975 0.9524
vn -0.0286 0.9951 0.0942
vn -0.0286 -0.9951 0.0942
vn -0.2889 -0.0975 0.9524
vn -0.0846 0.9565 0.2790
vn -0.2779 -0.2890 0.9161
vn -0.1374 0.8810 0.4528
vn -0.2563 -0.4696 0.8448
vn -0.1847 0.7715 0.6088
vn -0.2248 -0.6326 0.7412
vn -0.2248 0.6326 0.7412
vn -0.1847 -0.7715 0.6088
vn -0.2563 0.4696 0.8448
vn -0.1374 -0.8810 0.4528
vn -0.2779 0.2890 0.9161
vn -0.2999 0.7715 0.5611
vn -0.3651 -0.6326 0.6831
vn -0.3651 0.6326 0.6831
vn -0.2999 -0.7715 0.5611
vn -0.4162 0.4696 0.7786
vn -0.2230 -0.8810 0.4173
vn -0.4513 0.2890 0.8443
vn -0.1374 -0.9565 0.2571
vn -0.4691 0.0975 0.8777
vn -0.0464 0.9951 0.0869
vn -0.0464 -0.9951 0.0869
vn -0.4691 -0.0975 0.8777
vn -0.1374 0.9565 0.2571
vn -0.4513 -0.2890 0.8443
vn -0.2230 0.8810 0.4173
vn -0.4162 -0.4696 0.7786
vn -0.6314 0.0975 0.7693
vn -0.0625 0.9951 0.0761
vn -0.0625 -0.9951 0.0761
vn -0.6314 -0.0975 0.7693
vn -0.1850 0.9565 0.2254
vn -0.6073 -0.2890 0.7400
vn -0.3002 0.8810 0.3658
vn -0.5601 -0.4696 0.6825
vn -0.4036 0.7715 0.4918
vn -0.4913 -0.6326 0.5987
vn -0.4913 0.6326 0.5987
vn -0.4036 -0.7715 0.4918
vn -0.5601 0.4696 0.6825
vn -0.3002 -0.8810 0.3658
vn -0.6073 0.2890 0.7400
vn -0.1850 -0.9565 0.2254
vn -0.5987 -0.6326 0.4913
vn -0.5987 0.6326 0.4913
vn -0.4918 -0.7715 0.4036
vn -0.6825 0.4696 0.5601
vn -0.3658 -0.8810 0.3002
vn -0.7400 0.2890 0.6073
vn -0.2254 -0.9566 0.1850
vn -0.7693 0.0975 0.6314
vn -0.0761 0.9951 0.0625
vn -0.0761 -0.9951 0.0625
vn -0.7693 -0.0975 0.6314
vn -0.2254 0.9565 0.1850
vn -0.7400 -0.2890 0.6073
vn -0.3658 0.8810 0.3002
vn -0.6825 -0.4696 0.5601
vn -0.4918 0.7715 0.4036
vn -0.0869 -0.9951 0.0464
vn -0.8777 -0.0975 0.4691
vn -0.2571 0.9565 0.1374
vn -0.8443 -0.2890 0.4513
vn -0.4173 0.8810 0.2230
vn -0.7786 -0.4696 0.4162
vn -0.5611 0.7715 0.2999
vn -0.6831 -0.6326 0.3651
vn -0.6831 0.6326 0.3651
vn -0.5611 -0.7715 0.2999
vn -0.7786 0.4696 0.4162
vn -0.4173 -0.8810 0.2231
vn -0.8443 0.2890 0.4513
vn -0.2571 -0.9565 0.1374
vn -0.8777 0.0975 0.4691
vn -0.0869 0.9951 0.0464
vn -0.6088 -0.7715 0.1847
vn -0.8448 0.4696 0.2563
vn -0.4528 -0.8810 0.1374
vn -0.9161 0.2890 0.2779
vn -0.2790 -0.9565 0.0846
vn -0.9524 0.0975 0.2889
vn -0.0942 0.9951 0.0286
vn -0.0942 -0.9951 0.0286
vn -0.9524 -0.0975 0.2889
vn -0.2790 0.9565 0.0846
vn -0.9161 -0.2890 0.2779
vn -0.4528 0.8810 0.1374
vn -0.8448 -0.4696 0.2563
vn -0.6088 0.7715 0.1847
vn -0.7412 -0.6326 0.2248
vn -0.7412 0.6326 0.2248
vn -0.2902 0.9565 0.0286
vn -0.9527 -0.2890 0.0938
vn -0.4709 0.8810 0.0464
vn -0.8786 -0.4696 0.0865
vn -0.6332 0.7715 0.0624
vn -0.7708 -0.6326 0.0759
vn -0.7708 0.6326 0.0759
vn -0.6332 -0.7715 0.0624
vn -0.8786 0.4696 0.0865
vn -0.4709 -0.8810 0.0464
vn -0.9527 0.2890 0.0938
vn -0.2902 -0.9565 0.0286
vn -0.9904 0.0975 0.0975
vn -0.0980 0.9951 0.0097
vn -0.0980 -0.9951 0.0097
vn -0.9904 -0.0975 0.0976
vn -0.8786 0.4696 -0.0865
vn -0.4709 -0.8810 -0.0464
vn -0.9527 0.2890 -0.0938
vn -0.2902 -0.9565 -0.0286
vn -0.9904 0.0975 -0.0975
vn -0.0980 0.9951 -0.0097
vn -0.0980 -0.9951 -0.0097
vn -0.9904 -0.0975 -0.0976
vn -0.2902 0.9565 -0.0286
vn -0.9527 -0.2890 -0.0938
vn -0.4709 0.8810 -0.0464
vn -0.8786 -0.4696 -0.0865
vn -0.6332 0.7715 -0.0624
vn -0.7708 -0.6326 -0.0759
vn -0.7708 0.6326 -0.0759
vn -0.6332 -0.7715 -0.0624
vn -0.9161 -0.2890 -0.2779
vn -0.4528 0.8810 -0.1374
vn -0.8448 -0.4696 -0.2563
vn -0.6088 0.7715 -0.1847
vn -0.7412 -0.6326 -0.2248
vn -0.7412 0.6326 -0.2248
vn -0.6088 -0.7715 -0.1847
vn -0.8448 0.4696 -0.2563
vn -0.4528 -0.8810 -0.1374
vn -0.9161 0.2890 -0.2779
vn -0.2790 -0.9565 -0.0846
vn -0.9524 0.0975 -0.2889
vn -0.0942 0.9951 -0.0286
vn -0.0942 -0.9951 -0.0286
vn -0.9524 -0.0975 -0.2889
vn -0.2790 0.9565 -0.0846
vn -0.4173 -0.8810 -0.2231
vn -0.8443 0.2890 -0.4513
vn -0.2571 -0.9565 -0.1374
vn -0.8777 0.0975 -0.4691
vn -0.0869 0.9951 -0.0464
vn -0.0869 -0.9951 -0.0464
vn -0.8777 -0.0975 -0.4691
vn -0.2571 0.9565 -0.1374
vn -0.8443 -0.2890 -0.4513
vn -0.4173 0.8810 -0.2231
vn -0.7786 -0.4696 -0.4162
vn -0.5611 0.7715 -0.2999
vn -0.6831 -0.6326 -0.3651
vn -0.6831 0.6326 -0.3651
vn -0.5611 -0.7715 -0.2999
vn -0.7786 0.4696 -0.4162
vn -0.3658 0.8810 -0.3002
vn -0.6825 -0.4696 -0.5601
vn -0.4918 0.7715 -0.4036
vn -0.5987 -0.6326 -0.4913
vn -0.5987 0.6326 -0.4913
vn -0.4918 -0.7715 -0.4036
vn -0.6825 0.4696 -0.5601
vn -0.3658 -0.8810 -0.3002
vn -0.7400 0.2890 -0.6073
vn -0.2254 -0.9565 -0.1850
vn -0.7693 0.0975 -0.6314
vn -0.0761 0.9951 -0.0625
vn -0.0761 -0.9951 -0.0625
vn -0.7693 -0.0975 -0.6314
vn -0.2254 0.9565 -0.1850
vn -0.7400 -0.2890 -0.6073
vn -0.6073 0.2890 -0.7400
vn -0.1850 -0.9565 -0.2254
vn -0.6314 0.0975 -0.7693
vn -0.0625 0.9951 -0.0761
vn -0.0625 -0.9951 -0.0761
vn -0.6314 -0.0975 -0.7693
vn -0.1850 0.9565 -0.2254
vn -0.6073 -0.2890 -0.7400
vn -0.3002 0.8810 -0.3658
vn -0.5601 -0.4696 -0.6825
vn -0.4036 0.7715 -0.4918
vn -0.4913 -0.6326 -0.5987
vn -0.4913 0.6326 -0.5987
vn -0.4036 -0.7715 -0.4918
vn -0.5601 0.4696 -0.6825
vn -0.3002 -0.8810 -0.3658
vn -0.4162 -0.4696 -0.7786
vn -0.2999 0.7715 -0.5611
vn -0.3651 -0.6326 -0.6831
vn -0.3651 0.6326 -0.6831
vn -0.2999 -0.7715 -0.5611
vn -0.4162 0.4696 -0.7786
vn -0.2230 -0.8810 -0.4173
vn -0.4513 0.2890 -0.8443
vn -0.1374 -0.9565 -0.2571
vn -0.4691 0.0975 -0.8777
vn -0.0464 0.9951 -0.0869
vn -0.0464 -0.9951 -0.0869
vn -0.4691 -0.0975 -0.8777
vn -0.1374 0.9565 -0.2571
vn -0.4513 -0.2890 -0.8443
vn -0.2230 0.8810 -0.4173
vn -0.0846 -0.9565 -0.2790
vn -0.2889 0.0975 -0.9524
vn -0.0286 0.9951 -0.0942
vn -0.0286 -0.9951 -0.0942
vn -0.2889 -0.0975 -0.9524
vn -0.0846 0.9565 -0.2790
vn -0.2779 -0.2890 -0.9161
vn -0.1374 0.8810 -0.4528
vn -0.2563 -0.4696 -0.8448
vn -0.1847 0.7715 -0.6088
vn -0.2248 -0.6326 -0.7412
vn -0.2248 0.6326 -0.7412
vn -0.1847 -0.7715 -0.6088
vn -0.2563 0.4696 -0.8448
vn -0.1374 -0.8810 -0.4528
vn -0.2779 0.2890 -0.9161
vn -0.0759 -0.6326 -0.7708
vn -0.0759 0.6326 -0.7708
vn -0.0624 -0.7715 -0.6332
vn -0.0865 0.4696 -0.8786
vn -0.0464 -0.8810 -0.4709
vn -0.0938 0.2890 -0.9527
vn -0.0286 -0.9565 -0.2902
vn -0.0976 0.0975 -0.9904
vn -0.0097 0.9951 -0.0980
vn -0.0097 -0.9951 -0.0980
vn -0.0976 -0.0975 -0.9904
vn -0.0286 0.9565 -0.2902
vn -0.0938 -0.2890 -0.9527
vn -0.0464 0.8810 -0.4709
vn -0.0865 -0.4696 -0.8786
vn -0.0624 0.7715 -0.6332
vn 0.0539 0.9050 -0.4220
vn 0.0725 -0.8200 -0.5677
vn 0.0725 0.8200 -0.5677
vn 0.0539 -0.9050 -0.4220
vn 0.0927 0.6823 -0.7252
vn 0.0371 -0.9562 -0.2904
vn 0.1120 0.4681 -0.8766
vn 0.0217 -0.9852 -0.1698
vn 0.1249 0.1695 -0.9776
vn 0.0071 0.9984 -0.0559
vn 0.0071 -0.9984 -0.0559
vn 0.1249 -0.1695 -0.9776
vn 0.0217 0.9852 -0.1698
vn 0.1120 -0.4680 -0.8766
vn 0.0371 0.9562 -0.2904
vn 0.0927 -0.6823 -0.7252
vn 0.1096 0.9541 -0.2786
vn 0.2708 -0.6732 -0.6881
vn 0.1589 0.9009 -0.4039
vn 0.2131 -0.8133 -0.5414
vn 0.2131 0.8133 -0.5414
vn 0.1589 -0.9009 -0.4039
vn 0.2708 0.6732 -0.6881
vn 0.1096 -0.9541 -0.2786
vn 0.3253 0.4591 -0.8267
vn 0.0642 -0.9845 -0.1631
vn 0.3612 0.1655 -0.9177
vn 0.0211 0.9983 -0.0537
vn 0.0211 -0.9983 -0.0537
vn 0.3612 -0.1655 -0.9177
vn 0.0642 0.9845 -0.1631
vn 0.3253 -0.4591 -0.8267
vn 0.5107 0.4437 -0.7364
vn 0.1041 -0.9832 -0.1502
vn 0.5626 0.1587 -0.8113
vn 0.0343 0.9982 -0.0495
vn 0.0343 -0.9982 -0.0495
vn 0.5626 -0.1587 -0.8113
vn 0.1041 0.9832 -0.1502
vn 0.5107 -0.4437 -0.7364
vn 0.1773 0.9503 -0.2557
vn 0.4294 -0.6574 -0.6192
vn 0.2560 0.8934 -0.3691
vn 0.3409 -0.8013 -0.4916
vn 0.3409 0.8013 -0.4916
vn 0.2560 -0.8934 -0.3691
vn 0.4294 0.6574 -0.6192
vn 0.1773 -0.9503 -0.2557
vn 0.5611 -0.6383 -0.5270
vn 0.3408 0.8839 -0.3201
vn 0.4502 -0.7864 -0.4229
vn 0.4502 0.7864 -0.4229
vn 0.3408 -0.8839 -0.3201
vn 0.5611 0.6383 -0.5270
vn 0.2374 -0.9455 -0.2230
vn 0.6595 0.4258 -0.6195
vn 0.1399 -0.9814 -0.1314
vn 0.7205 0.1510 -0.6768
vn 0.0462 0.9980 -0.0434
vn 0.0462 -0.9980 -0.0434
vn 0.7205 -0.1510 -0.6768
vn 0.1399 0.9814 -0.1314
vn 0.6595 -0.4258 -0.6195
vn 0.2374 0.9455 -0.2230
vn 0.1701 -0.9795 -0.1076
vn 0.8363 0.1439 -0.5290
vn 0.0563 0.9978 -0.0356
vn 0.0563 -0.9978 -0.0356
vn 0.8363 -0.1439 -0.5291
vn 0.1701 0.9795 -0.1076
vn 0.7713 -0.4087 -0.4879
vn 0.2877 0.9403 -0.1820
vn 0.6634 -0.6194 -0.4197
vn 0.4106 0.8740 -0.2598
vn 0.5380 -0.7712 -0.3403
vn 0.5380 0.7712 -0.3403
vn 0.4106 -0.8740 -0.2598
vn 0.6634 0.6194 -0.4197
vn 0.2877 -0.9403 -0.1820
vn 0.7713 0.4087 -0.4879
vn 0.4637 0.8651 -0.1911
vn 0.6032 -0.7579 -0.2485
vn 0.6032 0.7579 -0.2485
vn 0.4637 -0.8651 -0.1911
vn 0.7373 0.6034 -0.3038
vn 0.3266 -0.9355 -0.1346
vn 0.8496 0.3946 -0.3500
vn 0.1937 -0.9778 -0.0798
vn 0.9157 0.1381 -0.3773
vn 0.0642 0.9976 -0.0264
vn 0.0642 -0.9976 -0.0264
vn 0.9157 -0.1381 -0.3773
vn 0.1937 0.9778 -0.0798
vn 0.8496 -0.3946 -0.3500
vn 0.3266 0.9355 -0.1346
vn 0.7373 -0.6034 -0.3038
vn 0.9649 0.1341 -0.2256
vn 0.0696 0.9974 -0.0163
vn 0.0696 -0.9974 -0.0163
vn 0.9649 -0.1341 -0.2256
vn 0.2099 0.9765 -0.0491
vn 0.8988 -0.3847 -0.2102
vn 0.3530 0.9320 -0.0825
vn 0.7848 -0.5919 -0.1835
vn 0.4993 0.8585 -0.1168
vn 0.6461 -0.7482 -0.1511
vn 0.6461 0.7482 -0.1511
vn 0.4993 -0.8585 -0.1168
vn 0.7848 0.5919 -0.1835
vn 0.3530 -0.9320 -0.0825
vn 0.8988 0.3847 -0.2102
vn 0.2099 -0.9765 -0.0491
vn 0.6673 -0.7431 -0.0507
vn 0.6673 0.7431 -0.0507
vn 0.5172 -0.8550 -0.0393
vn 0.8080 0.5860 -0.0613
vn 0.3664 -0.9300 -0.0278
vn 0.9225 0.3797 -0.0700
vn 0.2182 -0.9758 -0.0166
vn 0.9884 0.1321 -0.0750
vn 0.0724 0.9974 -0.0055
vn 0.0724 -0.9974 -0.0055
vn 0.9884 -0.1321 -0.0750
vn 0.2182 0.9758 -0.0166
vn 0.9225 -0.3797 -0.0700
vn 0.3664 0.9300 -0.0278
vn 0.8080 -0.5860 -0.0613
vn 0.5172 0.8550 -0.0393
vn 0.0724 -0.9974 0.0055
vn 0.9884 -0.1321 0.0750
vn 0.2182 0.9758 0.0166
vn 0.9225 -0.3797 0.0700
vn 0.3664 0.9300 0.0278
vn 0.8080 -0.5860 0.0613
vn 0.5172 0.8550 0.0393
vn 0.6673 -0.7431 0.0507
vn 0.6673 0.7431 0.0507
vn 0.5172 -0.8550 0.0393
vn 0.8080 0.5860 0.0613
vn 0.3664 -0.9300 0.0278
vn 0.9225 0.3797 0.0700
vn 0.2182 -0.9758 0.0166
vn 0.9884 0.1321 0.0750
vn 0.0724 0.9974 0.0055
vn 0.4993 -0.8585 0.1168
vn 0.7848 0.5919 0.1835
vn 0.3530 -0.9320 0.0825
vn 0.8988 0.3847 0.2102
vn 0.2099 -0.9765 0.0491
vn 0.9649 0.1341 0.2256
vn 0.0696 0.9974 0.0163
vn 0.0696 -0.9974 0.0163
vn 0.9649 -0.1341 0.2256
vn 0.2099 0.9765 0.0491
vn 0.8988 -0.3847 0.2102
vn 0.3530 0.9320 0.0825
vn 0.7848 -0.5919 0.1835
vn 0.4993 0.8585 0.1168
vn 0.6461 -0.7482 0.1511
vn 0.6461 0.7482 0.1511
vn 0.1937 0.9778 0.0798
vn 0.8496 -0.3946 0.3500
vn 0.3266 0.9355 0.1346
vn 0.7373 -0.6034 0.3038
vn 0.4637 0.8651 0.1911
vn 0.6032 -0.7579 0.2485
vn 0.6032 0.7579 0.2485
vn 0.4637 -0.8651 0.1911
vn 0.7373 0.6034 0.3038
vn 0.3266 -0.9355 0.1346
vn 0.8496 0.3946 0.3500
vn 0.1937 -0.9778 0.0798
vn 0.9157 0.1381 0.3773
vn 0.0642 0.9976 0.0264
vn 0.0642 -0.9976 0.0264
vn 0.9157 -0.1381 0.3773
vn 0.6634 0.6194 0.4197
vn 0.2877 -0.9403 0.1820
vn 0.7713 0.4087 0.4879
vn 0.1701 -0.9795 0.1076
vn 0.8363 0.1439 0.5290
vn 0.0563 0.9978 0.0356
vn 0.0563 -0.9978 0.0356
vn 0.8363 -0.1439 0.5290
vn 0.1701 0.9795 0.1076
vn 0.7713 -0.4087 0.4879
vn 0.2877 0.9403 0.1820
vn 0.6634 -0.6194 0.4197
vn 0.4106 0.8740 0.2598
vn 0.5380 -0.7712 0.3403
vn 0.5380 0.7712 0.3403
vn 0.4106 -0.8740 0.2598
vn 0.6595 -0.4258 0.6195
vn 0.2374 0.9455 0.2230
vn 0.5611 -0.6383 0.5270
vn 0.3408 0.8839 0.3201
vn 0.4502 -0.7864 0.4229
vn 0.4502 0.7864 0.4229
vn 0.3408 -0.8839 0.3201
vn 0.5611 0.6383 0.5270
vn 0.2374 -0.9455 0.2230
vn 0.6595 0.4258 0.6195
vn 0.1399 -0.9814 0.1314
vn 0.7205 0.1510 0.6768
vn 0.0462 0.9980 0.0434
vn 0.0462 -0.9980 0.0434
vn 0.7205 -0.1510 0.6768
vn 0.1399 0.9814 0.1314
vn 0.1773 -0.9503 0.2557
vn 0.5107 0.4437 0.7364
vn 0.1041 -0.9832 0.1502
vn 0.5626 0.1587 0.8113
vn 0.0343 0.9982 0.0495
vn 0.0343 -0.9982 0.0495
vn 0.5626 -0.1587 0.8113
vn 0.1041 0.9832 0.1502
vn 0.5107 -0.4437 0.7364
vn 0.1773 0.9503 0.2557
vn 0.4294 -0.6574 0.6192
vn 0.2560 0.8934 0.3691
vn 0.3409 -0.8013 0.4916
vn 0.3409 0.8013 0.4916
vn 0.2560 -0.8934 0.3691
vn 0.4294 0.6574 0.6192
vn 0.1096 0.9541 0.2786
vn 0.2708 -0.6732 0.6881
vn 0.1589 0.9009 0.4039
vn 0.2131 -0.8133 0.5414
vn 0.2131 0.8133 0.5414
vn 0.1589 -0.9009 0.4039
vn 0.2708 0.6732 0.6881
vn 0.1096 -0.9541 0.2786
vn 0.3253 0.4591 0.8267
vn 0.0642 -0.9845 0.1631
vn 0.3611 0.1655 0.9177
vn 0.0211 0.9983 0.0537
vn 0.0211 -0.9983 0.0537
vn 0.3612 -0.1655 0.9177
vn 0.0642 0.9845 0.1631
vn 0.3253 -0.4591 0.8267
vn 0.1120 0.4680 0.8766
vn 0.0217 -0.9852 0.1698
vn 0.1249 0.1695 0.9776
vn 0.0071 0.9984 0.0559
vn 0.0071 -0.9984 0.0559
vn 0.1249 -0.1695 0.9776
vn 0.0217 0.9852 0.1698
vn 0.1120 -0.4680 0.8766
vn 0.0371 0.9562 0.2904
vn 0.0927 -0.6823 0.7252
vn 0.0539 0.9050 0.4220
vn 0.0725 -0.8200 0.5677
vn 0.0725 0.8200 0.5677
vn 0.0539 -0.9050 0.4220
vn 0.0927 0.6823 0.7252
vn 0.0371 -0.9562 0.2904
vn -0.0927 -0.6823 0.7252
vn -0.0539 0.9050 0.4220
vn -0.0725 -0.8200 0.5677
vn -0.0725 0.8200 0.5677
vn -0.0539 -0.9050 0.4220
vn -0.0927 0.6823 0.7252
vn -0.0371 -0.9562 0.2904
vn -0.1120 0.4680 0.8766
vn -0.0217 -0.9852 0.1698
vn -0.1249 0.1695 0.9776
vn -0.0071 0.9984 0.0559
vn -0.0071 -0.9984 0.0559
vn -0.1249 -0.1695 0.9776
vn -0.0217 0.9852 0.1698
vn -0.1120 -0.4680 0.8766
vn -0.0371 0.9562 0.2904
vn -0.0642 -0.9845 0.1631
vn -0.3612 0.1655 0.9177
vn -0.0211 0.9983 0.0537
vn -0.0211 -0.9983 0.0537
vn -0.3612 -0.1655 0.9177
vn -0.0642 0.9845 0.1631
vn -0.3253 -0.4591 0.8267
vn -0.1096 0.9541 0.2786
vn -0.2708 -0.6732 0.6881
vn -0.1589 0.9009 0.4039
vn -0.2131 -0.8133 0.5414
vn -0.2131 0.8133 0.5414
vn -0.1589 -0.9009 0.4039
vn -0.2708 0.6732 0.6881
vn -0.1096 -0.9541 0.2786
vn -0.3253 0.4591 0.8267
vn -0.3409 -0.8013 0.4916
vn -0.3409 0.8013 0.4916
vn -0.2560 -0.8934 0.3691
vn -0.4294 0.6574 0.6192
vn -0.1773 -0.9503 0.2557
vn -0.5107 0.4437 0.7364
vn -0.1041 -0.9832 0.1502
vn -0.5626 0.1587 0.8113
vn -0.0343 0.9982 0.0495
vn -0.0343 -0.9982 0.0495
vn -0.5626 -0.1587 0.8113
vn -0.1041 0.9832 0.1502
vn -0.5107 -0.4437 0.7364
vn -0.1773 0.9503 0.2557
vn -0.4294 -0.6574 0.6192
vn -0.2560 0.8934 0.3691
vn -0.0462 0.9980 0.0434
vn -0.0462 -0.9980 0.0434
vn -0.7205 -0.1510 0.6768
vn -0.1399 0.9814 0.1314
vn -0.6595 -0.4258 0.6195
vn -0.2374 0.9455 0.2230
vn -0.5611 -0.6383 0.5270
vn -0.3408 0.8839 0.3201
vn -0.4502 -0.7864 0.4229
vn -0.4502 0.7864 0.4229
vn -0.3408 -0.8839 0.3201
vn -0.5611 0.6383 0.5270
vn -0.2374 -0.9455 0.2230
vn -0.6595 0.4258 0.6195
vn -0.1399 -0.9814 0.1314
vn -0.7205 0.1510 0.6768
vn -0.5380 0.7712 0.3403
vn -0.4106 -0.8740 0.2598
vn -0.6634 0.6194 0.4197
vn -0.2877 -0.9403 0.1820
vn -0.7713 0.4087 0.4879
vn -0.1701 -0.9795 0.1076
vn -0.8363 0.1439 0.5290
vn -0.0563 0.9978 0.0356
vn -0.0563 -0.9978 0.0356
vn -0.8363 -0.1439 0.5290
vn -0.1701 0.9795 0.1076
vn -0.7713 -0.4087 0.4879
vn -0.2877 0.9403 0.1820
vn -0.6634 -0.6194 0.4197
vn -0.4106 0.8740 0.2598
vn -0.5380 -0.7712 0.3403
vn -0.9157 -0.1381 0.3773
vn -0.1937 0.9778 0.0798
vn -0.8496 -0.3946 0.3500
vn -0.3266 0.9355 0.1346
vn -0.7373 -0.6034 0.3038
vn -0.4637 0.8651 0.1911
vn -0.6032 -0.7579 0.2485
vn -0.6032 0.7579 0.2485
vn -0.4637 -0.8651 0.1911
vn -0.7373 0.6034 0.3038
vn -0.3266 -0.9355 0.1346
vn -0.8496 0.3946 0.3500
vn -0.1937 -0.9778 0.0798
vn -0.9157 0.1381 0.3773
vn -0.0642 0.9976 0.0264
vn -0.0642 -0.9976 0.0264
vn -0.4993 -0.8585 0.1168
vn -0.7848 0.5919 0.1835
vn -0.3530 -0.9320 0.0825
vn -0.8988 0.3847 0.2102
vn -0.2099 -0.9765 0.0491
vn -0.9649 0.1341 0.2256
vn -0.0696 0.9974 0.0163
vn -0.0696 -0.9974 0.0163
vn -0.9649 -0.1341 0.2256
vn -0.2099 0.9765 0.0491
vn -0.8988 -0.3847 0.2102
vn -0.3530 0.9320 0.0825
vn -0.7848 -0.5919 0.1835
vn -0.4993 0.8585 0.1168
vn -0.6461 -0.7482 0.1511
vn -0.6461 0.7482 0.1511
vn -0.2182 0.9758 0.0166
vn -0.9225 -0.3797 0.0700
vn -0.3664 0.9300 0.0278
vn -0.8080 -0.5860 0.0613
vn -0.5172 0.8550 0.0393
vn -0.6673 -0.7431 0.0507
vn -0.6673 0.7431 0.0507
vn -0.5172 -0.8550 0.0393
vn -0.8080 0.5860 0.0613
vn -0.3664 -0.9300 0.0278
vn -0.9225 0.3797 0.0700
vn -0.2182 -0.9758 0.0166
vn -0.9884 0.1321 0.0750
vn -0.0724 0.9974 0.0055
vn -0.0724 -0.9974 0.0055
vn -0.9884 -0.1321 0.0750
vn -0.8080 0.5860 -0.0613
vn -0.3664 -0.9300 -0.0278
vn -0.9225 0.3797 -0.0700
vn -0.2182 -0.9758 -0.0166
vn -0.9884 0.1321 -0.0750
vn -0.0724 0.9974 -0.0055
vn -0.0724 -0.9974 -0.0055
vn -0.9884 -0.1321 -0.0750
vn -0.2182 0.9758 -0.0166
vn -0.9225 -0.3797 -0.0700
vn -0.3664 0.9300 -0.0278
vn -0.8080 -0.5860 -0.0613
vn -0.5172 0.8550 -0.0393
vn -0.6673 -0.7431 -0.0507
vn -0.6673 0.7431 -0.0507
vn -0.5172 -0.8550 -0.0393
vn -0.8988 -0.3847 -0.2102
vn -0.3530 0.9320 -0.0825
vn -0.7848 -0.5919 -0.1835
vn -0.4993 0.8585 -0.1168
vn -0.6461 -0.7482 -0.1511
vn -0.6461 0.7482 -0.1511
vn -0.4993 -0.8585 -0.1168
vn -0.7848 0.5919 -0.1835
vn -0.3530 -0.9320 -0.0825
vn -0.8988 0.3847 -0.2102
vn -0.2099 -0.9765 -0.0491
vn -0.9649 0.1341 -0.2256
vn -0.0696 0.9974 -0.0163
vn -0.0696 -0.9974 -0.0163
vn -0.9649 -0.1341 -0.2256
vn -0.2099 0.9765 -0.0491
vn -0.3266 -0.9355 -0.1346
vn -0.8496 0.3946 -0.3500
vn -0.1937 -0.9778 -0.0798
vn -0.9157 0.1381 -0.3773
vn -0.0642 0.9976 -0.0264
vn -0.0642 -0.9976 -0.0264
vn -0.9157 -0.1381 -0.3773
vn -0.1937 0.9778 -0.0798
vn -0.8496 -0.3946 -0.3500
vn -0.3266 0.9355 -0.1346
vn -0.7373 -0.6034 -0.3038
vn -0.4637 0.8651 -0.1911
vn -0.6032 -0.7579 -0.2485
vn -0.6032 0.7579 -0.2485
vn -0.4637 -0.8651 -0.1911
vn -0.7373 0.6034 -0.3038
vn -0.6634 -0.6194 -0.4197
vn -0.4106 0.8740 -0.2598
vn -0.5380 -0.7712 -0.3403
vn -0.5380 0.7712 -0.3403
vn -0.4106 -0.8740 -0.2598
vn -0.6634 0.6194 -0.4197
vn -0.2877 -0.9403 -0.1820
vn -0.7713 0.4087 -0.4879
vn -0.1701 -0.9795 -0.1076
vn -0.8363 0.1439 -0.5291
vn -0.0563 0.9978 -0.0356
vn -0.0563 -0.9978 -0.0356
vn -0.8363 -0.1439 -0.5290
vn -0.1701 0.9795 -0.1076
vn -0.7713 -0.4087 -0.4879
vn -0.2877 0.9403 -0.1820
vn -0.1399 -0.9814 -0.1314
vn -0.7205 0.1510 -0.6768
vn -0.0462 0.9980 -0.0434
vn -0.0462 -0.9980 -0.0434
vn -0.7205 -0.1510 -0.6768
vn -0.1399 0.9814 -0.1314
vn -0.6595 -0.4258 -0.6195
vn -0.2374 0.9455 -0.2230
vn -0.5611 -0.6383 -0.5270
vn -0.3408 0.8839 -0.3201
vn -0.4502 -0.7864 -0.4229
vn -0.4502 0.7864 -0.4229
vn -0.3408 -0.8839 -0.3201
vn -0.5611 0.6383 -0.5270
vn -0.2374 -0.9455 -0.2230
vn -0.6595 0.4258 -0.6195
vn -0.2560 0.8934 -0.3691
vn -0.3409 -0.8013 -0.4916
vn -0.3409 0.8013 -0.4916
vn -0.2560 -0.8934 -0.3691
vn -0.4294 0.6574 -0.6192
vn -0.1773 -0.9503 -0.2557
vn -0.5107 0.4437 -0.7364
vn -0.1041 -0.9832 -0.1502
vn -0.5626 0.1587 -0.8113
vn -0.0343 0.9982 -0.0495
vn -0.0343 -0.9982 -0.0495
vn -0.5626 -0.1587 -0.8113
vn -0.1041 0.9832 -0.1502
vn -0.5107 -0.4437 -0.7364
vn -0.1773 0.9503 -0.2557
vn -0.4294 -0.6574 -0.6192
vn -0.3612 0.1655 -0.9177
vn -0.0211 0.9983 -0.0537
vn -0.0211 -0.9983 -0.0537
vn -0.3612 -0.1655 -0.9177
vn -0.0642 0.9845 -0.1631
vn -0.3253 -0.4591 -0.8267
vn -0.1096 0.9541 -0.2786
vn -0.2708 -0.6732 -0.6881
vn -0.1589 0.9009 -0.4039
vn -0.2131 -0.8133 -0.5414
vn -0.2131 0.8133 -0.5414
vn -0.1589 -0.9009 -0.4039
vn -0.2708 0.6732 -0.6881
vn -0.1096 -0.9541 -0.2786
vn -0.3253 0.4591 -0.8267
vn -0.0642 -0.9845 -0.1631
vn -0.0725 -0.8200 -0.5677
vn -0.0725 0.8200 -0.5677
vn -0.0539 -0.9050 -0.4220
vn -0.0927 0.6823 -0.7252
vn -0.0371 -0.9562 -0.2904
vn -0.1120 0.4681 -0.8766
vn -0.0217 -0.9852 -0.1698
vn -0.1249 0.1695 -0.9776
vn -0.0071 0.9984 -0.0559
vn -0.0071 -0.9984 -0.0559
vn -0.1249 -0.1695 -0.9776
vn -0.0217 0.9852 -0.1698
vn -0.1120 -0.4680 -0.8766
vn -0.0371 0.9562 -0.2904
vn -0.0927 -0.6823 -0.7252
vn -0.0539 0.9050 -0.4220
vn 0.8363 -0.1439 -0.5290
vn -0.3530 0.9320 0.0826
vn -0.3530 0.9320 -0.0826
vn -0.1405 0.9828 0.1200
vn 0.9553 -0.2503 0.1572
vn 0.0383 0.9868 0.1572
vn 0.8995 -0.4202 0.1200
vn 0.2443 0.9502 0.1936
vn 0.8257 -0.5578 0.0841
vn 0.4685 0.8543 0.2249
vn 0.7405 -0.6702 0.0498
vn 0.6852 0.6863 0.2437
vn -0.5421 0.8401 0.0165
vn 0.6462 -0.7630 0.0165
vn 0.8559 0.4560 0.2437
vn -0.4259 0.9034 0.0498
vn 0.9537 0.1999 0.2249
vn -0.2936 0.9522 0.0841
vn 0.9801 -0.0426 0.1936
vn -0.3091 0.9318 0.1904
vn 0.9027 -0.0702 0.4245
vn -0.1633 0.9490 0.2695
vn 0.8980 -0.2678 0.3491
vn 0.0049 0.9371 0.3491
vn 0.8605 -0.4323 0.2695
vn 0.1953 0.8841 0.4245
vn 0.8016 -0.5667 0.1904
vn 0.3993 0.7770 0.4866
vn 0.7280 -0.6762 0.1132
vn 0.5959 0.6095 0.5228
vn -0.5454 0.8373 0.0375
vn 0.6425 -0.7654 0.0375
vn 0.7565 0.3929 0.5228
vn -0.4352 0.8932 0.1132
vn 0.8595 0.1561 0.4866
vn 0.3031 0.6666 0.6810
vn 0.7083 -0.6847 0.1715
vn 0.4734 0.5032 0.7230
vn -0.5505 0.8329 0.0571
vn 0.6368 -0.7689 0.0571
vn 0.6191 0.3066 0.7230
vn -0.4491 0.8768 0.1715
vn 0.7260 0.0961 0.6810
vn -0.3316 0.8990 0.2860
vn 0.7886 -0.1078 0.6054
vn -0.1963 0.8955 0.3993
vn 0.8106 -0.2912 0.5081
vn -0.0429 0.8603 0.5080
vn 0.7998 -0.4482 0.3993
vn 0.1262 0.7859 0.6054
vn 0.7638 -0.5787 0.2860
vn 0.6630 -0.1511 0.7332
vn -0.2371 0.8306 0.5038
vn 0.7092 -0.3198 0.6283
vn -0.0997 0.7715 0.6283
vn 0.7258 -0.4684 0.5038
vn 0.0482 0.6783 0.7332
vn 0.7159 -0.5941 0.3667
vn 0.2001 0.5512 0.8100
vn 0.6829 -0.6958 0.2224
vn 0.3469 0.3945 0.8509
vn -0.5571 0.8271 0.0745
vn 0.6293 -0.7735 0.0745
vn 0.4784 0.2172 0.8509
vn -0.4672 0.8557 0.2224
vn 0.5856 0.0312 0.8100
vn -0.3602 0.8578 0.3667
vn 0.6533 -0.7095 0.2640
vn 0.2290 0.2951 0.9276
vn -0.5650 0.8202 0.0890
vn 0.6205 -0.7792 0.0890
vn 0.3489 0.1333 0.9276
vn -0.4889 0.8314 0.2640
vn 0.4545 -0.0335 0.8901
vn -0.3942 0.8120 0.4303
vn 0.5412 -0.1980 0.8172
vn -0.2840 0.7621 0.5819
vn 0.6059 -0.3533 0.7128
vn -0.1618 0.6824 0.7128
vn 0.6465 -0.4933 0.5819
vn -0.0321 0.5754 0.8172
vn 0.6623 -0.6133 0.4303
vn 0.1001 0.4446 0.8901
vn -0.3357 0.6953 0.6355
vn 0.5074 -0.3918 0.7675
vn -0.2273 0.5994 0.7675
vn 0.5676 -0.5234 0.6355
vn -0.1123 0.4828 0.8685
vn 0.6065 -0.6367 0.4762
vn 0.0052 0.3503 0.9366
vn 0.6214 -0.7258 0.2952
vn 0.1214 0.2066 0.9709
vn -0.5741 0.8127 0.1000
vn 0.6106 -0.7856 0.1000
vn 0.2329 0.0561 0.9709
vn -0.5137 0.8056 0.2952
vn 0.3366 -0.0969 0.9366
vn -0.4327 0.7655 0.4762
vn 0.4293 -0.2478 0.8685
vn 0.0218 0.1272 0.9916
vn -0.5839 0.8047 0.1072
vn 0.6001 -0.7927 0.1072
vn 0.1280 -0.0161 0.9916
vn -0.5411 0.7797 0.3151
vn 0.2308 -0.1598 0.9598
vn -0.4752 0.7208 0.5046
vn 0.3279 -0.3010 0.8955
vn -0.3916 0.6337 0.6671
vn 0.4164 -0.4357 0.7980
vn -0.2958 0.5251 0.7980
vn 0.4924 -0.5590 0.6671
vn -0.1926 0.4013 0.8955
vn 0.5515 -0.6643 0.5046
vn -0.0858 0.2674 0.9598
vn 0.5887 -0.7444 0.3151
vn 0.3332 -0.4855 0.8082
vn -0.3676 0.4600 0.8082
vn 0.4226 -0.6004 0.6789
vn -0.2743 0.3299 0.9033
vn 0.4990 -0.6962 0.5160
vn -0.1752 0.1935 0.9653
vn 0.5566 -0.7652 0.3235
vn -0.0730 0.0542 0.9959
vn -0.5942 0.7967 0.1103
vn 0.5895 -0.8002 0.1103
vn 0.0306 -0.0856 0.9959
vn -0.5703 0.7550 0.3235
vn 0.1342 -0.2239 0.9653
vn -0.5210 0.6799 0.5160
vn 0.2359 -0.3584 0.9033
vn -0.4515 0.5789 0.6789
vn 0.5791 -0.8079 0.1092
vn -0.0628 -0.1549 0.9859
vn -0.6007 0.7325 0.3203
vn 0.0436 -0.2911 0.9557
vn -0.5694 0.6440 0.5109
vn 0.1511 -0.4212 0.8943
vn -0.5152 0.5317 0.6722
vn 0.2574 -0.5417 0.8002
vn -0.4435 0.4038 0.8002
vn 0.3589 -0.6476 0.6722
vn -0.3591 0.2670 0.8943
vn 0.4506 -0.7321 0.5109
vn -0.2658 0.1263 0.9557
vn 0.5262 -0.7877 0.3203
vn -0.1665 -0.0151 0.9859
vn -0.6045 0.7890 0.1092
vn 0.3015 -0.7005 0.6468
vn -0.4488 0.2114 0.8683
vn 0.4071 -0.7713 0.4893
vn -0.3604 0.0638 0.9306
vn 0.4985 -0.8113 0.3055
vn -0.2619 -0.0831 0.9615
vn -0.6146 0.7820 0.1040
vn 0.5694 -0.8154 0.1040
vn -0.1557 -0.2264 0.9615
vn -0.6312 0.7129 0.3055
vn -0.0438 -0.3634 0.9306
vn -0.6196 0.6138 0.4893
vn 0.0717 -0.4909 0.8683
vn -0.5825 0.4922 0.6468
vn 0.1881 -0.6050 0.7737
vn -0.5241 0.3559 0.7737
vn -0.6608 0.6966 0.2795
vn -0.1302 -0.4429 0.8871
vn -0.6701 0.5895 0.4510
vn -0.0036 -0.5687 0.8225
vn -0.6524 0.4605 0.6019
vn 0.1249 -0.6754 0.7268
vn -0.6099 0.3159 0.7268
vn 0.2509 -0.7582 0.6019
vn -0.5452 0.1619 0.8225
vn 0.3692 -0.8126 0.4510
vn -0.4617 0.0042 0.8871
vn 0.4743 -0.8348 0.2795
vn -0.3625 -0.1521 0.9195
vn -0.6239 0.7757 0.0947
vn 0.5607 -0.8226 0.0947
vn -0.2510 -0.3026 0.9195
vn -0.6487 0.1183 0.7518
vn 0.3376 -0.8540 0.3958
vn -0.5716 -0.0533 0.8188
vn 0.4541 -0.8572 0.2429
vn -0.4710 -0.2238 0.8533
vn -0.6322 0.7705 0.0818
vn 0.5533 -0.8289 0.0818
vn -0.3511 -0.3855 0.8533
vn -0.6881 0.6838 0.2429
vn -0.2172 -0.5314 0.8188
vn -0.7189 0.5713 0.3958
vn -0.0755 -0.6551 0.7518
vn -0.7231 0.4366 0.5353
vn 0.0680 -0.7520 0.6557
vn -0.6997 0.2837 0.6557
vn 0.2074 -0.8188 0.5353
vn -0.3047 -0.6287 0.7155
vn -0.7633 0.5590 0.3239
vn -0.1429 -0.7484 0.6476
vn -0.7908 0.4202 0.4450
vn 0.0186 -0.8316 0.5550
vn -0.7903 0.2596 0.5550
vn 0.1721 -0.8788 0.4450
vn -0.7576 0.0810 0.6476
vn 0.3129 -0.8928 0.3239
vn -0.6901 -0.1087 0.7155
vn 0.4385 -0.8770 0.1965
vn -0.5882 -0.2986 0.7516
vn -0.6390 0.7664 0.0658
vn 0.5475 -0.8342 0.0658
vn -0.4568 -0.4760 0.7516
vn -0.7116 0.6746 0.1964
vn 0.2958 -0.9256 0.2363
vn -0.8112 -0.1593 0.5626
vn 0.4277 -0.8928 0.1417
vn -0.7096 -0.3737 0.5973
vn -0.6440 0.7636 0.0472
vn 0.5433 -0.8382 0.0472
vn -0.5639 -0.5703 0.5973
vn -0.7298 0.6688 0.1417
vn -0.3883 -0.7298 0.5626
vn -0.7996 0.5521 0.2363
vn -0.2020 -0.8420 0.5002
vn -0.8497 0.4112 0.3299
vn -0.0207 -0.9074 0.4198
vn -0.8742 0.2441 0.4198
vn 0.1463 -0.9326 0.3299
vn -0.8644 0.0516 0.5002
vn -0.8240 0.5501 0.1357
vn -0.2452 -0.9211 0.3026
vn -0.8922 0.4088 0.1921
vn -0.0459 -0.9675 0.2488
vn -0.9390 0.2374 0.2488
vn 0.1317 -0.9725 0.1921
vn -0.9525 0.0333 0.3026
vn 0.2867 -0.9484 0.1357
vn -0.9167 -0.1984 0.3469
vn 0.4219 -0.9030 0.0807
vn -0.8179 -0.4384 0.3727
vn -0.6469 0.7621 0.0268
vn 0.5410 -0.8406 0.0268
vn -0.6573 -0.6550 0.3727
vn -0.7413 0.6663 0.0807
vn -0.4564 -0.8194 0.3469
vn -0.9740 -0.2149 0.0717
vn 0.4214 -0.9068 0.0159
vn -0.8780 -0.4724 0.0777
vn -0.6477 0.7619 0.0052
vn 0.5406 -0.8413 0.0052
vn -0.7073 -0.7026 0.0777
vn -0.7450 0.6668 0.0159
vn -0.4889 -0.8694 0.0717
vn -0.8333 0.5522 0.0268
vn -0.2618 -0.9632 0.0617
vn -0.9103 0.4122 0.0383
vn -0.0526 -0.9974 0.0501
vn -0.9695 0.2398 0.0501
vn 0.1296 -0.9908 0.0383
vn -0.9977 0.0297 0.0617
vn 0.2860 -0.9579 0.0268
vn -0.2442 -0.9502 -0.1936
vn -0.8995 0.4202 -0.1200
vn -0.0384 -0.9868 -0.1572
vn -0.9553 0.2503 -0.1572
vn 0.1405 -0.9828 -0.1200
vn -0.9801 0.0426 -0.1936
vn 0.2936 -0.9522 -0.0841
vn -0.9537 -0.1999 -0.2249
vn 0.4259 -0.9034 -0.0498
vn -0.8559 -0.4560 -0.2437
vn -0.6462 0.7630 -0.0164
vn 0.5421 -0.8401 -0.0165
vn -0.6852 -0.6863 -0.2437
vn -0.7405 0.6702 -0.0498
vn -0.4685 -0.8543 -0.2249
vn -0.8257 0.5578 -0.0842
vn 0.4352 -0.8932 -0.1132
vn -0.7565 -0.3929 -0.5228
vn -0.6425 0.7654 -0.0375
vn 0.5454 -0.8373 -0.0375
vn -0.5959 -0.6095 -0.5228
vn -0.7280 0.6762 -0.1132
vn -0.3993 -0.7770 -0.4866
vn -0.8016 0.5667 -0.1904
vn -0.1953 -0.8841 -0.4245
vn -0.8605 0.4323 -0.2695
vn -0.0049 -0.9371 -0.3491
vn -0.8980 0.2678 -0.3491
vn 0.1633 -0.9490 -0.2695
vn -0.9027 0.0702 -0.4245
vn 0.3091 -0.9318 -0.1904
vn -0.8595 -0.1561 -0.4866
vn 0.0429 -0.8603 -0.5081
vn -0.8106 0.2912 -0.5080
vn 0.1963 -0.8955 -0.3993
vn -0.7886 0.1078 -0.6054
vn 0.3316 -0.8990 -0.2860
vn -0.7260 -0.0961 -0.6810
vn 0.4491 -0.8768 -0.1715
vn -0.6191 -0.3066 -0.7230
vn -0.6368 0.7689 -0.0571
vn 0.5505 -0.8329 -0.0571
vn -0.4734 -0.5032 -0.7230
vn -0.7083 0.6847 -0.1715
vn -0.3031 -0.6666 -0.6810
vn -0.7638 0.5787 -0.2860
vn -0.1262 -0.7859 -0.6054
vn -0.7998 0.4482 -0.3993
vn -0.6294 0.7735 -0.0745
vn 0.5571 -0.8271 -0.0745
vn -0.3469 -0.3945 -0.8509
vn -0.6829 0.6958 -0.2224
vn -0.2001 -0.5512 -0.8100
vn -0.7159 0.5941 -0.3667
vn -0.0482 -0.6783 -0.7332
vn -0.7258 0.4684 -0.5038
vn 0.0997 -0.7715 -0.6284
vn -0.7092 0.3198 -0.6283
vn 0.2371 -0.8306 -0.5038
vn -0.6630 0.1511 -0.7332
vn 0.3602 -0.8578 -0.3667
vn -0.5856 -0.0312 -0.8100
vn 0.4672 -0.8557 -0.2224
vn -0.4784 -0.2172 -0.8509
vn -0.6059 0.3533 -0.7128
vn 0.2840 -0.7621 -0.5819
vn -0.5412 0.1980 -0.8172
vn 0.3942 -0.8120 -0.4303
vn -0.4545 0.0335 -0.8901
vn 0.4889 -0.8314 -0.2640
vn -0.3489 -0.1333 -0.9276
vn -0.6205 0.7792 -0.0890
vn 0.5650 -0.8203 -0.0890
vn -0.2290 -0.2951 -0.9276
vn -0.6533 0.7095 -0.2640
vn -0.1001 -0.4446 -0.8901
vn -0.6623 0.6133 -0.4303
vn 0.0321 -0.5754 -0.8172
vn -0.6465 0.4933 -0.5819
vn 0.1618 -0.6824 -0.7128
vn -0.1214 -0.2066 -0.9709
vn -0.6214 0.7258 -0.2952
vn -0.0052 -0.3503 -0.9366
vn -0.6066 0.6367 -0.4762
vn 0.1123 -0.4828 -0.8685
vn -0.5676 0.5234 -0.6355
vn 0.2273 -0.5994 -0.7675
vn -0.5074 0.3918 -0.7675
vn 0.3357 -0.6953 -0.6355
vn -0.4293 0.2478 -0.8685
vn 0.4327 -0.7655 -0.4762
vn -0.3366 0.0969 -0.9366
vn 0.5137 -0.8056 -0.2952
vn -0.2329 -0.0561 -0.9709
vn -0.6106 0.7856 -0.1000
vn 0.5741 -0.8127 -0.1000
vn 0.3916 -0.6337 -0.6671
vn -0.3279 0.3010 -0.8955
vn 0.4752 -0.7208 -0.5046
vn -0.2308 0.1598 -0.9598
vn 0.5411 -0.7797 -0.3151
vn -0.1280 0.0161 -0.9916
vn -0.6001 0.7927 -0.1072
vn 0.5839 -0.8047 -0.1072
vn -0.0218 -0.1272 -0.9916
vn -0.5887 0.7444 -0.3151
vn 0.0858 -0.2674 -0.9598
vn -0.5515 0.6643 -0.5046
vn 0.1926 -0.4013 -0.8955
vn -0.4924 0.5590 -0.6671
vn 0.2958 -0.5251 -0.7980
vn -0.4164 0.4357 -0.7980
vn -0.5566 0.7652 -0.3235
vn 0.1752 -0.1935 -0.9653
vn -0.4990 0.6962 -0.5160
vn 0.2743 -0.3299 -0.9033
vn -0.4226 0.6003 -0.6789
vn 0.3676 -0.4600 -0.8082
vn -0.3332 0.4855 -0.8082
vn 0.4515 -0.5789 -0.6789
vn -0.2359 0.3584 -0.9033
vn 0.5210 -0.6799 -0.5160
vn -0.1342 0.2239 -0.9653
vn 0.5703 -0.7550 -0.3235
vn -0.0306 0.0856 -0.9959
vn -0.5895 0.8002 -0.1103
vn 0.5942 -0.7967 -0.1103
vn 0.0730 -0.0542 -0.9959
vn -0.1511 0.4212 -0.8943
vn 0.5694 -0.6440 -0.5109
vn -0.0436 0.2911 -0.9557
vn 0.6007 -0.7325 -0.3203
vn 0.0628 0.1549 -0.9859
vn -0.5791 0.8079 -0.1092
vn 0.6045 -0.7890 -0.1092
vn 0.1665 0.0151 -0.9859
vn -0.5262 0.7877 -0.3203
vn 0.2658 -0.1263 -0.9557
vn -0.4506 0.7321 -0.5109
vn 0.3591 -0.2670 -0.8943
vn -0.3589 0.6476 -0.6722
vn 0.4435 -0.4038 -0.8002
vn -0.2574 0.5417 -0.8002
vn 0.5152 -0.5317 -0.6722
vn 0.3604 -0.0638 -0.9306
vn -0.4071 0.7713 -0.4893
vn 0.4488 -0.2114 -0.8683
vn -0.3015 0.7005 -0.6468
vn 0.5241 -0.3559 -0.7737
vn -0.1881 0.6050 -0.7737
vn 0.5825 -0.4922 -0.6468
vn -0.0717 0.4909 -0.8683
vn 0.6196 -0.6138 -0.4893
vn 0.0438 0.3634 -0.9306
vn 0.6312 -0.7129 -0.3055
vn 0.1557 0.2264 -0.9615
vn -0.5694 0.8154 -0.1040
vn 0.6146 -0.7820 -0.1040
vn 0.2619 0.0831 -0.9615
vn -0.4985 0.8113 -0.3055
vn 0.6701 -0.5895 -0.4510
vn 0.1302 0.4429 -0.8871
vn 0.6608 -0.6966 -0.2795
vn 0.2510 0.3026 -0.9195
vn -0.5607 0.8226 -0.0947
vn 0.6239 -0.7757 -0.0947
vn 0.3625 0.1521 -0.9195
vn -0.4743 0.8348 -0.2795
vn 0.4617 -0.0042 -0.8871
vn -0.3692 0.8126 -0.4510
vn 0.5452 -0.1619 -0.8225
vn -0.2509 0.7582 -0.6019
vn 0.6099 -0.3159 -0.7268
vn -0.1249 0.6754 -0.7268
vn 0.6524 -0.4605 -0.6019
vn 0.0036 0.5687 -0.8225
vn 0.6487 -0.1183 -0.7518
vn -0.2074 0.8188 -0.5353
vn 0.6997 -0.2837 -0.6557
vn -0.0680 0.7520 -0.6557
vn 0.7231 -0.4366 -0.5353
vn 0.0755 0.6551 -0.7518
vn 0.7189 -0.5714 -0.3958
vn 0.2172 0.5314 -0.8188
vn 0.6881 -0.6838 -0.2429
vn 0.3511 0.3855 -0.8533
vn -0.5533 0.8289 -0.0818
vn 0.6322 -0.7705 -0.0818
vn 0.4710 0.2238 -0.8533
vn -0.4541 0.8572 -0.2429
vn 0.5716 0.0533 -0.8188
vn -0.3376 0.8540 -0.3958
vn 0.7116 -0.6746 -0.1964
vn 0.4568 0.4760 -0.7516
vn -0.5475 0.8342 -0.0658
vn 0.6390 -0.7664 -0.0658
vn 0.5882 0.2986 -0.7516
vn -0.4385 0.8770 -0.1964
vn 0.6901 0.1087 -0.7155
vn -0.3129 0.8928 -0.3239
vn 0.7576 -0.0810 -0.6476
vn -0.1721 0.8788 -0.4450
vn 0.7903 -0.2596 -0.5550
vn -0.0186 0.8316 -0.5550
vn 0.7908 -0.4202 -0.4450
vn 0.1429 0.7484 -0.6476
vn 0.7633 -0.5590 -0.3239
vn 0.3047 0.6287 -0.7155
vn -0.1463 0.9326 -0.3299
vn 0.8742 -0.2441 -0.4198
vn 0.0207 0.9074 -0.4198
vn 0.8497 -0.4112 -0.3299
vn 0.2020 0.8420 -0.5002
vn 0.7996 -0.5521 -0.2363
vn 0.3883 0.7298 -0.5626
vn 0.7298 -0.6688 -0.1417
vn 0.5639 0.5703 -0.5973
vn -0.5433 0.8382 -0.0472
vn 0.6440 -0.7636 -0.0472
vn 0.7096 0.3737 -0.5973
vn -0.4277 0.8928 -0.1417
vn 0.8112 0.1593 -0.5626
vn -0.2958 0.9256 -0.2363
vn 0.8644 -0.0516 -0.5002
vn 0.6573 0.6550 -0.3727
vn -0.5410 0.8406 -0.0268
vn 0.6469 -0.7621 -0.0268
vn 0.8179 0.4384 -0.3727
vn -0.4219 0.9030 -0.0807
vn 0.9167 0.1984 -0.3469
vn -0.2867 0.9484 -0.1357
vn 0.9525 -0.0333 -0.3026
vn -0.1317 0.9725 -0.1921
vn 0.9390 -0.2374 -0.2488
vn 0.0459 0.9675 -0.2488
vn 0.8922 -0.4088 -0.1921
vn 0.2452 0.9211 -0.3026
vn 0.8240 -0.5501 -0.1357
vn 0.4564 0.8194 -0.3469
vn 0.7413 -0.6663 -0.0807
vn 0.9695 -0.2398 -0.0501
vn 0.0526 0.9974 -0.0501
vn 0.9103 -0.4122 -0.0383
vn 0.2618 0.9632 -0.0617
vn 0.8333 -0.5522 -0.0268
vn 0.4889 0.8694 -0.0717
vn 0.7450 -0.6668 -0.0159
vn 0.7073 0.7026 -0.0777
vn -0.5406 0.8413 -0.0052
vn 0.6477 -0.7619 -0.0053
vn 0.8780 0.4724 -0.0777
vn -0.4214 0.9068 -0.0159
vn 0.9740 0.2149 -0.0717
vn -0.2860 0.9579 -0.0268
vn 0.9977 -0.0297 -0.0618
vn -0.1296 0.9908 -0.0383
vn -0.8700 -0.4781 0.1200
vn -0.1028 0.9822 0.1572
vn -0.9369 -0.3122 0.1572
vn 0.0759 0.9899 0.1200
vn -0.9753 -0.1066 0.1936
vn 0.2307 0.9694 0.0841
vn -0.9647 0.1370 0.2249
vn 0.3659 0.9293 0.0498
vn -0.8839 0.3991 0.2437
vn -0.5949 -0.8036 0.0165
vn 0.4860 0.8738 0.0165
vn -0.7287 0.6400 0.2437
vn -0.6951 -0.7172 0.0498
vn -0.5234 0.8218 0.2249
vn -0.7874 -0.6106 0.0841
vn -0.3059 0.9322 0.1936
vn -0.7629 -0.6179 0.1904
vn -0.2527 0.8694 0.4245
vn -0.8304 -0.4876 0.2695
vn -0.0662 0.9348 0.3491
vn -0.8786 -0.3260 0.3491
vn 0.1009 0.9577 0.2695
vn -0.8962 -0.1291 0.4245
vn 0.2474 0.9500 0.1904
vn -0.8679 0.0995 0.4866
vn 0.3759 0.9197 0.1132
vn -0.7806 0.3426 0.5228
vn -0.5911 -0.8057 0.0375
vn 0.4895 0.8712 0.0375
vn -0.6345 0.5692 0.5228
vn -0.6822 -0.7223 0.1132
vn -0.4493 0.7492 0.4866
vn -0.7307 0.0485 0.6810
vn 0.3908 0.9043 0.1715
vn -0.6379 0.2654 0.7230
vn -0.5852 -0.8089 0.0571
vn 0.4948 0.8671 0.0571
vn -0.5053 0.4712 0.7230
vn -0.6620 -0.7296 0.1715
vn -0.3461 0.6454 0.6810
vn -0.7243 -0.6274 0.2860
vn -0.1774 0.7759 0.6054
vn -0.7687 -0.4996 0.3993
vn -0.0135 0.8612 0.5080
vn -0.7898 -0.3436 0.5080
vn 0.1373 0.9065 0.3993
vn -0.7799 -0.1591 0.6054
vn 0.2720 0.9188 0.2860
vn -0.0925 0.6737 0.7332
vn -0.6936 -0.5149 0.5038
vn 0.0490 0.7764 0.6283
vn -0.6867 -0.3655 0.6284
vn 0.1823 0.8444 0.5038
vn -0.6517 -0.1942 0.7332
vn 0.3034 0.8795 0.3667
vn -0.5863 -0.0072 0.8100
vn 0.4102 0.8845 0.2224
vn -0.4916 0.1854 0.8509
vn -0.5774 -0.8131 0.0745
vn 0.5018 0.8618 0.0745
vn -0.3720 0.3710 0.8509
vn -0.6359 -0.7390 0.2224
vn -0.2358 0.5369 0.8100
vn -0.6755 -0.6397 0.3667
vn 0.4334 0.8616 0.2640
vn -0.3569 0.1102 0.9276
vn -0.5682 -0.8181 0.0890
vn 0.5102 0.8555 0.0890
vn -0.2478 0.2794 0.9276
vn -0.6055 -0.7507 0.2640
vn -0.1290 0.4371 0.8901
vn -0.6208 -0.6553 0.4303
vn -0.0057 0.5763 0.8172
vn -0.6129 -0.5346 0.5819
vn 0.1168 0.6916 0.7128
vn -0.5815 -0.3921 0.7128
vn 0.2335 0.7790 0.5819
vn -0.5271 -0.2330 0.8172
vn 0.3403 0.8361 0.4303
vn -0.4513 -0.0632 0.8901
vn -0.5322 -0.5594 0.6355
vn 0.1876 0.6130 0.7675
vn -0.4807 -0.4242 0.7675
vn 0.2895 0.7158 0.6355
vn -0.4121 -0.2754 0.8685
vn 0.3818 0.7921 0.4762
vn -0.3296 -0.1187 0.9366
vn 0.4599 0.8375 0.2952
vn -0.2361 0.0407 0.9709
vn -0.5579 -0.8239 0.1000
vn 0.5197 0.8485 0.1000
vn -0.1347 0.1982 0.9709
vn -0.5726 -0.7649 0.2952
vn -0.0281 0.3492 0.9366
vn -0.5636 -0.6750 0.4762
vn 0.0805 0.4891 0.8685
vn -0.1267 -0.0244 0.9916
vn -0.5470 -0.8302 0.1072
vn 0.5300 0.8412 0.1072
vn -0.0301 0.1255 0.9916
vn -0.5387 -0.7813 0.3151
vn 0.0681 0.2724 0.9598
vn -0.5068 -0.6989 0.5046
vn 0.1659 0.4130 0.8955
vn -0.4548 -0.5900 0.6671
vn 0.2608 0.5433 0.7980
vn -0.3870 -0.4620 0.7980
vn 0.3493 0.6580 0.6671
vn -0.3076 -0.3218 0.8955
vn 0.4270 0.7504 0.5046
vn -0.2199 -0.1746 0.9598
vn 0.4889 0.8134 0.3151
vn 0.3367 0.4831 0.8082
vn -0.3008 -0.5063 0.8082
vn 0.4127 0.6072 0.6789
vn -0.2119 -0.3730 0.9033
vn 0.4754 0.7126 0.5160
vn -0.1192 -0.2322 0.9653
vn 0.5197 0.7907 0.3235
vn -0.0250 -0.0874 0.9959
vn -0.5359 -0.8370 0.1103
vn 0.5408 0.8339 0.1103
vn 0.0693 0.0589 0.9959
vn -0.5053 -0.8000 0.3235
vn 0.1622 0.2045 0.9653
vn -0.4524 -0.7274 0.5160
vn 0.2521 0.3471 0.9033
vn -0.3825 -0.6267 0.6789
vn 0.5516 0.8269 0.1092
vn 0.1671 -0.0042 0.9859
vn -0.4735 -0.8205 0.3203
vn 0.2570 0.1434 0.9557
vn -0.4017 -0.7600 0.5109
vn 0.3408 0.2899 0.8943
vn -0.3158 -0.6697 0.6722
vn 0.4161 0.4319 0.8002
vn -0.2214 -0.5574 0.8002
vn 0.4794 0.5643 0.6722
vn -0.1232 -0.4302 0.8943
vn 0.5261 0.6799 0.5109
vn -0.0244 -0.2933 0.9557
vn 0.5515 0.7702 0.3203
vn 0.0728 -0.1505 0.9859
vn -0.5251 -0.8440 0.1092
vn 0.5491 0.5293 0.6468
vn -0.0394 -0.4945 0.8683
vn 0.5781 0.6530 0.4893
vn 0.0675 -0.3598 0.9306
vn 0.5832 0.7526 0.3055
vn 0.1702 -0.2158 0.9615
vn -0.5149 -0.8509 0.1040
vn 0.5621 0.8205 0.1040
vn 0.2668 -0.0658 0.9615
vn -0.4444 -0.8421 0.3055
vn 0.3555 0.0872 0.9306
vn -0.3558 -0.7963 0.4893
vn 0.4341 0.2403 0.8683
vn -0.2551 -0.7187 0.6468
vn 0.4997 0.3894 0.7737
vn -0.1481 -0.6160 0.7737
vn -0.4187 -0.8640 0.2795
vn 0.4604 0.0344 0.8871
vn -0.3153 -0.8350 0.4510
vn 0.5334 0.1972 0.8225
vn -0.2008 -0.7730 0.6019
vn 0.5879 0.3551 0.7268
vn -0.0804 -0.6821 0.7268
vn 0.6209 0.5022 0.6019
vn 0.0408 -0.5672 0.8225
vn 0.6301 0.6321 0.4510
vn 0.1589 -0.4335 0.8871
vn 0.6138 0.7383 0.2795
vn 0.2702 -0.2855 0.9195
vn -0.5057 -0.8575 0.0947
vn 0.5719 0.8149 0.0947
vn 0.3717 -0.1281 0.9195
vn 0.1182 -0.6488 0.7518
vn 0.6800 0.6172 0.3958
vn 0.2515 -0.5160 0.8188
vn 0.6419 0.7273 0.2429
vn 0.3755 -0.3618 0.8533
vn -0.4979 -0.8633 0.0818
vn 0.5804 0.8102 0.0818
vn 0.4846 -0.1925 0.8533
vn -0.3971 -0.8851 0.2429
vn 0.5739 -0.0158 0.8188
vn -0.2810 -0.8743 0.3958
vn 0.6396 0.1605 0.7518
vn -0.1534 -0.8306 0.5353
vn 0.6796 0.3289 0.6557
vn -0.0187 -0.7548 0.6557
vn 0.6930 0.4829 0.5353
vn 0.6958 -0.0633 0.7155
vn -0.2538 -0.9114 0.3239
vn 0.7507 0.1303 0.6476
vn -0.1142 -0.8882 0.4450
vn 0.7716 0.3108 0.5550
vn 0.0358 -0.8311 0.5550
vn 0.7616 0.4711 0.4450
vn 0.1915 -0.7375 0.6476
vn 0.7251 0.6077 0.3239
vn 0.3452 -0.6074 0.7155
vn 0.6660 0.7197 0.1964
vn 0.4869 -0.4451 0.7516
vn -0.4917 -0.8683 0.0658
vn 0.5875 0.8066 0.0658
vn 0.6065 -0.2595 0.7516
vn -0.3802 -0.9038 0.1964
vn 0.7617 0.6033 0.2363
vn 0.4353 -0.7028 0.5626
vn 0.6845 0.7151 0.1417
vn 0.6000 -0.5322 0.5973
vn -0.4873 -0.8719 0.0472
vn 0.5926 0.8041 0.0472
vn 0.7326 -0.3264 0.5973
vn -0.3684 -0.9188 0.1417
vn 0.8199 -0.1059 0.5626
vn -0.2346 -0.9429 0.2363
vn 0.8592 0.1080 0.5002
vn -0.0850 -0.9402 0.3299
vn 0.8564 0.3007 0.4198
vn 0.0800 -0.9041 0.4198
vn 0.8210 0.4659 0.3299
vn 0.2566 -0.8270 0.5002
vn -0.2241 -0.9651 0.1357
vn 0.9483 0.0955 0.3026
vn -0.0678 -0.9790 0.1921
vn 0.9215 0.2983 0.2488
vn 0.1091 -0.9624 0.2488
vn 0.8635 0.4663 0.1921
vn 0.3049 -0.9030 0.3026
vn 0.7862 0.6028 0.1357
vn 0.5091 -0.7877 0.3469
vn 0.6961 0.7134 0.0807
vn 0.6988 -0.6106 0.3727
vn -0.4849 -0.8742 0.0268
vn 0.5957 0.8028 0.0268
vn 0.8448 -0.3840 0.3727
vn -0.3620 -0.9287 0.0807
vn 0.9277 -0.1381 0.3469
vn 0.5447 -0.8356 0.0717
vn 0.6998 0.7141 0.0159
vn 0.7517 -0.6549 0.0777
vn -0.4844 -0.8748 0.0052
vn 0.5965 0.8026 0.0053
vn 0.9070 -0.4139 0.0777
vn -0.3612 -0.9324 0.0159
vn 0.9860 -0.1508 0.0717
vn -0.2227 -0.9745 0.0268
vn 0.9936 0.0948 0.0618
vn -0.0645 -0.9972 0.0383
vn 0.9518 0.3027 0.0501
vn 0.1177 -0.9918 0.0501
vn 0.8814 0.4708 0.0383
vn 0.3242 -0.9440 0.0618
vn 0.7954 0.6055 0.0268
vn 0.9753 0.1067 -0.1936
vn -0.0759 -0.9899 -0.1200
vn 0.9369 0.3122 -0.1572
vn 0.1028 -0.9822 -0.1572
vn 0.8700 0.4781 -0.1200
vn 0.3059 -0.9322 -0.1936
vn 0.7874 0.6106 -0.0842
vn 0.5234 -0.8218 -0.2249
vn 0.6951 0.7172 -0.0498
vn 0.7287 -0.6400 -0.2438
vn -0.4860 -0.8738 -0.0165
vn 0.5949 0.8036 -0.0165
vn 0.8839 -0.3991 -0.2438
vn -0.3659 -0.9293 -0.0498
vn 0.9647 -0.1370 -0.2249
vn -0.2307 -0.9694 -0.0841
vn 0.6822 0.7223 -0.1132
vn 0.6345 -0.5692 -0.5228
vn -0.4895 -0.8712 -0.0375
vn 0.5911 0.8057 -0.0375
vn 0.7806 -0.3426 -0.5228
vn -0.3759 -0.9197 -0.1132
vn 0.8679 -0.0995 -0.4866
vn -0.2474 -0.9500 -0.1904
vn 0.8962 0.1291 -0.4245
vn -0.1009 -0.9577 -0.2695
vn 0.8786 0.3260 -0.3491
vn 0.0662 -0.9348 -0.3491
vn 0.8304 0.4876 -0.2695
vn 0.2527 -0.8694 -0.4245
vn 0.7629 0.6179 -0.1904
vn 0.4493 -0.7492 -0.4866
vn 0.7898 0.3436 -0.5080
vn 0.0135 -0.8612 -0.5080
vn 0.7687 0.4996 -0.3993
vn 0.1774 -0.7759 -0.6054
vn 0.7243 0.6274 -0.2860
vn 0.3461 -0.6454 -0.6810
vn 0.6620 0.7296 -0.1715
vn 0.5053 -0.4712 -0.7230
vn -0.4948 -0.8671 -0.0571
vn 0.5852 0.8089 -0.0571
vn 0.6379 -0.2654 -0.7230
vn -0.3908 -0.9043 -0.1715
vn 0.7307 -0.0485 -0.6810
vn -0.2720 -0.9188 -0.2860
vn 0.7799 0.1591 -0.6054
vn -0.1373 -0.9065 -0.3993
vn -0.5018 -0.8618 -0.0745
vn 0.5774 0.8131 -0.0745
vn 0.4916 -0.1854 -0.8509
vn -0.4102 -0.8845 -0.2224
vn 0.5863 0.0072 -0.8100
vn -0.3034 -0.8795 -0.3667
vn 0.6517 0.1942 -0.7332
vn -0.1823 -0.8444 -0.5038
vn 0.6867 0.3655 -0.6284
vn -0.0490 -0.7764 -0.6284
vn 0.6936 0.5149 -0.5038
vn 0.0925 -0.6737 -0.7332
vn 0.6755 0.6397 -0.3667
vn 0.2358 -0.5369 -0.8100
vn 0.6359 0.7390 -0.2224
vn 0.3720 -0.3710 -0.8509
vn -0.1168 -0.6916 -0.7128
vn 0.6129 0.5346 -0.5819
vn 0.0057 -0.5763 -0.8172
vn 0.6208 0.6553 -0.4303
vn 0.1290 -0.4371 -0.8901
vn 0.6055 0.7507 -0.2640
vn 0.2478 -0.2794 -0.9276
vn -0.5102 -0.8554 -0.0890
vn 0.5682 0.8181 -0.0890
vn 0.3569 -0.1102 -0.9276
vn -0.4334 -0.8616 -0.2640
vn 0.4513 0.0632 -0.8901
vn -0.3403 -0.8361 -0.4303
vn 0.5271 0.2330 -0.8172
vn -0.2335 -0.7790 -0.5819
vn 0.5815 0.3921 -0.7128
vn 0.2361 -0.0407 -0.9709
vn -0.4599 -0.8375 -0.2952
vn 0.3296 0.1187 -0.9366
vn -0.3818 -0.7921 -0.4762
vn 0.4121 0.2754 -0.8685
vn -0.2895 -0.7158 -0.6355
vn 0.4807 0.4242 -0.7675
vn -0.1876 -0.6130 -0.7675
vn 0.5322 0.5594 -0.6355
vn -0.0805 -0.4891 -0.8685
vn 0.5636 0.6750 -0.4762
vn 0.0281 -0.3492 -0.9366
vn 0.5726 0.7648 -0.2952
vn 0.1347 -0.1982 -0.9709
vn -0.5197 -0.8485 -0.1000
vn 0.5579 0.8239 -0.1000
vn 0.4548 0.5900 -0.6671
vn -0.1659 -0.4130 -0.8955
vn 0.5068 0.6989 -0.5046
vn -0.0681 -0.2724 -0.9598
vn 0.5387 0.7813 -0.3151
vn 0.0301 -0.1255 -0.9916
vn -0.5300 -0.8412 -0.1072
vn 0.5470 0.8302 -0.1072
vn 0.1267 0.0244 -0.9916
vn -0.4889 -0.8134 -0.3151
vn 0.2199 0.1746 -0.9598
vn -0.4270 -0.7504 -0.5046
vn 0.3076 0.3218 -0.8955
vn -0.3493 -0.6580 -0.6671
vn 0.3870 0.4620 -0.7980
vn -0.2608 -0.5433 -0.7980
vn -0.5197 -0.7907 -0.3235
vn 0.1192 0.2322 -0.9653
vn -0.4754 -0.7126 -0.5160
vn 0.2119 0.3730 -0.9033
vn -0.4127 -0.6072 -0.6789
vn 0.3008 0.5063 -0.8082
vn -0.3367 -0.4831 -0.8082
vn 0.3825 0.6267 -0.6789
vn -0.2521 -0.3471 -0.9033
vn 0.4524 0.7273 -0.5160
vn -0.1622 -0.2045 -0.9653
vn 0.5053 0.8000 -0.3235
vn -0.0693 -0.0589 -0.9959
vn -0.5408 -0.8339 -0.1103
vn 0.5359 0.8370 -0.1103
vn 0.0250 0.0874 -0.9959
vn -0.3408 -0.2899 -0.8943
vn 0.4017 0.7600 -0.5109
vn -0.2570 -0.1434 -0.9557
vn 0.4735 0.8205 -0.3203
vn -0.1671 0.0042 -0.9859
vn -0.5516 -0.8269 -0.1092
vn 0.5251 0.8440 -0.1092
vn -0.0728 0.1505 -0.9859
vn -0.5515 -0.7702 -0.3203
vn 0.0244 0.2933 -0.9557
vn -0.5261 -0.6799 -0.5109
vn 0.1232 0.4302 -0.8943
vn -0.4794 -0.5643 -0.6722
vn 0.2214 0.5574 -0.8002
vn -0.4161 -0.4319 -0.8002
vn 0.3158 0.6697 -0.6722
vn -0.0675 0.3598 -0.9306
vn -0.5781 -0.6530 -0.4893
vn 0.0394 0.4945 -0.8683
vn -0.5491 -0.5293 -0.6468
vn 0.1481 0.6160 -0.7737
vn -0.4997 -0.3894 -0.7737
vn 0.2551 0.7187 -0.6468
vn -0.4341 -0.2403 -0.8683
vn 0.3558 0.7963 -0.4893
vn -0.3555 -0.0872 -0.9306
vn 0.4444 0.8421 -0.3055
vn -0.2668 0.0658 -0.9615
vn -0.5621 -0.8205 -0.1040
vn 0.5149 0.8509 -0.1040
vn -0.1702 0.2158 -0.9615
vn -0.5832 -0.7526 -0.3055
vn 0.3153 0.8350 -0.4510
vn -0.4604 -0.0344 -0.8871
vn 0.4187 0.8640 -0.2795
vn -0.3717 0.1281 -0.9195
vn -0.5719 -0.8149 -0.0947
vn 0.5057 0.8575 -0.0947
vn -0.2702 0.2855 -0.9195
vn -0.6138 -0.7383 -0.2795
vn -0.1589 0.4335 -0.8871
vn -0.6301 -0.6321 -0.4510
vn -0.0408 0.5672 -0.8225
vn -0.6209 -0.5022 -0.6019
vn 0.0804 0.6821 -0.7268
vn -0.5879 -0.3551 -0.7268
vn 0.2008 0.7730 -0.6019
vn -0.5334 -0.1972 -0.8225
vn -0.1182 0.6488 -0.7518
vn -0.6930 -0.4829 -0.5353
vn 0.0187 0.7548 -0.6557
vn -0.6796 -0.3289 -0.6557
vn 0.1534 0.8306 -0.5353
vn -0.6396 -0.1605 -0.7518
vn 0.2810 0.8743 -0.3958
vn -0.5739 0.0158 -0.8188
vn 0.3971 0.8851 -0.2429
vn -0.4846 0.1925 -0.8533
vn -0.5804 -0.8102 -0.0818
vn 0.4979 0.8633 -0.0818
vn -0.3755 0.3618 -0.8533
vn -0.6419 -0.7273 -0.2429
vn -0.2515 0.5160 -0.8188
vn -0.6800 -0.6172 -0.3958
vn 0.3802 0.9038 -0.1965
vn -0.6065 0.2595 -0.7516
vn -0.5875 -0.8066 -0.0658
vn 0.4917 0.8683 -0.0658
vn -0.4869 0.4451 -0.7516
vn -0.6660 -0.7197 -0.1965
vn -0.3452 0.6074 -0.7155
vn -0.7251 -0.6077 -0.3239
vn -0.1915 0.7375 -0.6476
vn -0.7616 -0.4711 -0.4450
vn -0.0358 0.8311 -0.5550
vn -0.7716 -0.3108 -0.5550
vn 0.1142 0.8882 -0.4450
vn -0.7507 -0.1303 -0.6476
vn 0.2538 0.9114 -0.3239
vn -0.6958 0.0633 -0.7155
vn -0.8210 -0.4659 -0.3299
vn -0.0800 0.9041 -0.4198
vn -0.8564 -0.3007 -0.4198
vn 0.0850 0.9402 -0.3299
vn -0.8592 -0.1080 -0.5002
vn 0.2346 0.9429 -0.2363
vn -0.8199 0.1059 -0.5626
vn 0.3684 0.9188 -0.1417
vn -0.7326 0.3264 -0.5973
vn -0.5926 -0.8041 -0.0472
vn 0.4873 0.8719 -0.0472
vn -0.6000 0.5322 -0.5973
vn -0.6845 -0.7151 -0.1417
vn -0.4353 0.7028 -0.5626
vn -0.7617 -0.6033 -0.2363
vn -0.2566 0.8270 -0.5002
vn -0.8448 0.3840 -0.3727
vn -0.5957 -0.8028 -0.0268
vn 0.4849 0.8742 -0.0267
vn -0.6988 0.6106 -0.3727
vn -0.6961 -0.7134 -0.0807
vn -0.5091 0.7877 -0.3469
vn -0.7863 -0.6028 -0.1357
vn -0.3049 0.9030 -0.3026
vn -0.8635 -0.4663 -0.1921
vn -0.1091 0.9624 -0.2488
vn -0.9215 -0.2983 -0.2488
vn 0.0678 0.9790 -0.1921
vn -0.9483 -0.0955 -0.3026
vn 0.2241 0.9651 -0.1357
vn -0.9277 0.1381 -0.3469
vn 0.3620 0.9287 -0.0807
vn -0.1177 0.9918 -0.0501
vn -0.9518 -0.3027 -0.0501
vn 0.0645 0.9972 -0.0383
vn -0.9936 -0.0948 -0.0618
vn 0.2227 0.9745 -0.0268
vn -0.9860 0.1508 -0.0717
vn 0.3612 0.9324 -0.0159
vn -0.9070 0.4139 -0.0777
vn -0.5965 -0.8026 -0.0052
vn 0.4844 0.8748 -0.0052
vn -0.7517 0.6549 -0.0777
vn -0.6998 -0.7141 -0.0159
vn -0.5447 0.8356 -0.0717
vn -0.7954 -0.6055 -0.0268
vn -0.3242 0.9440 -0.0618
vn -0.8814 -0.4708 -0.0383
vn 0.0975 0.0976 -0.9904
vn 0.0975 -0.0975 -0.9904
vn 0.2231 -0.8810 -0.4173
vn 0.2230 0.8810 -0.4173
vn 0.2254 -0.9565 -0.1850
vn 0.4173 0.8810 0.2230
vn 0.4173 -0.8810 0.2231
vn 0.2571 -0.9565 0.1374
vn -0.0975 0.0975 0.9904
vn -0.0976 -0.0975 0.9904
vn -0.2231 -0.8810 0.4173
vn -0.2231 0.8810 0.4173
vn -0.2254 -0.9565 0.1850
vn -0.2254 0.9566 0.1850
vn -0.4173 -0.8810 0.2230
vn -0.9904 0.0975 0.0976
vn -0.9904 -0.0975 0.0975
vn -0.9904 0.0975 -0.0976
vn -0.9904 -0.0975 -0.0975
vn 0.1120 0.4680 -0.8766
vn 0.1120 -0.4681 -0.8766
vn 0.3612 0.1655 0.9177
vn -0.3530 -0.9320 -0.0826
vn -0.8363 0.1439 -0.5290
vn -0.1120 0.4680 -0.8766
vn -0.1120 -0.4681 -0.8766
vn 0.3530 -0.9320 0.0826
vn 0.2442 0.9502 0.1936
vn 0.9537 0.1998 0.2249
vn 0.8106 -0.2912 0.5080
vn 0.7092 -0.3198 0.6284
vn -0.0997 0.7715 0.6284
vn 0.6534 -0.7095 0.2640
vn -0.0321 0.5754 0.8173
vn 0.6066 -0.6367 0.4762
vn 0.4226 -0.6003 0.6789
vn -0.6098 0.3159 0.7268
vn -0.7189 0.5714 0.3958
vn 0.4385 -0.8770 0.1964
vn -0.7116 0.6746 0.1965
vn -0.3884 -0.7298 0.5626
vn -0.9977 0.0297 0.0618
vn -0.6852 -0.6863 -0.2438
vn 0.0429 -0.8603 -0.5080
vn -0.8106 0.2912 -0.5081
vn 0.0997 -0.7715 -0.6283
vn -0.7092 0.3198 -0.6284
vn 0.4889 -0.8315 -0.2640
vn 0.0321 -0.5754 -0.8173
vn 0.0858 -0.2673 -0.9598
vn -0.4226 0.6004 -0.6789
vn 0.6488 -0.1183 -0.7518
vn -0.4385 0.8770 -0.1965
vn 0.2618 0.9632 -0.0618
vn -0.5234 0.8219 0.2249
vn 0.0490 0.7764 0.6284
vn -0.6867 -0.3655 0.6283
vn -0.3824 -0.6267 0.6789
vn -0.2007 -0.7730 0.6019
vn -0.0805 -0.6821 0.7268
vn -0.3802 -0.9038 0.1965
vn 0.7863 0.6028 0.1357
vn 0.9936 0.0948 0.0617
vn 0.3242 -0.9440 0.0617
vn 0.9753 0.1066 -0.1936
vn 0.7874 0.6106 -0.0841
vn 0.7287 -0.6400 -0.2437
vn 0.8839 -0.3991 -0.2437
vn 0.0057 -0.5763 -0.8173
vn 0.5726 0.7649 -0.2952
vn -0.4270 -0.7503 -0.5046
vn 0.4524 0.7274 -0.5160
vn 0.3802 0.9038 -0.1964
vn -0.6660 -0.7197 -0.1964
vn -0.6998 -0.7142 -0.0159
vn -0.3242 0.9440 -0.0617
vt 0.432047 0.374830
vt 0.460998 0.345847
vt 0.460067 0.374520
vt 0.440058 0.662289
vt 0.465877 0.633962
vt 0.468078 0.661978
vt 0.459583 0.408107
vt 0.426635 0.408472
vt 0.774664 0.370450
vt 0.796370 0.404506
vt 0.774204 0.402310
vt 0.422956 0.445724
vt 0.459565 0.445318
vt 0.789130 0.439820
vt 0.773862 0.438308
vt 0.421149 0.485154
vt 0.460014 0.484724
vt 0.781435 0.477830
vt 0.773651 0.477059
vt 0.460911 0.524809
vt 0.421285 0.525248
vt 0.082331 0.377808
vt 0.121064 0.375909
vt 0.082129 0.383902
vt 0.773580 0.517076
vt 0.462224 0.564034
vt 0.423359 0.564464
vt 0.046122 0.384538
vt 0.045727 0.396491
vt 0.463901 0.600890
vt 0.427291 0.601295
vt 0.013829 0.395840
vt 0.013256 0.413194
vt 0.432930 0.634327
vt 0.500893 0.599689
vt 0.017002 0.429941
vt 0.499170 0.632881
vt 0.488380 0.373601
vt 0.496391 0.661059
vt 0.492876 0.407026
vt 0.830004 0.381488
vt 0.817684 0.410983
vt 0.496558 0.444118
vt 0.803811 0.444281
vt 0.499285 0.483449
vt 0.788919 0.480105
vt 0.500952 0.523510
vt 0.083445 0.389783
vt 0.501495 0.562759
vt 0.048307 0.408027
vt 0.837327 0.421490
vt 0.817342 0.451519
vt 0.532512 0.442168
vt 0.537454 0.481379
vt 0.795817 0.483794
vt 0.539869 0.521399
vt 0.086225 0.395225
vt 0.539664 0.560689
vt 0.053761 0.418702
vt 0.536848 0.597740
vt 0.024920 0.445438
vt 0.531528 0.631127
vt 0.483244 0.345125
vt 0.515899 0.372108
vt 0.523910 0.659567
vt 0.525234 0.405272
vt 0.855005 0.394861
vt 0.635011 0.039999
vt 0.682896 0.035160
vt 0.650875 0.059279
vt 0.015814 0.491782
vt 0.000810 0.474407
vt 0.622377 0.086573
vt 0.608886 0.070178
vt 0.541565 0.370100
vt 0.555414 0.402910
vt 0.876919 0.412851
vt 0.854545 0.435624
vt 0.566047 0.439544
vt 0.829201 0.461255
vt 0.573054 0.478594
vt 0.801863 0.488758
vt 0.576166 0.518559
vt 0.090365 0.400019
vt 0.575264 0.557904
vt 0.061881 0.428105
vt 0.570382 0.595116
vt 0.036709 0.459090
vt 0.806825 0.494804
vt 0.604717 0.475200
vt 0.608449 0.515099
vt 0.095704 0.403980
vt 0.752499 0.000000
vt 0.735549 0.043235
vt 0.717211 0.015144
vt 0.072354 0.435876
vt 0.700171 0.061621
vt 0.051913 0.470372
vt 0.666422 0.083093
vt 0.035166 0.506141
vt 0.635599 0.106826
vt 0.000000 0.524926
vt 0.022755 0.541810
vt 0.894903 0.434767
vt 0.868675 0.452843
vt 0.595872 0.436347
vt 0.838934 0.473115
vt 0.058122 0.516932
vt 0.648042 0.130156
vt 0.049749 0.554498
vt 0.608886 0.131908
vt 0.618662 0.150238
vt 0.045153 0.590106
vt 0.015159 0.576007
vt 0.879174 0.472484
vt 0.846167 0.486645
vt 0.805743 0.018401
vt 0.854120 0.043391
vt 0.823002 0.050762
vt 0.810512 0.501701
vt 0.771196 0.028641
vt 0.788794 0.061636
vt 0.102038 0.406957
vt 0.752808 0.075595
vt 0.084778 0.441716
vt 0.716429 0.092104
vt 0.069950 0.478850
vt 0.681054 0.110527
vt 0.838519 0.086149
vt 0.804614 0.097716
vt 0.109122 0.408835
vt 0.812782 0.509184
vt 0.768325 0.110982
vt 0.098676 0.445400
vt 0.731045 0.125437
vt 0.090126 0.484198
vt 0.694208 0.140526
vt 0.083801 0.523739
vt 0.659229 0.155669
vt 0.079944 0.562503
vt 0.627452 0.170283
vt 0.078704 0.599000
vt 0.850620 0.501322
vt 0.868736 0.076725
vt 0.668729 0.182383
vt 0.111215 0.526302
vt 0.112180 0.565516
vt 0.634916 0.191272
vt 0.114522 0.602348
vt 0.887823 0.515951
vt 0.852124 0.516585
vt 0.881149 0.111628
vt 0.851696 0.123202
vt 0.813549 0.516965
vt 0.818050 0.135495
vt 0.116686 0.409543
vt 0.781502 0.148035
vt 0.113512 0.446787
vt 0.743458 0.160341
vt 0.111665 0.486212
vt 0.705379 0.171938
vt 0.124438 0.409051
vt 0.812782 0.524744
vt 0.791834 0.185331
vt 0.128718 0.445824
vt 0.753191 0.195472
vt 0.133740 0.484813
vt 0.714138 0.203556
vt 0.139311 0.524521
vt 0.676178 0.209271
vt 0.145217 0.563423
vt 0.640769 0.212399
vt 0.151232 0.600022
vt 0.850620 0.531845
vt 0.118153 0.635382
vt 0.157123 0.632913
vt 0.862028 0.160497
vt 0.828584 0.173521
vt 0.167010 0.518466
vt 0.177787 0.556302
vt 0.681289 0.235301
vt 0.644785 0.232850
vt 0.187422 0.592110
vt 0.879174 0.559407
vt 0.846167 0.546518
vt 0.195542 0.624514
vt 0.810512 0.532224
vt 0.869118 0.196602
vt 0.835813 0.210333
vt 0.132080 0.407381
vt 0.798924 0.221435
vt 0.143708 0.442547
vt 0.759869 0.229482
vt 0.155502 0.480056
vt 0.720149 0.234164
vt 0.802499 0.254962
vt 0.157907 0.437082
vt 0.763236 0.261063
vt 0.176116 0.472122
vt 0.723179 0.262586
vt 0.193246 0.508369
vt 0.683867 0.259472
vt 0.208638 0.544429
vt 0.646810 0.251841
vt 0.221701 0.578918
vt 0.868675 0.579035
vt 0.838934 0.560038
vt 0.231933 0.610508
vt 0.806825 0.539117
vt 0.872693 0.230128
vt 0.839458 0.244516
vt 0.139318 0.404595
vt 0.876919 0.617271
vt 0.854545 0.596236
vt 0.252753 0.560951
vt 0.829201 0.571886
vt 0.264897 0.591435
vt 0.801863 0.545157
vt 0.238941 0.637988
vt 0.272551 0.618540
vt 0.145875 0.400801
vt 0.802421 0.284621
vt 0.170769 0.429640
vt 0.763163 0.289002
vt 0.194789 0.461318
vt 0.723113 0.287730
vt 0.217012 0.494618
vt 0.683811 0.280856
vt 0.236584 0.528260
vt 0.759653 0.312224
vt 0.181800 0.420506
vt 0.210803 0.448058
vt 0.719954 0.308630
vt 0.237394 0.477741
vt 0.681124 0.298629
vt 0.260551 0.508415
vt 0.855005 0.635233
vt 0.837327 0.610349
vt 0.279384 0.538900
vt 0.817342 0.581607
vt 0.293168 0.568026
vt 0.795817 0.550113
vt 0.301376 0.594673
vt 0.151499 0.396145
vt 0.078112 0.311439
vt 0.122866 0.301921
vt 0.116005 0.324459
vt 0.817684 0.620831
vt 0.803811 0.588828
vt 0.050129 0.269853
vt 0.028310 0.220832
vt 0.059718 0.242269
vt 0.788919 0.553794
vt 0.085107 0.288460
vt 0.094884 0.260335
vt 0.155972 0.390805
vt 0.132455 0.274336
vt 0.190575 0.410032
vt 0.170988 0.283735
vt 0.161955 0.309719
vt 0.223543 0.432852
vt 0.200873 0.311555
vt 0.209002 0.288170
vt 0.253610 0.458387
vt 0.245036 0.287470
vt 0.238123 0.307357
vt 0.279618 0.485657
vt 0.830004 0.648575
vt 0.300570 0.513613
vt 0.232520 0.416284
vt 0.182243 0.253996
vt 0.219131 0.261405
vt 0.265035 0.437300
vt 0.253650 0.264708
vt 0.293053 0.460861
vt 0.802876 0.656784
vt 0.796370 0.627281
vt 0.001865 0.196849
vt 0.039565 0.191093
vt 0.789130 0.593270
vt 0.071666 0.210698
vt 0.781435 0.556058
vt 0.107066 0.228145
vt 0.159125 0.384987
vt 0.144403 0.242765
vt 0.196759 0.398620
vt 0.052610 0.158741
vt 0.085515 0.176353
vt 0.773651 0.556820
vt 0.121186 0.193128
vt 0.160834 0.378914
vt 0.158251 0.208421
vt 0.200112 0.386708
vt 0.195288 0.221644
vt 0.237388 0.398991
vt 0.230871 0.232289
vt 0.271231 0.415290
vt 0.263635 0.239947
vt 0.300338 0.434980
vt 0.774664 0.659543
vt 0.774204 0.629449
vt 0.011995 0.170084
vt 0.773862 0.594764
vt 0.209622 0.187923
vt 0.243771 0.201941
vt 0.271959 0.393203
vt 0.274605 0.214138
vt 0.023735 0.140968
vt 0.010971 0.097909
vt 0.036635 0.110620
vt 0.746452 0.656748
vt 0.752038 0.627253
vt 0.066944 0.125020
vt 0.758593 0.593251
vt 0.100731 0.140555
vt 0.765867 0.556049
vt 0.136700 0.156628
vt 0.161035 0.372821
vt 0.173468 0.172623
vt 0.200506 0.374755
vt 0.237961 0.381637
vt 0.758383 0.553775
vt 0.116732 0.104679
vt 0.153014 0.120050
vt 0.159720 0.366940
vt 0.189468 0.136747
vt 0.197927 0.363219
vt 0.224693 0.154128
vt 0.234216 0.364890
vt 0.257336 0.171527
vt 0.267193 0.371888
vt 0.286141 0.188273
vt 0.022506 0.072044
vt 0.050199 0.080206
vt 0.719324 0.648506
vt 0.730724 0.620777
vt 0.082015 0.091225
vt 0.743912 0.588790
vt -0.000000 0.067053
vt 0.034163 0.047116
vt 0.297797 0.163346
vt 0.063906 0.050894
vt 0.694323 0.635132
vt 0.711080 0.610269
vt 0.097246 0.058656
vt 0.730381 0.581553
vt 0.132900 0.070104
vt 0.751485 0.550085
vt 0.169499 0.084797
vt 0.156939 0.361498
vt 0.205637 0.102171
vt 0.192472 0.352544
vt 0.239924 0.121559
vt 0.226297 0.349392
vt 0.271043 0.142215
vt 0.148616 0.038158
vt 0.185523 0.052226
vt 0.152800 0.356704
vt 0.745439 0.545121
vt 0.221352 0.070226
vt 0.184352 0.343141
vt 0.254728 0.091467
vt 0.214509 0.335741
vt 0.284366 0.115133
vt 0.009159 0.047467
vt 0.045493 0.024085
vt 0.309128 0.140314
vt 0.077229 0.023812
vt 0.672409 0.617142
vt 0.693863 0.596135
vt 0.112049 0.028564
vt 0.718522 0.571816
vt 0.319696 0.120064
vt 0.323615 0.080911
vt 0.362442 0.051700
vt 0.344172 0.085312
vt 0.654425 0.595227
vt 0.679733 0.578916
vt 0.125858 0.002106
vt 0.708789 0.559956
vt 0.163275 0.010070
vt 0.740477 0.539075
vt 0.200469 0.023587
vt 0.147461 0.352742
vt 0.236011 0.042138
vt 0.173879 0.335370
vt 0.268536 0.065008
vt 0.199304 0.324459
vt 0.296793 0.091321
vt 0.371017 0.019953
vt 0.344960 0.047958
vt 0.736790 0.532178
vt 0.319696 0.201443
vt 0.352518 0.244547
vt 0.322696 0.240287
vt 0.161455 0.329530
vt 0.280818 0.043200
vt 0.410247 0.000000
vt 0.401646 0.025307
vt 0.384753 0.022894
vt 0.307847 0.071694
vt 0.383943 0.054771
vt 0.633839 0.608262
vt 0.641062 0.570229
vt 0.369454 0.088923
vt 0.669233 0.559275
vt 0.358737 0.126450
vt 0.330645 0.122437
vt 0.701557 0.546427
vt 0.322380 0.161650
vt 0.352203 0.165910
vt 0.350103 0.205786
vt 0.141127 0.349765
vt 0.632833 0.543107
vt 0.662768 0.537966
vt 0.391001 0.129432
vt 0.697103 0.531749
vt 0.386454 0.169075
vt 0.734520 0.524695
vt 0.385025 0.209014
vt 0.134042 0.347887
vt 0.386769 0.247712
vt 0.147558 0.325846
vt 0.391620 0.283683
vt 0.359356 0.280701
vt 0.435247 0.002897
vt 0.421048 0.027100
vt 0.370353 0.312861
vt 0.399389 0.315545
vt 0.408636 0.057053
vt 0.618126 0.578867
vt 0.398491 0.091607
vt 0.132721 0.324459
vt 0.426815 0.285519
vt 0.449826 0.003658
vt 0.442212 0.028204
vt 0.431064 0.317197
vt 0.435573 0.058459
vt 0.436717 0.343478
vt 0.409780 0.342073
vt 0.430165 0.093259
vt 0.630054 0.514906
vt 0.660585 0.515808
vt 0.426196 0.131268
vt 0.695599 0.516486
vt 0.423817 0.171024
vt 0.733753 0.516915
vt 0.423120 0.211001
vt 0.126479 0.347180
vt 0.424132 0.249661
vt 0.462970 0.131888
vt 0.697103 0.501226
vt 0.462856 0.171683
vt 0.734520 0.509135
vt 0.462924 0.211672
vt 0.118727 0.347671
vt 0.463171 0.250319
vt 0.117516 0.325422
vt 0.463589 0.286139
vt 0.465058 0.003915
vt 0.464326 0.028577
vt 0.464160 0.317755
vt 0.463719 0.058933
vt 0.464863 0.343953
vt 0.463261 0.093817
vt 0.632833 0.486708
vt 0.662768 0.493653
vt 0.500528 0.285519
vt 0.480359 0.003658
vt 0.486539 0.028204
vt 0.497405 0.317197
vt 0.491992 0.058459
vt 0.493135 0.343478
vt 0.496506 0.093259
vt 0.641062 0.459597
vt 0.669233 0.472353
vt 0.499909 0.131268
vt 0.701557 0.486554
vt 0.502071 0.171024
vt 0.736790 0.501655
vt 0.502907 0.211001
vt 0.111085 0.349342
vt 0.502386 0.249661
vt 0.102526 0.328699
vt 0.708789 0.473034
vt 0.535595 0.129432
vt 0.539955 0.169075
vt 0.740477 0.494762
vt 0.541533 0.209013
vt 0.103846 0.352128
vt 0.540270 0.247712
vt 0.088327 0.334164
vt 0.536214 0.283683
vt 0.495141 0.002897
vt 0.507999 0.027100
vt 0.529521 0.315545
vt 0.519304 0.057053
vt 0.618126 0.448778
vt 0.654425 0.434616
vt 0.528623 0.091607
vt 0.679733 0.452725
vt 0.508835 0.001662
vt 0.527880 0.025307
vt 0.569275 0.280701
vt 0.559275 0.312861
vt 0.544608 0.054771
vt 0.633839 0.419403
vt 0.672409 0.412723
vt 0.558376 0.088923
vt 0.693863 0.435524
vt 0.568656 0.126450
vt 0.718522 0.461185
vt 0.575052 0.165910
vt 0.745439 0.488722
vt 0.577318 0.205786
vt 0.097289 0.355922
vt 0.575367 0.244547
vt 0.075465 0.341606
vt 0.597821 0.122437
vt 0.606013 0.161650
vt 0.730381 0.451464
vt 0.751485 0.483766
vt 0.608886 0.201443
vt 0.091666 0.360578
vt 0.606329 0.240287
vt 0.064434 0.350740
vt 0.598440 0.276689
vt 0.520915 0.000000
vt 0.545418 0.022894
vt 0.585523 0.309250
vt 0.566930 0.051700
vt 0.654986 0.393660
vt 0.694323 0.394760
vt 0.584624 0.085312
vt 0.711080 0.421411
vt 0.348461 0.631127
vt 0.360780 0.599689
vt 0.373071 0.632881
vt 0.382544 0.343953
vt 0.381142 0.373601
vt 0.360213 0.372108
vt 0.680754 0.372538
vt 0.719324 0.381419
vt 0.342167 0.405272
vt 0.366777 0.407026
vt 0.730724 0.410928
vt 0.356445 0.444118
vt 0.329099 0.442168
vt 0.743912 0.444244
vt 0.321512 0.481380
vt 0.350541 0.483449
vt 0.758383 0.480085
vt 0.319696 0.521399
vt 0.349295 0.523510
vt 0.087192 0.365918
vt 0.352752 0.562759
vt 0.323722 0.560689
vt 0.055658 0.361214
vt 0.333435 0.597740
vt 0.040414 0.346773
vt 0.027674 0.361979
vt 0.758593 0.439801
vt 0.765867 0.477821
vt 0.384185 0.484724
vt 0.383597 0.524809
vt 0.084040 0.371736
vt 0.386395 0.564034
vt 0.049475 0.372626
vt 0.392471 0.600890
vt 0.018697 0.378547
vt 0.401593 0.633962
vt 0.398987 0.345125
vt 0.405398 0.374520
vt 0.710152 0.356850
vt 0.746452 0.373210
vt 0.395299 0.408107
vt 0.752038 0.404479
vt 0.388136 0.445318
vt 0.742051 0.347198
vt 0.438983 0.346091
vt 0.703353 0.686200
vt 0.689484 0.670037
vt 0.698946 0.670217
vt 0.069092 0.663324
vt 0.082911 0.650071
vt 0.081229 0.664347
vt 0.521680 0.886646
vt 0.510584 0.897645
vt 0.510381 0.883433
vt 0.069708 0.680801
vt 0.079244 0.681605
vt 0.498343 0.896945
vt 0.498118 0.881154
vt 0.070464 0.700627
vt 0.077032 0.701181
vt 0.485600 0.896659
vt 0.485361 0.879895
vt 0.071330 0.722041
vt 0.074679 0.722323
vt 0.472846 0.896798
vt 0.472602 0.879706
vt 0.707910 0.725335
vt 0.707884 0.746982
vt 0.705300 0.725286
vt 0.072274 0.744219
vt 0.460330 0.880593
vt 0.460570 0.897357
vt 0.701260 0.704714
vt 0.706380 0.704812
vt 0.449018 0.882522
vt 0.449243 0.898313
vt 0.695920 0.686059
vt 0.068640 0.648867
vt 0.084226 0.639324
vt 0.688684 0.688309
vt 0.099650 0.644638
vt 0.096793 0.654853
vt 0.680275 0.672901
vt 0.093034 0.668414
vt 0.521853 0.898732
vt 0.511184 0.912205
vt 0.088519 0.684801
vt 0.499010 0.913123
vt 0.083421 0.703382
vt 0.486309 0.913834
vt 0.077936 0.723445
vt 0.473568 0.914310
vt 0.702759 0.726076
vt 0.461278 0.914532
vt 0.696276 0.706264
vt 0.449910 0.914492
vt 0.487458 0.930761
vt 0.089385 0.707146
vt 0.080976 0.725364
vt 0.474740 0.931568
vt 0.700385 0.727674
vt 0.462427 0.931458
vt 0.691619 0.709400
vt 0.450993 0.930436
vt 0.681924 0.692863
vt 0.899143 0.353398
vt 0.915690 0.354889
vt 0.903425 0.363240
vt 0.671671 0.678696
vt 0.109750 0.663031
vt 0.104053 0.675369
vt 0.661255 0.667446
vt 0.671372 0.660631
vt 0.097177 0.690264
vt 0.500093 0.929068
vt 0.919737 0.369008
vt 0.907067 0.375947
vt 0.664003 0.687201
vt 0.121285 0.674289
vt 0.113863 0.684943
vt 0.652239 0.677447
vt 0.104884 0.697787
vt 0.641058 0.670656
vt 0.651076 0.659543
vt 0.094694 0.712328
vt 0.489006 0.946788
vt 0.083682 0.728006
vt 0.476318 0.947909
vt 0.698269 0.730021
vt 0.463975 0.947486
vt 0.687469 0.714003
vt 0.932424 0.364703
vt 0.675899 0.699545
vt 0.099144 0.718728
vt 0.085951 0.731269
vt 0.955923 0.364552
vt 0.948085 0.381339
vt 0.944643 0.363199
vt 0.696494 0.733025
vt 0.935800 0.382495
vt 0.683986 0.719896
vt 0.922916 0.385767
vt 0.670842 0.708100
vt 0.909928 0.391030
vt 0.657566 0.698089
vt 0.894903 0.385254
vt 0.897336 0.398081
vt 0.644670 0.690250
vt 0.122087 0.696770
vt 0.111346 0.707079
vt 0.632648 0.684882
vt 0.501551 0.944166
vt 0.490891 0.961301
vt 0.652608 0.710941
vt 0.911899 0.407909
vt 0.899013 0.412436
vt 0.638839 0.705362
vt 0.128408 0.710394
vt 0.116312 0.717784
vt 0.626169 0.701674
vt 0.102565 0.726101
vt 0.615085 0.700019
vt 0.621962 0.682192
vt 0.087695 0.735027
vt 0.959299 0.382344
vt 0.950455 0.401640
vt 0.695126 0.736571
vt 0.938125 0.402406
vt 0.681302 0.726852
vt 0.925106 0.404522
vt 0.666946 0.718198
vt 0.961624 0.402255
vt 0.951664 0.423321
vt 0.694218 0.740523
vt 0.088847 0.739138
vt 0.939310 0.423670
vt 0.679522 0.734603
vt 0.926223 0.424554
vt 0.664361 0.729451
vt 0.912904 0.425937
vt 0.649318 0.725264
vt 0.899867 0.427767
vt 0.634971 0.722204
vt 0.132584 0.725292
vt 0.119594 0.729489
vt 0.621871 0.720388
vt 0.104825 0.734164
vt 0.610522 0.719885
vt 0.912904 0.444419
vt 0.899867 0.443485
vt 0.633214 0.740128
vt 0.134455 0.740892
vt 0.121063 0.741746
vt 0.619919 0.740304
vt 0.105838 0.742607
vt 0.608449 0.741028
vt 0.089364 0.743442
vt 0.962809 0.423520
vt 0.951664 0.445550
vt 0.693806 0.744728
vt 0.939310 0.445472
vt 0.678713 0.742852
vt 0.926223 0.445090
vt 0.663187 0.741427
vt 0.647824 0.740507
vt 0.089224 0.747774
vt 0.938125 0.466973
vt 0.693905 0.749026
vt 0.678907 0.751283
vt 0.925106 0.465344
vt 0.663469 0.753666
vt 0.911899 0.462647
vt 0.648182 0.756084
vt 0.899013 0.458986
vt 0.633635 0.758445
vt 0.120665 0.754083
vt 0.620387 0.760656
vt 0.105563 0.751105
vt 0.608946 0.762634
vt 0.961624 0.466822
vt 0.950455 0.467472
vt 0.133948 0.756594
vt 0.118414 0.766026
vt 0.636219 0.776451
vt 0.623258 0.780663
vt 0.104013 0.759331
vt 0.611994 0.783873
vt 0.088433 0.751968
vt 0.959299 0.487196
vt 0.948085 0.488245
vt 0.694511 0.753251
vt 0.935800 0.487347
vt 0.680096 0.759570
vt 0.922916 0.484535
vt 0.665195 0.765697
vt 0.909929 0.479919
vt 0.650379 0.771397
vt 0.897336 0.473675
vt 0.695601 0.757240
vt 0.682235 0.767396
vt 0.919737 0.501927
vt 0.668300 0.777059
vt 0.907067 0.495571
vt 0.654331 0.785857
vt 0.894903 0.486986
vt 0.640866 0.793454
vt 0.131083 0.771795
vt 0.114397 0.777116
vt 0.628421 0.799556
vt 0.101246 0.766971
vt 0.617475 0.803930
vt 0.087022 0.755862
vt 0.955923 0.505659
vt 0.944643 0.507070
vt 0.932424 0.505810
vt 0.647397 0.808801
vt 0.635678 0.816609
vt 0.097368 0.773729
vt 0.625180 0.822033
vt 0.085046 0.759308
vt 0.608449 0.806407
vt 0.616304 0.824865
vt 0.697134 0.760841
vt 0.928128 0.521654
vt 0.685241 0.774459
vt 0.915690 0.516852
vt 0.672664 0.787313
vt 0.903425 0.509003
vt 0.659886 0.798909
vt 0.135521 0.793014
vt 0.118805 0.798397
vt 0.125970 0.785910
vt 0.108767 0.786928
vt 0.910931 0.528735
vt 0.688999 0.780489
vt 0.678120 0.796067
vt 0.899143 0.519698
vt 0.666829 0.810050
vt 0.127096 0.807697
vt 0.109865 0.808777
vt 0.655562 0.821902
vt 0.101743 0.795083
vt 0.644751 0.831166
vt 0.092530 0.779346
vt 0.634811 0.837487
vt 0.082579 0.762171
vt 0.626124 0.840621
vt 0.699049 0.763915
vt 0.940263 0.523225
vt 0.923077 0.534269
vt 0.086916 0.783607
vt 0.655289 0.842668
vt 0.645999 0.849697
vt 0.079717 0.764343
vt 0.107656 0.838317
vt 0.121427 0.851398
vt 0.109030 0.850424
vt 0.701275 0.766344
vt 0.096340 0.851687
vt 0.094992 0.839813
vt 0.693364 0.785253
vt 0.083842 0.855138
vt 0.082572 0.843953
vt 0.684457 0.802984
vt 0.121640 0.828031
vt 0.104385 0.829159
vt 0.116583 0.819902
vt 0.674895 0.818854
vt 0.099491 0.816649
vt 0.665047 0.832253
vt 0.093593 0.801268
vt 0.698169 0.788569
vt 0.691433 0.807797
vt 0.072916 0.872573
vt 0.072018 0.860646
vt 0.683774 0.824980
vt 0.088084 0.821713
vt 0.675486 0.839458
vt 0.084630 0.805247
vt 0.666889 0.850673
vt 0.080742 0.786347
vt 0.658313 0.858195
vt 0.076570 0.765740
vt 0.122486 0.865467
vt 0.110110 0.864768
vt 0.703724 0.768034
vt 0.097399 0.865755
vt 0.084840 0.868391
vt 0.134737 0.882636
vt 0.123215 0.881189
vt 0.073258 0.766309
vt 0.110854 0.880798
vt 0.706304 0.768921
vt 0.098129 0.881478
vt 0.703229 0.790309
vt 0.085527 0.883201
vt 0.698779 0.810323
vt 0.073535 0.885902
vt 0.693123 0.828195
vt 0.090972 0.835113
vt 0.076082 0.823773
vt 0.686480 0.843238
vt 0.075200 0.806865
vt 0.679105 0.854873
vt 0.074246 0.787462
vt 0.085878 0.899000
vt 0.073850 0.900121
vt 0.702585 0.828374
vt 0.062587 0.836332
vt 0.063945 0.822749
vt 0.697606 0.843449
vt 0.065664 0.806061
vt 0.144976 0.885082
vt 0.135087 0.898435
vt 0.067678 0.786908
vt 0.123587 0.897962
vt 0.069910 0.766026
vt 0.111234 0.897899
vt 0.708914 0.768971
vt 0.098501 0.898250
vt 0.708350 0.790406
vt 0.706212 0.810464
vt 0.061289 0.784707
vt 0.066653 0.764904
vt 0.111234 0.915413
vt 0.711455 0.768181
vt 0.098501 0.915427
vt 0.713334 0.788856
vt 0.085878 0.915180
vt 0.713448 0.808214
vt 0.073850 0.914683
vt 0.711794 0.825511
vt 0.048706 0.831550
vt 0.052140 0.818682
vt 0.708435 0.840082
vt 0.056389 0.802865
vt 0.145291 0.899300
vt 0.135087 0.914615
vt 0.123587 0.915139
vt 0.035748 0.823372
vt 0.041121 0.811728
vt 0.718552 0.833267
vt 0.047731 0.797401
vt 0.145291 0.913862
vt 0.134737 0.930556
vt 0.055326 0.780943
vt 0.123215 0.932061
vt 0.063613 0.762985
vt 0.110854 0.932667
vt 0.713829 0.766582
vt 0.098129 0.932349
vt 0.717990 0.785720
vt 0.085527 0.931121
vt 0.720208 0.803661
vt 0.073535 0.929029
vt 0.720398 0.819716
vt 0.715944 0.764235
vt 0.060906 0.760344
vt 0.110110 0.948997
vt 0.097399 0.948366
vt 0.722140 0.781117
vt 0.084840 0.946208
vt 0.726233 0.796978
vt 0.072916 0.942607
vt 0.728066 0.811211
vt 0.024213 0.812114
vt 0.031311 0.802154
vt 0.826552 0.678192
vt 0.814024 0.674611
vt 0.816195 0.665525
vt 0.040023 0.789879
vt 0.144976 0.928208
vt 0.134049 0.945643
vt 0.050017 0.775761
vt 0.122486 0.948078
vt 0.824706 0.685919
vt 0.812122 0.686631
vt 0.023087 0.790327
vt 0.033562 0.780587
vt 0.800138 0.679608
vt 0.802253 0.666252
vt 0.045566 0.769361
vt 0.787599 0.675343
vt 0.789844 0.661164
vt 0.058637 0.757081
vt 0.774985 0.674000
vt 0.777274 0.659543
vt 0.717720 0.761231
vt 0.109030 0.963777
vt 0.096340 0.962862
vt 0.725624 0.775224
vt 0.083842 0.959863
vt 0.731290 0.788424
vt 0.072018 0.954897
vt 0.833888 0.699744
vt 0.823088 0.696142
vt 0.014543 0.798207
vt 0.762782 0.675630
vt 0.773107 0.691430
vt 0.760940 0.692725
vt 0.728307 0.768269
vt 0.751458 0.680171
vt 0.749723 0.696275
vt 0.735186 0.778326
vt 0.000000 0.786124
vt 0.007110 0.782187
vt 0.832616 0.707775
vt 0.821760 0.708466
vt 0.016766 0.776703
vt 0.810560 0.701123
vt 0.028595 0.769882
vt 0.798403 0.695711
vt 0.042145 0.761987
vt 0.785757 0.692438
vt 0.056893 0.753322
vt 0.719088 0.757685
vt 0.012590 0.761804
vt 0.025314 0.758177
vt 0.797114 0.713942
vt 0.039885 0.753924
vt 0.784388 0.711792
vt 0.055741 0.749212
vt 0.771712 0.711163
vt 0.719996 0.753734
vt 0.759571 0.712080
vt 0.730087 0.760517
vt 0.748434 0.714506
vt 0.737771 0.767072
vt 0.739887 0.701941
vt 0.738727 0.718349
vt 0.831573 0.717459
vt 0.820773 0.722420
vt 0.002200 0.764668
vt 0.809400 0.717531
vt 0.730896 0.752268
vt 0.758728 0.732950
vt 0.747640 0.734165
vt 0.839087 0.735306
vt 0.830320 0.740244
vt 0.830797 0.728422
vt 0.738012 0.736042
vt 0.820165 0.737467
vt 0.000000 0.746324
vt 0.010719 0.746204
vt 0.808685 0.735224
vt 0.023845 0.745920
vt 0.796320 0.733602
vt 0.038872 0.745482
vt 0.783546 0.732662
vt 0.055225 0.744907
vt 0.770852 0.732442
vt 0.720408 0.749528
vt 0.808444 0.753522
vt 0.796052 0.753933
vt 0.039147 0.736984
vt 0.783261 0.754246
vt 0.055365 0.740575
vt 0.770562 0.754449
vt 0.720309 0.745230
vt 0.758444 0.754533
vt 0.730702 0.743838
vt 0.747372 0.754496
vt 0.838647 0.751871
vt 0.830159 0.752470
vt 0.737771 0.754340
vt 0.819960 0.753028
vt 0.011226 0.730502
vt 0.024243 0.733583
vt 0.747640 0.774719
vt 0.838758 0.760247
vt 0.830320 0.764631
vt 0.738012 0.772539
vt 0.820165 0.768505
vt 0.000596 0.727861
vt 0.014091 0.715302
vt 0.808685 0.771721
vt 0.026494 0.721640
vt 0.796320 0.774155
vt 0.040697 0.728757
vt 0.783545 0.775714
vt 0.056155 0.736381
vt 0.770852 0.776337
vt 0.719703 0.741006
vt 0.758728 0.776001
vt 0.729513 0.735550
vt 0.043465 0.721118
vt 0.797114 0.793491
vt 0.784388 0.796241
vt 0.057566 0.732487
vt 0.771712 0.797266
vt 0.718613 0.737016
vt 0.759571 0.796528
vt 0.727374 0.727725
vt 0.748434 0.794055
vt 0.839087 0.768256
vt 0.830797 0.776258
vt 0.738727 0.789941
vt 0.820773 0.783304
vt 0.003965 0.709987
vt 0.019204 0.701186
vt 0.809400 0.789123
vt 0.030511 0.710549
vt 0.739887 0.805876
vt 0.831573 0.786906
vt 0.821760 0.796856
vt 0.009978 0.693389
vt 0.026369 0.688699
vt 0.810560 0.805058
vt 0.036140 0.700738
vt 0.798403 0.811197
vt 0.047342 0.714360
vt 0.785757 0.815038
vt 0.059543 0.729042
vt 0.773107 0.816431
vt 0.717080 0.733415
vt 0.760940 0.815325
vt 0.724368 0.720661
vt 0.749723 0.811761
vt 0.733832 0.719465
vt 0.729468 0.709210
vt 0.062009 0.726178
vt 0.787599 0.831383
vt 0.774985 0.833097
vt 0.715165 0.730341
vt 0.762782 0.831670
vt 0.720610 0.714631
vt 0.751458 0.827158
vt 0.724012 0.700457
vt 0.012547 0.671142
vt 0.028915 0.666501
vt 0.018402 0.678706
vt 0.832616 0.796165
vt 0.823088 0.808640
vt 0.035309 0.678320
vt 0.812122 0.818915
vt 0.043165 0.692583
vt 0.800138 0.826594
vt 0.052181 0.708743
vt 0.833888 0.803679
vt 0.824706 0.818204
vt 0.045683 0.670447
vt 0.814024 0.830160
vt 0.051315 0.686398
vt 0.802253 0.839090
vt 0.057795 0.704482
vt 0.789844 0.844648
vt 0.064871 0.724006
vt 0.777274 0.846622
vt 0.712939 0.727912
vt 0.765027 0.844935
vt 0.716245 0.709867
vt 0.753572 0.839653
vt 0.717675 0.693540
vt 0.024228 0.657580
vt 0.041113 0.657243
vt 0.473568 0.849367
vt 0.485600 0.864188
vt 0.472846 0.863690
vt 0.710490 0.726222
vt 0.068019 0.722609
vt 0.460570 0.864885
vt 0.461278 0.850837
vt 0.711440 0.706551
vt 0.449243 0.867726
vt 0.449910 0.854492
vt 0.710699 0.688726
vt 0.037782 0.647294
vt 0.054526 0.651289
vt 0.717174 0.679558
vt 0.708295 0.673431
vt 0.057090 0.665384
vt 0.511184 0.858207
vt 0.521853 0.875321
vt 0.510584 0.870117
vt 0.060278 0.682419
vt 0.499010 0.853124
vt 0.498343 0.866357
vt 0.063968 0.701742
vt 0.486309 0.850139
vt 0.052686 0.640679
vt 0.414600 0.688945
vt 0.400732 0.672783
vt 0.410193 0.672962
vt 0.204613 0.663324
vt 0.218432 0.650071
vt 0.216750 0.664347
vt 0.595026 0.886646
vt 0.583929 0.897645
vt 0.583726 0.883433
vt 0.205229 0.680801
vt 0.214765 0.681605
vt 0.571688 0.896945
vt 0.571463 0.881154
vt 0.205984 0.700627
vt 0.212553 0.701181
vt 0.558946 0.896659
vt 0.558707 0.879895
vt 0.206851 0.722041
vt 0.210199 0.722323
vt 0.546191 0.896798
vt 0.545947 0.879706
vt 0.419157 0.728080
vt 0.419131 0.749727
vt 0.416547 0.728031
vt 0.207794 0.744219
vt 0.533676 0.880593
vt 0.533915 0.897357
vt 0.412507 0.707460
vt 0.417627 0.707557
vt 0.522363 0.882522
vt 0.522588 0.898313
vt 0.407167 0.688805
vt 0.204161 0.648867
vt 0.219747 0.639324
vt 0.399931 0.691054
vt 0.235170 0.644638
vt 0.232313 0.654853
vt 0.391522 0.675646
vt 0.228555 0.668414
vt 0.595198 0.898732
vt 0.584529 0.912205
vt 0.224040 0.684800
vt 0.572355 0.913123
vt 0.218942 0.703382
vt 0.559654 0.913834
vt 0.213456 0.723445
vt 0.546913 0.914310
vt 0.414006 0.728821
vt 0.534623 0.914532
vt 0.407523 0.709009
vt 0.523255 0.914492
vt 0.560804 0.930761
vt 0.224905 0.707146
vt 0.216496 0.725364
vt 0.548085 0.931568
vt 0.411632 0.730420
vt 0.535773 0.931458
vt 0.402866 0.712146
vt 0.524338 0.930436
vt 0.393171 0.695608
vt 0.936334 0.815587
vt 0.952881 0.817078
vt 0.940616 0.825429
vt 0.382918 0.681441
vt 0.245270 0.663031
vt 0.239574 0.675368
vt 0.372502 0.670191
vt 0.382619 0.663376
vt 0.232698 0.690264
vt 0.573438 0.929068
vt 0.956927 0.831197
vt 0.944258 0.838136
vt 0.375250 0.689946
vt 0.256805 0.674289
vt 0.249384 0.684943
vt 0.363486 0.680192
vt 0.240405 0.697787
vt 0.352305 0.673401
vt 0.362323 0.662289
vt 0.230214 0.712327
vt 0.562351 0.946788
vt 0.219203 0.728006
vt 0.549663 0.947909
vt 0.409517 0.732766
vt 0.537320 0.947486
vt 0.398716 0.716749
vt 0.969615 0.826892
vt 0.387146 0.702290
vt 0.234665 0.718728
vt 0.221472 0.731268
vt 0.993114 0.826742
vt 0.985276 0.843528
vt 0.981834 0.825388
vt 0.407741 0.735770
vt 0.972991 0.844684
vt 0.395233 0.722641
vt 0.960107 0.847956
vt 0.382089 0.710845
vt 0.947119 0.853219
vt 0.368813 0.700834
vt 0.932094 0.847443
vt 0.934527 0.860270
vt 0.355917 0.692995
vt 0.257607 0.696770
vt 0.246866 0.707079
vt 0.343895 0.687627
vt 0.574896 0.944166
vt 0.564237 0.961301
vt 0.363855 0.713687
vt 0.949090 0.870098
vt 0.936204 0.874625
vt 0.350086 0.708107
vt 0.263929 0.710394
vt 0.251833 0.717784
vt 0.337416 0.704419
vt 0.238086 0.726101
vt 0.326332 0.702764
vt 0.333209 0.684937
vt 0.223216 0.735027
vt 0.996490 0.844533
vt 0.987646 0.863829
vt 0.406373 0.739316
vt 0.975316 0.864595
vt 0.392549 0.729597
vt 0.962297 0.866712
vt 0.378193 0.720943
vt 0.998815 0.864444
vt 0.988855 0.885511
vt 0.405465 0.743268
vt 0.224368 0.739138
vt 0.976501 0.885860
vt 0.390769 0.737348
vt 0.963414 0.886743
vt 0.375608 0.732196
vt 0.950095 0.888126
vt 0.360565 0.728009
vt 0.937058 0.889956
vt 0.346218 0.724949
vt 0.268105 0.725292
vt 0.255114 0.729489
vt 0.333118 0.723133
vt 0.240346 0.734164
vt 0.321769 0.722630
vt 0.950095 0.906609
vt 0.937058 0.905674
vt 0.344461 0.742873
vt 0.269976 0.740892
vt 0.256584 0.741746
vt 0.331166 0.743049
vt 0.241358 0.742607
vt 0.319696 0.743773
vt 0.224884 0.743442
vt 1.000000 0.885709
vt 0.988855 0.907740
vt 0.405053 0.747473
vt 0.976501 0.907661
vt 0.389960 0.745598
vt 0.963414 0.907280
vt 0.374434 0.744172
vt 0.359071 0.743252
vt 0.224744 0.747774
vt 0.975316 0.929162
vt 0.405152 0.751771
vt 0.390154 0.754028
vt 0.962297 0.927533
vt 0.374716 0.756411
vt 0.949090 0.924836
vt 0.359429 0.758830
vt 0.936204 0.921175
vt 0.344882 0.761190
vt 0.256186 0.754083
vt 0.331634 0.763401
vt 0.241084 0.751105
vt 0.320193 0.765379
vt 0.998815 0.929012
vt 0.987646 0.929662
vt 0.269469 0.756594
vt 0.253934 0.766026
vt 0.347466 0.779196
vt 0.334505 0.783408
vt 0.239533 0.759331
vt 0.323241 0.786619
vt 0.223954 0.751968
vt 0.996490 0.949385
vt 0.985276 0.950434
vt 0.405758 0.755996
vt 0.972991 0.949536
vt 0.391344 0.762315
vt 0.960107 0.946725
vt 0.376442 0.768443
vt 0.947119 0.942108
vt 0.361627 0.774142
vt 0.934527 0.935864
vt 0.406848 0.759985
vt 0.393482 0.770141
vt 0.956927 0.964117
vt 0.379547 0.779804
vt 0.944258 0.957761
vt 0.365578 0.788602
vt 0.932094 0.949175
vt 0.352113 0.796199
vt 0.266603 0.771795
vt 0.249917 0.777116
vt 0.339668 0.802301
vt 0.236766 0.766971
vt 0.328723 0.806675
vt 0.222543 0.755862
vt 0.993114 0.967849
vt 0.981834 0.969260
vt 0.969615 0.967999
vt 0.358644 0.811546
vt 0.346926 0.819354
vt 0.232889 0.773729
vt 0.336427 0.824778
vt 0.220566 0.759308
vt 0.319696 0.809152
vt 0.327552 0.827610
vt 0.408381 0.763586
vt 0.965320 0.983843
vt 0.396488 0.777204
vt 0.952881 0.979041
vt 0.383911 0.790058
vt 0.940616 0.971192
vt 0.371133 0.801654
vt 0.271041 0.793014
vt 0.254326 0.798397
vt 0.261490 0.785910
vt 0.244288 0.786928
vt 0.948122 0.990925
vt 0.400246 0.783234
vt 0.389367 0.798812
vt 0.936334 0.981887
vt 0.378077 0.812795
vt 0.262617 0.807697
vt 0.245385 0.808777
vt 0.366809 0.824647
vt 0.237263 0.795083
vt 0.355998 0.833911
vt 0.228050 0.779346
vt 0.346058 0.840232
vt 0.218100 0.762171
vt 0.337371 0.843366
vt 0.410296 0.766660
vt 0.977454 0.985414
vt 0.960268 0.996458
vt 0.222436 0.783607
vt 0.366536 0.845413
vt 0.357246 0.852442
vt 0.215238 0.764343
vt 0.180929 0.838317
vt 0.194699 0.851398
vt 0.182303 0.850424
vt 0.412522 0.769089
vt 0.169613 0.851686
vt 0.168264 0.839812
vt 0.404611 0.787998
vt 0.157115 0.855138
vt 0.155845 0.843953
vt 0.395704 0.805729
vt 0.257160 0.828031
vt 0.239906 0.829159
vt 0.252104 0.819902
vt 0.386142 0.821599
vt 0.235012 0.816649
vt 0.376294 0.834999
vt 0.229113 0.801268
vt 0.409416 0.791314
vt 0.402680 0.810542
vt 0.146189 0.872573
vt 0.145291 0.860646
vt 0.395021 0.827725
vt 0.223605 0.821713
vt 0.386734 0.842203
vt 0.220151 0.805246
vt 0.378137 0.853418
vt 0.216263 0.786347
vt 0.369560 0.860940
vt 0.212091 0.765740
vt 0.195759 0.865467
vt 0.183383 0.864768
vt 0.414971 0.770779
vt 0.170672 0.865755
vt 0.158113 0.868391
vt 0.208010 0.882636
vt 0.196488 0.881189
vt 0.208779 0.766309
vt 0.184127 0.880798
vt 0.417551 0.771666
vt 0.171402 0.881477
vt 0.414476 0.793054
vt 0.158800 0.883201
vt 0.410026 0.813068
vt 0.146807 0.885902
vt 0.404370 0.830940
vt 0.226492 0.835113
vt 0.211602 0.823773
vt 0.397727 0.845983
vt 0.210720 0.806865
vt 0.390352 0.857618
vt 0.209767 0.787462
vt 0.159151 0.899000
vt 0.147123 0.900121
vt 0.413832 0.831120
vt 0.198107 0.836332
vt 0.199465 0.822749
vt 0.408853 0.846194
vt 0.201184 0.806061
vt 0.218248 0.885081
vt 0.208360 0.898434
vt 0.203198 0.786908
vt 0.196860 0.897961
vt 0.205430 0.766026
vt 0.184507 0.897899
vt 0.420161 0.771716
vt 0.171774 0.898250
vt 0.419597 0.793151
vt 0.417459 0.813209
vt 0.196810 0.784707
vt 0.202173 0.764904
vt 0.184507 0.915413
vt 0.422702 0.770926
vt 0.171774 0.915427
vt 0.424581 0.791601
vt 0.159151 0.915180
vt 0.424695 0.810960
vt 0.147123 0.914683
vt 0.423041 0.828256
vt 0.184226 0.831550
vt 0.187660 0.818682
vt 0.419682 0.842827
vt 0.191909 0.802865
vt 0.218564 0.899300
vt 0.208360 0.914615
vt 0.196860 0.915139
vt 0.171269 0.823372
vt 0.176641 0.811728
vt 0.429799 0.836012
vt 0.183252 0.797401
vt 0.218564 0.913862
vt 0.208010 0.930555
vt 0.190846 0.780943
vt 0.196488 0.932061
vt 0.199133 0.762985
vt 0.184127 0.932666
vt 0.425076 0.769327
vt 0.171402 0.932349
vt 0.429237 0.788465
vt 0.158800 0.931121
vt 0.431456 0.806406
vt 0.146808 0.929029
vt 0.431645 0.822461
vt 0.427192 0.766980
vt 0.196427 0.760344
vt 0.183383 0.948997
vt 0.170672 0.948366
vt 0.433387 0.783862
vt 0.158113 0.946208
vt 0.437480 0.799724
vt 0.146189 0.942607
vt 0.439313 0.813956
vt 0.159734 0.812114
vt 0.166831 0.802153
vt 0.537799 0.680938
vt 0.525271 0.677356
vt 0.527442 0.668270
vt 0.175544 0.789879
vt 0.218249 0.928208
vt 0.207322 0.945643
vt 0.185537 0.775761
vt 0.195759 0.948078
vt 0.535953 0.688664
vt 0.523369 0.689376
vt 0.158608 0.790327
vt 0.169083 0.780587
vt 0.511386 0.682353
vt 0.513500 0.668997
vt 0.181087 0.769361
vt 0.498846 0.678088
vt 0.501091 0.663909
vt 0.194158 0.757081
vt 0.486232 0.676745
vt 0.488521 0.662288
vt 0.428967 0.763976
vt 0.182303 0.963777
vt 0.169613 0.962862
vt 0.436871 0.777969
vt 0.157115 0.959863
vt 0.442537 0.791169
vt 0.145291 0.954896
vt 0.545135 0.702489
vt 0.534335 0.698887
vt 0.150064 0.798207
vt 0.474029 0.678375
vt 0.484354 0.694175
vt 0.472187 0.695470
vt 0.439554 0.771014
vt 0.462705 0.682916
vt 0.460970 0.699020
vt 0.446433 0.781071
vt 0.135521 0.786124
vt 0.142631 0.782187
vt 0.543863 0.710520
vt 0.533007 0.711212
vt 0.152286 0.776703
vt 0.521807 0.703868
vt 0.164116 0.769882
vt 0.509650 0.698456
vt 0.177665 0.761987
vt 0.497004 0.695183
vt 0.192414 0.753322
vt 0.430335 0.760430
vt 0.148110 0.761804
vt 0.160835 0.758177
vt 0.508361 0.716688
vt 0.175405 0.753924
vt 0.495635 0.714538
vt 0.191262 0.749211
vt 0.482959 0.713909
vt 0.431243 0.756479
vt 0.470818 0.714825
vt 0.441335 0.763262
vt 0.459681 0.717251
vt 0.449018 0.769818
vt 0.451134 0.704686
vt 0.449974 0.721094
vt 0.542820 0.720204
vt 0.532020 0.725165
vt 0.137720 0.764668
vt 0.520647 0.720276
vt 0.442143 0.755013
vt 0.469976 0.735695
vt 0.458887 0.736910
vt 0.550334 0.738051
vt 0.541567 0.742989
vt 0.542044 0.731167
vt 0.449259 0.738787
vt 0.531412 0.740212
vt 0.135521 0.746324
vt 0.146240 0.746204
vt 0.519932 0.737969
vt 0.159365 0.745920
vt 0.507567 0.736347
vt 0.174393 0.745482
vt 0.494793 0.735408
vt 0.190746 0.744907
vt 0.482099 0.735187
vt 0.431655 0.752273
vt 0.519691 0.756267
vt 0.507299 0.756678
vt 0.174667 0.736984
vt 0.494508 0.756991
vt 0.190885 0.740575
vt 0.481809 0.757194
vt 0.431556 0.747975
vt 0.469691 0.757278
vt 0.441949 0.746583
vt 0.458619 0.757242
vt 0.549894 0.754616
vt 0.541406 0.755215
vt 0.449018 0.757085
vt 0.531207 0.755773
vt 0.146747 0.730502
vt 0.159764 0.733583
vt 0.458887 0.777464
vt 0.550005 0.762992
vt 0.541567 0.767376
vt 0.449259 0.775284
vt 0.531412 0.771250
vt 0.136117 0.727861
vt 0.149612 0.715302
vt 0.519932 0.774466
vt 0.162015 0.721640
vt 0.507567 0.776900
vt 0.176218 0.728757
vt 0.494793 0.778459
vt 0.191676 0.736381
vt 0.482099 0.779082
vt 0.430950 0.743751
vt 0.469976 0.778746
vt 0.440760 0.738295
vt 0.178985 0.721118
vt 0.508361 0.796236
vt 0.495635 0.798986
vt 0.193087 0.732487
vt 0.482959 0.800011
vt 0.429860 0.739761
vt 0.470818 0.799273
vt 0.438621 0.730470
vt 0.459681 0.796800
vt 0.550334 0.771001
vt 0.542044 0.779003
vt 0.449974 0.792686
vt 0.532020 0.786049
vt 0.139486 0.709987
vt 0.154725 0.701186
vt 0.520647 0.791868
vt 0.166032 0.710549
vt 0.451134 0.808622
vt 0.542820 0.789651
vt 0.533007 0.799601
vt 0.145498 0.693389
vt 0.161889 0.688699
vt 0.521807 0.807803
vt 0.171661 0.700738
vt 0.509650 0.813943
vt 0.182863 0.714360
vt 0.497004 0.817783
vt 0.195063 0.729042
vt 0.484354 0.819177
vt 0.428328 0.736160
vt 0.472187 0.818070
vt 0.435615 0.723406
vt 0.460970 0.814506
vt 0.445079 0.722210
vt 0.440715 0.711956
vt 0.197530 0.726178
vt 0.498846 0.834128
vt 0.486232 0.835842
vt 0.426412 0.733086
vt 0.474029 0.834415
vt 0.431857 0.717377
vt 0.462705 0.829903
vt 0.435259 0.703202
vt 0.148068 0.671142
vt 0.164436 0.666501
vt 0.153923 0.678706
vt 0.543863 0.798910
vt 0.534335 0.811385
vt 0.170830 0.678320
vt 0.523369 0.821660
vt 0.178686 0.692583
vt 0.511386 0.829339
vt 0.187701 0.708743
vt 0.545135 0.806424
vt 0.535953 0.820949
vt 0.181203 0.670447
vt 0.525271 0.832906
vt 0.186836 0.686398
vt 0.513500 0.841835
vt 0.193315 0.704482
vt 0.501091 0.847393
vt 0.200392 0.724006
vt 0.488521 0.849367
vt 0.424186 0.730658
vt 0.476274 0.847680
vt 0.427492 0.712612
vt 0.464819 0.842398
vt 0.428922 0.696285
vt 0.159749 0.657580
vt 0.176633 0.657243
vt 0.546913 0.849367
vt 0.558946 0.864188
vt 0.546191 0.863690
vt 0.421737 0.728967
vt 0.203539 0.722609
vt 0.533915 0.864885
vt 0.534623 0.850837
vt 0.422687 0.709296
vt 0.522588 0.867726
vt 0.523255 0.854492
vt 0.421946 0.691471
vt 0.173302 0.647294
vt 0.190047 0.651289
vt 0.428421 0.682303
vt 0.419542 0.676177
vt 0.192610 0.665384
vt 0.584529 0.858207
vt 0.595198 0.875321
vt 0.583929 0.870117
vt 0.195798 0.682419
vt 0.572355 0.853124
vt 0.571688 0.866357
vt 0.199489 0.701742
vt 0.559654 0.850139
vt 0.188206 0.640679
vt 0.415446 0.871388
vt 0.419517 0.882225
vt 0.412506 0.881185
vt 0.931161 0.571136
vt 0.938145 0.558225
vt 0.938075 0.571656
vt 0.417893 0.893146
vt 0.409649 0.891923
vt 0.932050 0.585827
vt 0.937482 0.586235
vt 0.416145 0.904550
vt 0.406985 0.903190
vt 0.932647 0.601121
vt 0.936389 0.601403
vt 0.414340 0.915998
vt 0.404615 0.914555
vt 0.932930 0.616432
vt 0.934837 0.616575
vt 0.412548 0.927050
vt 0.402632 0.925578
vt 0.772917 0.859537
vt 0.770506 0.870625
vt 0.770965 0.859684
vt 0.932886 0.631170
vt 0.401112 0.935838
vt 0.410837 0.937281
vt 0.771590 0.850700
vt 0.775418 0.850412
vt 0.928654 0.545779
vt 0.936724 0.536808
vt 0.937688 0.546458
vt 0.418356 0.862911
vt 0.420955 0.872206
vt 0.930014 0.557613
vt 0.422150 0.863474
vt 0.426508 0.872567
vt 0.946338 0.549690
vt 0.945929 0.561133
vt 0.426586 0.882685
vt 0.944695 0.574129
vt 0.426205 0.893687
vt 0.942684 0.588179
vt 0.425381 0.905151
vt 0.939972 0.602741
vt 0.424145 0.916636
vt 0.936664 0.617258
vt 0.422544 0.927701
vt 0.768999 0.860281
vt 0.420641 0.937920
vt 0.767733 0.851871
vt 0.409273 0.946299
vt 0.418509 0.946901
vt 0.433652 0.916445
vt 0.943258 0.605086
vt 0.938339 0.618453
vt 0.432238 0.927506
vt 0.767095 0.861305
vt 0.430149 0.937729
vt 0.763998 0.853880
vt 0.427465 0.946721
vt 0.425976 0.863723
vt 0.431894 0.872459
vt 0.954271 0.555349
vt 0.953069 0.566227
vt 0.433440 0.882548
vt 0.950767 0.578461
vt 0.434265 0.893526
vt 0.947454 0.591582
vt 0.434337 0.904971
vt 0.961182 0.563220
vt 0.959288 0.573310
vt 0.439817 0.881817
vt 0.956056 0.584485
vt 0.441764 0.892667
vt 0.951610 0.596315
vt 0.442669 0.904017
vt 0.946120 0.608346
vt 0.442498 0.915432
vt 0.939798 0.620115
vt 0.878760 0.659543
vt 0.869668 0.670368
vt 0.867676 0.661389
vt 0.765325 0.862717
vt 0.857462 0.665963
vt 0.859416 0.674770
vt 0.760526 0.856649
vt 0.848511 0.673091
vt 0.850351 0.681387
vt 0.429686 0.863648
vt 0.436904 0.871886
vt 0.948450 0.612396
vt 0.940986 0.622180
vt 0.880714 0.668350
vt 0.872453 0.681731
vt 0.763758 0.864462
vt 0.862147 0.685915
vt 0.757452 0.860072
vt 0.852924 0.691885
vt 0.433137 0.863253
vt 0.441347 0.870868
vt 0.842822 0.689965
vt 0.845137 0.699413
vt 0.924230 0.684258
vt 0.916282 0.684938
vt 0.914313 0.676903
vt 0.964349 0.582111
vt 0.960360 0.591969
vt 0.905789 0.681130
vt 0.903473 0.671682
vt 0.954992 0.602196
vt 0.894701 0.679292
vt 0.892128 0.668793
vt 0.883445 0.679495
vt 0.925777 0.690571
vt 0.918736 0.694350
vt 0.839087 0.708208
vt 0.848024 0.710480
vt 0.841542 0.717620
vt 0.908675 0.692197
vt 0.963514 0.600627
vt 0.957470 0.608998
vt 0.897908 0.691589
vt 0.950156 0.617082
vt 0.886850 0.692550
vt 0.941856 0.624568
vt 0.875924 0.695042
vt 0.762454 0.866473
vt 0.865552 0.698970
vt 0.754893 0.864018
vt 0.856131 0.704183
vt 0.933909 0.697811
vt 0.927705 0.697966
vt 0.879949 0.709788
vt 0.761462 0.868674
vt 0.942375 0.627189
vt 0.869499 0.713433
vt 0.752949 0.868335
vt 0.859849 0.717807
vt 0.935238 0.702905
vt 0.929941 0.706159
vt 0.851370 0.722741
vt 0.921582 0.704778
vt 0.844387 0.728048
vt 0.912021 0.704459
vt 0.965396 0.610124
vt 0.958948 0.616460
vt 0.901626 0.705213
vt 0.951175 0.622222
vt 0.890797 0.707013
vt 0.855047 0.735725
vt 0.847515 0.739089
vt 0.915699 0.717443
vt 0.839170 0.733521
vt 0.841627 0.742197
vt 0.905712 0.719640
vt 0.661353 0.858195
vt 0.670741 0.866182
vt 0.661816 0.863359
vt 0.895135 0.722328
vt 0.951466 0.627619
vt 0.942523 0.629940
vt 0.884371 0.725404
vt 0.760822 0.870979
vt 0.873837 0.728749
vt 0.751693 0.872857
vt 0.863935 0.732234
vt 0.936778 0.708549
vt 0.932398 0.714834
vt 0.924709 0.715820
vt 0.942295 0.632717
vt 0.878398 0.744328
vt 0.760557 0.873300
vt 0.751174 0.877409
vt 0.868232 0.746909
vt 0.940250 0.720603
vt 0.934982 0.723660
vt 0.858915 0.748933
vt 0.927998 0.727052
vt 0.850804 0.750322
vt 0.919566 0.730650
vt 0.678634 0.870097
vt 0.670330 0.873709
vt 0.910010 0.734316
vt 0.661533 0.868543
vt 0.899696 0.737908
vt 0.652058 0.864378
vt 0.652202 0.861735
vt 0.889023 0.741289
vt 0.678110 0.879676
vt 0.668850 0.880977
vt 0.923475 0.743574
vt 0.914353 0.748676
vt 0.660514 0.873549
vt 0.904307 0.753153
vt 0.651538 0.866930
vt 0.893723 0.756832
vt 0.760679 0.875548
vt 0.642269 0.861374
vt 0.883009 0.759573
vt 0.751412 0.881818
vt 0.872575 0.761269
vt 0.742716 0.882794
vt 0.743062 0.889195
vt 0.862823 0.761857
vt 0.937594 0.732295
vt 0.931322 0.738043
vt 0.854128 0.761313
vt 0.761181 0.877636
vt 0.752397 0.885914
vt 0.876797 0.774762
vt 0.744493 0.895142
vt 0.866623 0.774000
vt 0.940133 0.740409
vt 0.934554 0.748370
vt 0.857359 0.771640
vt 0.927274 0.755717
vt 0.676227 0.888926
vt 0.666360 0.887706
vt 0.918574 0.762169
vt 0.658798 0.878185
vt 0.908789 0.767477
vt 0.650664 0.869293
vt 0.898293 0.771437
vt 0.887491 0.773897
vt 0.930819 0.766613
vt 0.922513 0.774276
vt 0.656452 0.882271
vt 0.912970 0.780330
vt 0.649468 0.871377
vt 0.902556 0.784541
vt 0.762045 0.879484
vt 0.891672 0.786750
vt 0.754093 0.889540
vt 0.880736 0.786869
vt 0.746954 0.900405
vt 0.870167 0.784896
vt 0.737771 0.904964
vt 0.740904 0.911662
vt 0.678634 0.907165
vt 0.668723 0.905042
vt 0.673057 0.897491
vt 0.937568 0.757636
vt 0.662954 0.893638
vt 0.884240 0.797126
vt 0.756433 0.892555
vt 0.750351 0.904782
vt 0.873321 0.794127
vt 0.745228 0.917234
vt 0.673537 0.916043
vt 0.663389 0.911288
vt 0.940250 0.765486
vt 0.933972 0.775844
vt 0.658764 0.898546
vt 0.926017 0.784532
vt 0.653566 0.885651
vt 0.916690 0.791217
vt 0.647996 0.873100
vt 0.906349 0.795642
vt 0.763238 0.881021
vt 0.895392 0.797637
vt 0.650250 0.888196
vt 0.928952 0.792543
vt 0.919805 0.799722
vt 0.646306 0.874397
vt 0.909526 0.804313
vt 0.764714 0.882189
vt 0.898507 0.806142
vt 0.759328 0.894845
vt 0.887174 0.805137
vt 0.754554 0.908106
vt 0.670243 0.934381
vt 0.660061 0.928917
vt 0.667265 0.923388
vt 0.750577 0.921465
vt 0.657263 0.915990
vt 0.741258 0.929431
vt 0.747548 0.934406
vt 0.653950 0.902240
vt 0.738596 0.940905
vt 0.745585 0.946432
vt 0.762666 0.896320
vt 0.759401 0.910249
vt 0.662238 0.940524
vt 0.652201 0.932417
vt 0.756745 0.924192
vt 0.650578 0.918967
vt 0.754802 0.937612
vt 0.648698 0.904579
vt 0.753645 0.949995
vt 0.646632 0.889807
vt 0.744763 0.957083
vt 0.753319 0.960865
vt 0.644462 0.875218
vt 0.745113 0.965947
vt 0.753837 0.969803
vt 0.766416 0.882941
vt 0.664419 0.958063
vt 0.654437 0.954494
vt 0.663709 0.950365
vt 0.653504 0.944413
vt 0.762466 0.951457
vt 0.762683 0.962416
vt 0.642534 0.875532
vt 0.763384 0.971385
vt 0.768279 0.883250
vt 0.654965 0.962273
vt 0.644747 0.956071
vt 0.766320 0.896926
vt 0.644376 0.945899
vt 0.764705 0.911128
vt 0.643986 0.933754
vt 0.763497 0.925310
vt 0.643592 0.920104
vt 0.762740 0.938928
vt 0.643209 0.905472
vt 0.642852 0.890422
vt 0.635206 0.944924
vt 0.635733 0.932877
vt 0.770571 0.924777
vt 0.636573 0.919357
vt 0.771059 0.938301
vt 0.637694 0.904886
vt 0.771708 0.950761
vt 0.639053 0.890019
vt 0.772495 0.961677
vt 0.640598 0.875326
vt 0.773389 0.970632
vt 0.770231 0.883103
vt 0.635159 0.962825
vt 0.635012 0.955036
vt 0.770149 0.896637
vt 0.770263 0.910709
vt 0.635383 0.888611
vt 0.638727 0.874609
vt 0.783465 0.967571
vt 0.772196 0.882506
vt 0.625569 0.959147
vt 0.625606 0.951429
vt 0.774005 0.895466
vt 0.626345 0.941526
vt 0.775862 0.909009
vt 0.627759 0.929818
vt 0.777696 0.922613
vt 0.629792 0.916757
vt 0.779437 0.935756
vt 0.632366 0.902843
vt 0.781018 0.947933
vt 0.782378 0.958676
vt 0.620370 0.924697
vt 0.623508 0.912401
vt 0.787554 0.931392
vt 0.627429 0.899421
vt 0.790037 0.943084
vt 0.631982 0.886254
vt 0.791953 0.953528
vt 0.636993 0.873407
vt 0.793227 0.962322
vt 0.774101 0.881481
vt 0.784238 0.974278
vt 0.793812 0.969130
vt 0.777740 0.893457
vt 0.616890 0.945388
vt 0.618135 0.935835
vt 0.781285 0.906093
vt 0.784599 0.918902
vt 0.775871 0.880070
vt 0.635463 0.871767
vt 0.876408 0.952513
vt 0.867350 0.941883
vt 0.878404 0.943872
vt 0.781212 0.890688
vt 0.887932 0.951521
vt 0.889812 0.943381
vt 0.786325 0.902072
vt 0.610890 0.928071
vt 0.613850 0.917709
vt 0.791013 0.913785
vt 0.617963 0.906459
vt 0.795097 0.925375
vt 0.623072 0.894752
vt 0.798418 0.936398
vt 0.628981 0.883038
vt 0.800850 0.946430
vt 0.855080 0.946131
vt 0.865315 0.950693
vt 0.801776 0.917937
vt 0.613370 0.899157
vt 0.619464 0.889015
vt 0.805840 0.928134
vt 0.626496 0.879086
vt 0.847974 0.930860
vt 0.859834 0.926490
vt 0.857075 0.937489
vt 0.634196 0.869753
vt 0.870163 0.930668
vt 0.777438 0.878325
vt 0.881163 0.932873
vt 0.784286 0.887265
vt 0.892411 0.933019
vt 0.790788 0.897103
vt 0.901136 0.940427
vt 0.903475 0.931103
vt 0.796694 0.907459
vt 0.608449 0.909124
vt 0.873647 0.917480
vt 0.884580 0.919938
vt 0.786845 0.883319
vt 0.895630 0.920835
vt 0.794502 0.891374
vt 0.906372 0.920137
vt 0.801421 0.900169
vt 0.913929 0.927196
vt 0.916393 0.917870
vt 0.807335 0.909364
vt 0.609906 0.890778
vt 0.616742 0.882431
vt 0.842736 0.912926
vt 0.853792 0.908315
vt 0.850573 0.920499
vt 0.624621 0.874551
vt 0.863252 0.913555
vt 0.633240 0.867441
vt 0.778742 0.876313
vt 0.924463 0.639021
vt 0.923593 0.636633
vt 0.925309 0.914122
vt 0.919236 0.907508
vt 0.927543 0.905981
vt 0.845633 0.901960
vt 0.857507 0.894776
vt 0.615012 0.875253
vt 0.623430 0.869607
vt 0.867195 0.899182
vt 0.913315 0.635607
vt 0.923074 0.634012
vt 0.877669 0.902825
vt 0.779733 0.874112
vt 0.888524 0.905565
vt 0.788789 0.879003
vt 0.899345 0.907296
vt 0.797325 0.885107
vt 0.909715 0.907952
vt 0.805014 0.892192
vt 0.839087 0.894736
vt 0.848976 0.889776
vt 0.790045 0.874481
vt 0.892843 0.890306
vt 0.903413 0.892922
vt 0.799149 0.878543
vt 0.913377 0.895016
vt 0.807335 0.883838
vt 0.922350 0.896507
vt 0.841931 0.884374
vt 0.852638 0.876840
vt 0.929989 0.897337
vt 0.861576 0.880402
vt 0.903562 0.628056
vt 0.913024 0.630210
vt 0.871514 0.883923
vt 0.922926 0.631261
vt 0.882072 0.887267
vt 0.780374 0.871807
vt 0.856477 0.863650
vt 0.865841 0.865746
vt 0.913472 0.624763
vt 0.876043 0.868365
vt 0.923154 0.628484
vt 0.886689 0.871404
vt 0.780638 0.869486
vt 0.897371 0.874747
vt 0.790564 0.869928
vt 0.907679 0.878267
vt 0.799902 0.871933
vt 0.917216 0.881826
vt 0.845044 0.873373
vt 0.841652 0.861321
vt 0.848309 0.862156
vt 0.925615 0.885290
vt 0.894903 0.624884
vt 0.904212 0.620148
vt 0.911977 0.863892
vt 0.790326 0.865519
vt 0.799557 0.865533
vt 0.921084 0.868890
vt 0.844237 0.852677
vt 0.851599 0.851154
vt 0.928905 0.874288
vt 0.860345 0.850713
vt 0.895730 0.614819
vt 0.905909 0.612472
vt 0.870140 0.851372
vt 0.914641 0.619475
vt 0.880606 0.853105
vt 0.923750 0.625789
vt 0.891342 0.855845
vt 0.780517 0.867239
vt 0.901935 0.859487
vt 0.916487 0.614550
vt 0.874306 0.837831
vt 0.885029 0.838729
vt 0.924691 0.623278
vt 0.895852 0.841188
vt 0.780015 0.865151
vt 0.906358 0.845112
vt 0.789341 0.861423
vt 0.916144 0.850351
vt 0.798126 0.859586
vt 0.924834 0.856703
vt 0.846742 0.844534
vt 0.854788 0.840790
vt 0.932094 0.863924
vt 0.864095 0.838526
vt 0.897891 0.605049
vt 0.908589 0.605323
vt 0.928321 0.845735
vt 0.849072 0.837205
vt 0.857753 0.831462
vt 0.894903 0.586791
vt 0.905830 0.587870
vt 0.901301 0.595949
vt 0.867582 0.827558
vt 0.912148 0.598974
vt 0.878180 0.825643
vt 0.918938 0.610178
vt 0.889142 0.825791
vt 0.925941 0.621049
vt 0.900045 0.827997
vt 0.779150 0.863302
vt 0.910471 0.832174
vt 0.787645 0.857798
vt 0.920018 0.838164
vt 0.795665 0.854323
vt 0.927451 0.619187
vt 0.892786 0.814788
vt 0.903761 0.816778
vt 0.777957 0.861765
vt 0.914115 0.821171
vt 0.785305 0.854783
vt 0.923451 0.827799
vt 0.792267 0.849945
vt 0.931410 0.836406
vt 0.390178 0.872317
vt 0.401251 0.866595
vt 0.394439 0.875084
vt 0.900229 0.577290
vt 0.911304 0.581120
vt 0.860381 0.823529
vt 0.870671 0.818230
vt 0.916449 0.593672
vt 0.881613 0.815278
vt 0.921901 0.606525
vt 0.405401 0.868528
vt 0.399721 0.877544
vt 0.906666 0.569354
vt 0.917513 0.575961
vt 0.388405 0.884749
vt 0.394616 0.887642
vt 0.921327 0.589618
vt 0.383379 0.895219
vt 0.390281 0.898434
vt 0.925261 0.603733
vt 0.884474 0.807134
vt 0.895823 0.806142
vt 0.929164 0.617763
vt 0.906857 0.807962
vt 0.776481 0.860598
vt 0.917151 0.812525
vt 0.782410 0.852493
vt 0.926311 0.819654
vt 0.788064 0.846621
vt 0.902711 0.558824
vt 0.913966 0.563287
vt 0.384552 0.920430
vt 0.395344 0.912362
vt 0.393180 0.923343
vt 0.774780 0.859846
vt 0.931014 0.616833
vt 0.391841 0.933646
vt 0.383379 0.930788
vt 0.779072 0.851017
vt 0.908203 0.542779
vt 0.919583 0.547678
vt 0.910823 0.552083
vt 0.414739 0.862055
vt 0.410194 0.870146
vt 0.921850 0.559323
vt 0.405822 0.879604
vt 0.924218 0.572590
vt 0.401789 0.890064
vt 0.926595 0.586969
vt 0.398251 0.901125
vt 0.928890 0.601908
vt 0.386883 0.909505
vt 0.917503 0.538103
vt 0.331652 0.936511
vt 0.325979 0.923319
vt 0.332258 0.924607
vt 0.032462 0.855009
vt 0.042664 0.846949
vt 0.039272 0.856451
vt 0.326387 0.910909
vt 0.333771 0.912424
vt 0.030419 0.867208
vt 0.035768 0.868342
vt 0.327926 0.898745
vt 0.336130 0.900429
vt 0.028604 0.881383
vt 0.032289 0.882164
vt 0.330537 0.887295
vt 0.339247 0.889082
vt 0.027088 0.896989
vt 0.028967 0.897387
vt 0.334121 0.876999
vt 0.343001 0.878821
vt 0.265589 0.945231
vt 0.263202 0.932262
vt 0.267445 0.944639
vt 0.025930 0.913426
vt 0.347249 0.870040
vt 0.338539 0.868253
vt 0.271338 0.955329
vt 0.267697 0.956490
vt 0.351826 0.863075
vt 0.343621 0.861392
vt 0.331975 0.947677
vt 0.326718 0.935498
vt 0.034657 0.845253
vt 0.045814 0.840202
vt 0.279544 0.960816
vt 0.274732 0.963923
vt 0.054195 0.845023
vt 0.050206 0.851289
vt 0.320289 0.923126
vt 0.045686 0.860142
vt 0.319696 0.910682
vt 0.040808 0.871241
vt 0.320492 0.898493
vt 0.035760 0.884161
vt 0.322646 0.887028
vt 0.030736 0.898405
vt 0.326075 0.876726
vt 0.269135 0.943548
vt 0.905256 0.001362
vt 0.914307 0.006993
vt 0.903528 0.008222
vt 0.274653 0.953189
vt 0.895054 0.005698
vt 0.893427 0.012159
vt 0.936231 0.012748
vt 0.923880 0.018084
vt 0.925350 0.008522
vt 0.038884 0.887298
vt 0.032329 0.900005
vt 0.912809 0.016743
vt 0.270594 0.942000
vt 0.902058 0.017784
vt 0.277514 0.950153
vt 0.892042 0.021166
vt 0.283697 0.956409
vt 0.061737 0.852597
vt 0.056993 0.858105
vt 0.963856 0.039510
vt 0.954802 0.035439
vt 0.955862 0.028545
vt 0.051458 0.865938
vt 0.945288 0.027615
vt 0.946534 0.019509
vt 0.045343 0.875795
vt 0.934847 0.021755
vt 0.883145 0.026760
vt 0.890955 0.032374
vt 0.882167 0.036847
vt 0.963023 0.044926
vt 0.953970 0.044017
vt 0.062766 0.867135
vt 0.056367 0.873618
vt 0.944309 0.037702
vt 0.049200 0.881829
vt 0.933760 0.032963
vt 0.041541 0.891455
vt 0.922726 0.029982
vt 0.033684 0.902123
vt 0.911632 0.028875
vt 0.271764 0.940055
vt 0.900904 0.029682
vt 0.279810 0.946338
vt 0.287031 0.950869
vt 0.043629 0.896470
vt 0.034748 0.904680
vt 0.910821 0.042922
vt 0.272602 0.937787
vt 0.900109 0.043459
vt 0.281454 0.941889
vt 0.890206 0.045352
vt 0.289417 0.944410
vt 0.881492 0.048527
vt 0.962370 0.051666
vt 0.953396 0.053950
vt 0.067301 0.878033
vt 0.060224 0.882886
vt 0.943635 0.049382
vt 0.052231 0.889111
vt 0.933010 0.045941
vt 0.921930 0.043759
vt 0.961919 0.059470
vt 0.953104 0.064855
vt 0.070425 0.890380
vt 0.062881 0.893386
vt 0.943291 0.062205
vt 0.054318 0.897361
vt 0.932629 0.060189
vt 0.045066 0.902153
vt 0.921525 0.058886
vt 0.035481 0.907577
vt 0.910407 0.058344
vt 0.273075 0.935283
vt 0.899703 0.058585
vt 0.282382 0.936978
vt 0.889824 0.059601
vt 0.968875 0.065730
vt 0.961689 0.068039
vt 0.881149 0.061350
vt 0.910407 0.074550
vt 0.273166 0.932640
vt 0.035854 0.910703
vt 0.899703 0.074480
vt 0.282559 0.931794
vt 0.889824 0.074572
vt 0.968717 0.071632
vt 0.961689 0.077042
vt 0.881149 0.074825
vt 0.953104 0.076314
vt 0.072018 0.903701
vt 0.064235 0.904714
vt 0.943292 0.075679
vt 0.055382 0.906262
vt 0.932629 0.075161
vt 0.045799 0.908284
vt 0.921525 0.074780
vt 0.072018 0.917484
vt 0.064235 0.916436
vt 0.943635 0.089287
vt 0.055382 0.915471
vt 0.933010 0.090281
vt 0.045799 0.914628
vt 0.921930 0.090831
vt 0.035854 0.913937
vt 0.910821 0.090915
vt 0.272869 0.929960
vt 0.900109 0.090531
vt 0.281978 0.926535
vt 0.890206 0.089692
vt 0.290178 0.922121
vt 0.291022 0.929754
vt 0.881492 0.088432
vt 0.953396 0.087887
vt 0.035481 0.917155
vt 0.900904 0.106122
vt 0.272198 0.927344
vt 0.280661 0.921405
vt 0.890955 0.104379
vt 0.288266 0.914672
vt 0.882167 0.101650
vt 0.962369 0.094966
vt 0.953970 0.099128
vt 0.062881 0.928100
vt 0.944309 0.102505
vt 0.054318 0.924636
vt 0.933760 0.104968
vt 0.045066 0.920940
vt 0.922726 0.106422
vt 0.911632 0.106812
vt 0.052231 0.933403
vt 0.945288 0.114825
vt 0.934847 0.118657
vt 0.043629 0.926979
vt 0.923880 0.120955
vt 0.034748 0.920234
vt 0.912809 0.121630
vt 0.271177 0.924895
vt 0.902058 0.120655
vt 0.278659 0.916600
vt 0.892042 0.118069
vt 0.285359 0.907696
vt 0.883145 0.113970
vt 0.963023 0.103198
vt 0.954802 0.109605
vt 0.070425 0.931200
vt 0.060224 0.939259
vt 0.269847 0.922705
vt 0.276049 0.912304
vt 0.893427 0.130235
vt 0.281570 0.901460
vt 0.884391 0.124919
vt 0.291022 0.898526
vt 0.286198 0.890589
vt 0.067301 0.944321
vt 0.056367 0.949483
vt 0.955862 0.118916
vt 0.946534 0.125774
vt 0.049200 0.941437
vt 0.936231 0.130823
vt 0.041541 0.932513
vt 0.925349 0.133870
vt 0.033684 0.923055
vt 0.914307 0.134798
vt 0.903528 0.133570
vt 0.947999 0.134931
vt 0.937859 0.140998
vt 0.038884 0.937328
vt 0.927077 0.144672
vt 0.032329 0.925509
vt 0.916069 0.145811
vt 0.268257 0.920859
vt 0.905256 0.144372
vt 0.272930 0.908683
vt 0.895054 0.140409
vt 0.277043 0.896203
vt 0.068151 0.961754
vt 0.056993 0.966806
vt 0.062766 0.956344
vt 0.280437 0.883899
vt 0.051458 0.958381
vt 0.289756 0.880109
vt 0.282981 0.872242
vt 0.045343 0.948427
vt 0.603963 0.686541
vt 0.593954 0.678281
vt 0.600791 0.675612
vt 0.269424 0.905877
vt 0.271953 0.892129
vt 0.061737 0.973379
vt 0.050206 0.975305
vt 0.273958 0.878713
vt 0.045686 0.965608
vt 0.275363 0.866144
vt 0.040808 0.954106
vt 0.284579 0.861682
vt 0.276114 0.854906
vt 0.035760 0.941240
vt 0.939667 0.148791
vt 0.928997 0.152944
vt 0.030736 0.927504
vt 0.918026 0.154246
vt 0.266470 0.919428
vt 0.907176 0.152644
vt 0.032289 0.944098
vt 0.276182 0.845430
vt 0.267038 0.850356
vt 0.266546 0.840600
vt 0.028967 0.928961
vt 0.598375 0.700460
vt 0.590520 0.713524
vt 0.589830 0.702917
vt 0.264553 0.918467
vt 0.588324 0.691783
vt 0.596704 0.689374
vt 0.265665 0.903992
vt 0.586060 0.680551
vt 0.266495 0.889392
vt 0.583124 0.669652
vt 0.590229 0.667609
vt 0.267011 0.875230
vt 0.039272 0.970889
vt 0.267195 0.862049
vt 0.035768 0.958255
vt 0.261796 0.903101
vt 0.260879 0.888099
vt 0.575341 0.671257
vt 0.259863 0.873584
vt 0.042664 0.981515
vt 0.032462 0.974020
vt 0.258790 0.860114
vt 0.030419 0.960715
vt 0.257698 0.848206
vt 0.028604 0.945792
vt 0.256632 0.838317
vt 0.027088 0.929824
vt 0.581339 0.715417
vt 0.580469 0.704847
vt 0.262581 0.918013
vt 0.579143 0.693676
vt 0.577411 0.682334
vt 0.248455 0.848539
vt 0.246819 0.838671
vt 0.025173 0.930062
vt 0.571711 0.716721
vt 0.570652 0.706177
vt 0.260629 0.918083
vt 0.569514 0.694980
vt 0.257968 0.903239
vt 0.568341 0.683563
vt 0.255320 0.888300
vt 0.567178 0.672362
vt 0.252789 0.873839
vt 0.034657 0.985196
vt 0.025520 0.974881
vt 0.250471 0.860413
vt 0.024964 0.961392
vt 0.024847 0.946258
vt 0.559199 0.684189
vt 0.558950 0.672926
vt 0.246060 0.875985
vt 0.018487 0.984512
vt 0.018711 0.973439
vt 0.242559 0.862936
vt 0.019614 0.960258
vt 0.239664 0.851342
vt 0.021162 0.945477
vt 0.237486 0.841646
vt 0.023294 0.929664
vt 0.560756 0.706855
vt 0.258773 0.918675
vt 0.559808 0.695645
vt 0.254326 0.904400
vt 0.250033 0.889985
vt 0.017690 0.943480
vt 0.021525 0.928646
vt 0.562005 0.717386
vt 0.551161 0.706855
vt 0.257083 0.919766
vt 0.550398 0.695645
vt 0.251011 0.906540
vt 0.550334 0.684189
vt 0.245221 0.893092
vt 0.550972 0.672926
vt 0.239935 0.879938
vt 0.559072 0.662289
vt 0.552288 0.662289
vt 0.235357 0.867585
vt 0.012297 0.969748
vt 0.014575 0.957359
vt 0.231661 0.856507
vt 0.228991 0.847130
vt 0.964928 0.279086
vt 0.954251 0.280518
vt 0.963490 0.272274
vt 0.229141 0.874182
vt 0.006524 0.963952
vt 0.010039 0.952804
vt 0.224755 0.863837
vt 0.014566 0.940343
vt 0.221659 0.854911
vt 0.019932 0.927046
vt 0.913524 0.301606
vt 0.922254 0.292763
vt 0.924287 0.302396
vt 0.255624 0.921314
vt 0.935222 0.300412
vt 0.933228 0.290963
vt 0.248151 0.909576
vt 0.945911 0.295729
vt 0.944032 0.286829
vt 0.241068 0.897499
vt 0.955941 0.288528
vt 0.234650 0.885548
vt 0.254454 0.923259
vt 0.018577 0.924928
vt 0.920472 0.280724
vt 0.931481 0.279156
vt 0.245854 0.913392
vt 0.942386 0.275707
vt 0.237735 0.903039
vt 0.952769 0.270509
vt 0.230407 0.892599
vt 0.962230 0.263761
vt 0.224152 0.882472
vt 0.001615 0.956272
vt 0.006182 0.946770
vt 0.219211 0.873049
vt 0.011910 0.936187
vt 0.901469 0.289171
vt 0.909782 0.280351
vt 0.911530 0.292157
vt 0.220581 0.892138
vt 0.970406 0.255724
vt 0.961196 0.253876
vt 0.969594 0.247957
vt 0.890977 0.273909
vt 0.898472 0.265134
vt 0.899823 0.278049
vt 0.003152 0.939489
vt 0.009822 0.931171
vt 0.908348 0.266639
vt 0.017513 0.922371
vt 0.919009 0.266744
vt 0.253616 0.925527
vt 0.930046 0.265445
vt 0.244211 0.917840
vt 0.941035 0.262791
vt 0.235348 0.909497
vt 0.951553 0.258885
vt 0.227369 0.900819
vt 0.917923 0.251360
vt 0.928981 0.250356
vt 0.243282 0.922751
vt 0.940031 0.248578
vt 0.234001 0.916627
vt 0.950649 0.246093
vt 0.225654 0.909893
vt 0.960428 0.242998
vt 0.218564 0.902808
vt 0.968990 0.239410
vt 0.889761 0.262286
vt 0.897468 0.250920
vt 0.001064 0.931239
vt 0.008384 0.925488
vt 0.907282 0.251551
vt 0.016780 0.919474
vt 0.253143 0.928031
vt 0.959954 0.231544
vt 0.968618 0.230411
vt 0.888858 0.249494
vt 0.896850 0.235956
vt 0.000000 0.922338
vt 0.007651 0.919357
vt 0.906626 0.235664
vt 0.016407 0.916348
vt 0.917253 0.235162
vt 0.253052 0.930674
vt 0.928324 0.234470
vt 0.243105 0.927935
vt 0.939413 0.233613
vt 0.233744 0.924153
vt 0.950093 0.232625
vt 0.225327 0.919472
vt 0.881782 0.247326
vt 0.888301 0.236026
vt 0.243687 0.933194
vt 0.928103 0.218396
vt 0.939204 0.218472
vt 0.234587 0.931787
vt 0.949905 0.218999
vt 0.226401 0.929189
vt 0.959795 0.219956
vt 0.881308 0.235872
vt 0.888113 0.222400
vt 0.968493 0.221306
vt 0.896641 0.220815
vt 0.000000 0.913128
vt 0.007651 0.913014
vt 0.906404 0.219591
vt 0.016407 0.913114
vt 0.917027 0.218774
vt 0.253349 0.933354
vt 0.888301 0.209138
vt 0.896850 0.206079
vt 0.008384 0.906701
vt 0.906626 0.203948
vt 0.016780 0.909896
vt 0.917253 0.202825
vt 0.254020 0.935970
vt 0.928324 0.202753
vt 0.245003 0.938324
vt 0.939413 0.203737
vt 0.236499 0.939236
vt 0.950093 0.205737
vt 0.228834 0.938668
vt 0.959954 0.208678
vt 0.881308 0.213006
vt 0.968618 0.212445
vt 0.940031 0.189973
vt 0.247006 0.943130
vt 0.239406 0.946212
vt 0.950649 0.193351
vt 0.372005 0.955626
vt 0.360065 0.956455
vt 0.368421 0.949991
vt 0.960428 0.198144
vt 0.380508 0.948898
vt 0.376293 0.942272
vt 0.968990 0.204169
vt 0.888858 0.196751
vt 0.897468 0.192316
vt 0.001064 0.903964
vt 0.009822 0.900662
vt 0.907282 0.189336
vt 0.017513 0.906817
vt 0.917923 0.187927
vt 0.255041 0.938419
vt 0.928980 0.188142
vt 0.003152 0.895196
vt 0.011910 0.895129
vt 0.898472 0.180053
vt 0.908348 0.176318
vt 0.018577 0.903996
vt 0.919009 0.174654
vt 0.256371 0.940609
vt 0.930046 0.175124
vt 0.249616 0.947425
vt 0.941035 0.177711
vt 0.243195 0.952448
vt 0.951553 0.182314
vt 0.356431 0.952083
vt 0.363796 0.944427
vt 0.961196 0.188758
vt 0.370855 0.935729
vt 0.969594 0.196794
vt 0.383379 0.933594
vt 0.377336 0.926324
vt 0.952769 0.173053
vt 0.352119 0.947934
vt 0.358307 0.939147
vt 0.962230 0.180882
vt 0.364401 0.929520
vt 0.970406 0.190606
vt 0.370165 0.919425
vt 0.006182 0.887163
vt 0.014566 0.890313
vt 0.382991 0.916573
vt 0.375378 0.909249
vt 0.019932 0.901542
vt 0.909782 0.165394
vt 0.920472 0.163515
vt 0.257961 0.942455
vt 0.931481 0.164200
vt 0.252734 0.951046
vt 0.942386 0.167420
vt 0.346073 0.955545
vt 0.021525 0.899548
vt 0.379840 0.899383
vt 0.366860 0.902602
vt 0.371155 0.892605
vt 0.259748 0.943886
vt 0.374861 0.883559
vt 0.383379 0.890207
vt 0.256240 0.953853
vt 0.944032 0.159497
vt 0.342749 0.952951
vt 0.347293 0.944169
vt 0.954250 0.165922
vt 0.352166 0.934354
vt 0.963490 0.174818
vt 0.357179 0.923885
vt 0.006524 0.871509
vt 0.014575 0.874494
vt 0.010039 0.880173
vt 0.362141 0.913163
vt 0.017690 0.886402
vt 0.342141 0.940931
vt 0.345609 0.930233
vt 0.010945 0.856157
vt 0.018711 0.859000
vt 0.012297 0.864281
vt 0.349469 0.919039
vt 0.019614 0.870345
vt 0.353573 0.907779
vt 0.021162 0.883544
vt 0.357764 0.896886
vt 0.023294 0.898090
vt 0.361881 0.886778
vt 0.261665 0.944847
vt 0.365766 0.877843
vt 0.260000 0.955737
vt 0.369268 0.870426
vt 0.377836 0.875810
vt 0.339200 0.950721
vt 0.955941 0.161196
vt 0.348441 0.892321
vt 0.352375 0.882123
vt 0.263637 0.945301
vt 0.025173 0.897227
vt 0.356442 0.873278
vt 0.263868 0.956628
vt 0.360486 0.866126
vt 0.335562 0.948940
vt 0.336860 0.938345
vt 0.364350 0.860940
vt 0.372255 0.864810
vt 0.338886 0.926942
vt 0.018487 0.849947
vt 0.025520 0.855869
vt 0.341564 0.915169
vt 0.024964 0.867885
vt 0.344790 0.903479
vt 0.024847 0.881849
vt 0.026493 0.846265
vt 0.027847 0.839442
vt 0.802876 0.373246
vt 0.504865 0.343953
vt 0.665269 0.013738
vt 0.582257 0.400033
vt 0.837862 0.012908
vt 0.885640 0.493793
vt 0.885640 0.538106
vt 0.894903 0.595378
vt 0.839379 0.274757
vt 0.798694 0.309274
vt 0.019277 0.246816
vt -0.000000 0.123718
vt 0.018061 0.029372
vt 0.089657 0.000000
vt 0.249050 0.018986
vt 0.421883 0.001662
vt 0.608449 0.546976
vt 0.418045 0.345847
vt 0.775225 0.343953
vt 0.068368 0.637987
vt 0.522363 0.911114
vt 0.910931 0.343953
vt 0.512159 0.926555
vt 0.928128 0.349715
vt 0.503327 0.957836
vt 0.962809 0.445321
vt 0.935113 0.536087
vt 0.120078 0.839524
vt 0.108086 0.838317
vt 0.134049 0.867826
vt 0.076858 0.837535
vt 0.144357 0.941787
vt 0.008259 0.803925
vt 0.838758 0.743449
vt 0.522363 0.865193
vt 0.203889 0.637987
vt 0.595708 0.911114
vt 0.948122 0.806142
vt 0.585504 0.926555
vt 0.965319 0.811904
vt 0.576672 0.957836
vt 1.000000 0.907511
vt 0.972304 0.998276
vt 0.193351 0.839524
vt 0.243607 0.838317
vt 0.207322 0.867825
vt 0.212379 0.837535
vt 0.217630 0.941787
vt 0.143780 0.803925
vt 0.550005 0.746194
vt 0.595708 0.865193
vt 0.927133 0.536087
vt 0.436197 0.862553
vt 0.670069 0.858686
vt 0.938470 0.714524
vt 0.645085 0.963881
vt 0.914333 0.640747
vt 0.903984 0.635892
vt 0.839087 0.870134
vt 0.397903 0.864422
vt 0.411437 0.860940
vt 0.328577 0.946979
vt 0.036918 0.838317
vt 0.322248 0.935347
vt 0.916069 -0.000000
vt 0.968717 0.077834
vt 0.961919 0.086134
vt 0.054195 0.982823
vt 0.598901 0.711115
vt 0.026493 0.986208
vt 0.552594 0.717386
vt 0.881149 0.224284
vt 0.362881 0.960882
vt 0.349043 0.958403
vt 0.933228 0.155788
vt 0.945911 0.154246
s 0
usemtl マテリアル
f 476/1/1 9/2/1 10/3/1
f 479/4/2 17/5/2 18/6/2
f 476/1/3 11/7/3 2/8/3
f 479/9/4 19/10/4 480/11/4
f 477/12/5 11/7/5 12/13/5
f 480/11/6 20/14/6 481/15/6
f 3/16/7 12/13/7 13/17/7
f 481/15/8 21/18/8 482/19/8
f 3/16/9 14/20/9 4/21/9
f 474/22/10 82/23/10 7/24/10
f 308/25/11 482/19/11 21/18/11
f 4/21/12 15/26/12 5/27/12
f 475/28/13 7/24/13 8/29/13
f 5/27/14 16/30/14 478/31/14
f 1/32/15 8/29/15 9/33/15
f 478/31/16 17/5/16 6/34/16
f 15/26/17 31/35/17 16/30/17
f 8/29/18 24/36/18 9/33/18
f 17/5/19 31/35/19 32/37/19
f 9/2/20 25/38/20 10/3/20
f 18/6/21 32/37/21 33/39/21
f 10/3/22 26/40/22 11/7/22
f 19/10/23 33/41/23 34/42/23
f 11/7/24 27/43/24 12/13/24
f 20/14/25 34/42/25 35/44/25
f 13/17/26 27/43/26 28/45/26
f 20/14/27 36/46/27 21/18/27
f 13/17/28 29/47/28 14/20/28
f 7/24/29 82/23/29 22/48/29
f 308/25/30 21/18/30 36/46/30
f 14/20/31 30/49/31 15/26/31
f 7/24/32 23/50/32 8/29/32
f 35/44/33 49/51/33 50/52/33
f 28/45/34 42/53/34 43/54/34
f 36/46/35 50/52/35 51/55/35
f 29/47/36 43/54/36 44/56/36
f 22/48/37 82/23/37 37/57/37
f 308/25/38 36/46/38 51/55/38
f 29/47/39 45/58/39 30/49/39
f 22/48/40 38/59/40 23/50/40
f 30/49/41 46/60/41 31/35/41
f 23/50/42 39/61/42 24/36/42
f 32/37/43 46/60/43 47/62/43
f 24/63/44 40/64/44 25/38/44
f 33/39/45 47/62/45 48/65/45
f 25/38/46 41/66/46 26/40/46
f 34/42/47 48/67/47 49/51/47
f 26/40/48 42/53/48 27/43/48
f 47/68/49 61/69/49 62/70/49
f 39/61/50 55/71/50 40/72/50
f 47/68/51 63/73/51 48/74/51
f 41/66/52 55/75/52 56/76/52
f 49/51/53 63/77/53 64/78/53
f 41/66/54 57/79/54 42/53/54
f 50/52/55 64/78/55 65/80/55
f 43/54/56 57/79/56 58/81/56
f 51/55/57 65/80/57 66/82/57
f 44/56/58 58/81/58 59/83/58
f 37/57/59 82/23/59 52/84/59
f 308/25/60 51/55/60 66/82/60
f 44/56/61 60/85/61 45/58/61
f 37/57/62 53/86/62 38/59/62
f 45/58/63 61/87/63 46/60/63
f 38/59/64 54/88/64 39/61/64
f 65/80/65 81/89/65 66/82/65
f 59/83/66 73/90/66 74/91/66
f 52/84/67 82/23/67 67/92/67
f 308/25/68 66/82/68 81/89/68
f 59/93/69 75/94/69 60/95/69
f 53/86/70 67/92/70 68/96/70
f 60/95/71 76/97/71 61/69/71
f 54/88/72 68/96/72 69/98/72
f 62/70/73 76/97/73 77/99/73
f 54/88/74 70/100/74 55/71/74
f 62/70/75 78/101/75 63/73/75
f 56/102/76 70/100/76 71/103/76
f 64/78/77 78/104/77 79/105/77
f 56/76/78 72/106/78 57/79/78
f 64/78/79 80/107/79 65/80/79
f 58/81/80 72/106/80 73/90/80
f 69/98/81 86/108/81 70/100/81
f 77/99/82 94/109/82 78/101/82
f 71/103/83 86/108/83 87/110/83
f 79/111/84 94/109/84 95/112/84
f 71/103/85 88/113/85 72/114/85
f 80/107/86 95/115/86 96/116/86
f 73/117/87 88/118/87 89/119/87
f 81/89/88 96/116/88 97/120/88
f 74/121/89 89/119/89 90/122/89
f 67/92/90 82/23/90 83/123/90
f 308/25/91 81/89/91 97/120/91
f 74/121/92 91/124/92 75/94/92
f 67/92/93 84/125/93 68/96/93
f 75/94/94 92/126/94 76/97/94
f 68/96/95 85/127/95 69/98/95
f 77/99/96 92/126/96 93/128/96
f 90/122/97 104/129/97 105/130/97
f 83/123/98 82/23/98 98/131/98
f 308/25/99 97/120/99 112/132/99
f 90/122/100 106/133/100 91/124/100
f 83/123/101 99/134/101 84/125/101
f 91/124/102 107/135/102 92/126/102
f 85/127/103 99/134/103 100/136/103
f 93/128/104 107/135/104 108/137/104
f 85/127/105 101/138/105 86/108/105
f 93/128/106 109/139/106 94/109/106
f 87/110/107 101/138/107 102/140/107
f 95/112/108 109/139/108 110/141/108
f 87/110/109 103/142/109 88/113/109
f 95/115/110 111/143/110 96/116/110
f 89/119/111 103/144/111 104/129/111
f 96/116/112 112/132/112 97/120/112
f 108/137/113 124/145/113 109/139/113
f 102/140/114 116/146/114 117/147/114
f 110/141/115 124/145/115 125/148/115
f 102/140/116 118/149/116 103/142/116
f 111/143/117 125/150/117 126/151/117
f 104/129/118 118/152/118 119/153/118
f 111/143/119 127/154/119 112/132/119
f 105/130/120 119/153/120 120/155/120
f 98/131/121 82/23/121 113/156/121
f 308/25/122 112/132/122 127/154/122
f 105/130/123 121/157/123 106/133/123
f 98/131/124 114/158/124 99/134/124
f 106/133/125 122/159/125 107/135/125
f 99/134/126 115/160/126 100/136/126
f 108/137/127 122/159/127 123/161/127
f 100/136/128 116/146/128 101/138/128
f 113/156/129 82/23/129 128/162/129
f 308/25/130 127/154/130 142/163/130
f 120/155/131 136/164/131 121/157/131
f 114/158/132 128/162/132 129/165/132
f 121/157/133 137/166/133 122/159/133
f 115/160/134 129/165/134 130/167/134
f 123/161/135 137/166/135 138/168/135
f 115/160/136 131/169/136 116/146/136
f 123/161/137 139/170/137 124/145/137
f 117/147/138 131/169/138 132/171/138
f 125/148/139 139/170/139 140/172/139
f 117/147/140 133/173/140 118/149/140
f 125/150/141 141/174/141 126/151/141
f 119/175/142 133/173/142 134/176/142
f 126/151/143 142/163/143 127/154/143
f 120/155/144 134/177/144 135/178/144
f 132/171/145 146/179/145 147/180/145
f 140/172/146 154/181/146 155/182/146
f 132/171/147 148/183/147 133/173/147
f 141/174/148 155/184/148 156/185/148
f 134/176/149 148/183/149 149/186/149
f 141/174/150 157/187/150 142/163/150
f 135/178/151 149/188/151 150/189/151
f 128/162/152 82/23/152 143/190/152
f 308/25/153 142/163/153 157/187/153
f 135/178/154 151/191/154 136/164/154
f 128/162/155 144/192/155 129/165/155
f 136/164/156 152/193/156 137/166/156
f 129/165/157 145/194/157 130/167/157
f 138/168/158 152/193/158 153/195/158
f 130/167/159 146/179/159 131/169/159
f 138/168/160 154/181/160 139/170/160
f 150/189/161 166/196/161 151/191/161
f 143/190/162 159/197/162 144/192/162
f 151/191/163 167/198/163 152/193/163
f 144/192/164 160/199/164 145/194/164
f 153/195/165 167/198/165 168/200/165
f 145/194/166 161/201/166 146/179/166
f 153/195/167 169/202/167 154/181/167
f 147/180/168 161/201/168 162/203/168
f 155/182/169 169/202/169 170/204/169
f 147/180/170 163/205/170 148/183/170
f 156/185/171 170/206/171 171/207/171
f 149/186/172 163/205/172 164/208/172
f 157/187/173 171/207/173 172/209/173
f 150/189/174 164/210/174 165/211/174
f 143/190/175 82/23/175 158/212/175
f 308/25/176 157/187/176 172/209/176
f 170/206/177 184/213/177 185/214/177
f 162/203/178 178/215/178 163/205/178
f 171/207/179 185/214/179 186/216/179
f 164/208/180 178/215/180 179/217/180
f 172/209/181 186/216/181 187/218/181
f 165/219/182 179/217/182 180/220/182
f 158/212/183 82/23/183 173/221/183
f 308/25/184 172/209/184 187/218/184
f 165/211/185 181/222/185 166/196/185
f 158/212/186 174/223/186 159/197/186
f 166/196/187 182/224/187 167/198/187
f 159/197/188 175/225/188 160/199/188
f 168/200/189 182/224/189 183/226/189
f 160/199/190 176/227/190 161/201/190
f 168/200/191 184/228/191 169/202/191
f 162/203/192 176/227/192 177/229/192
f 181/222/193 197/230/193 182/224/193
f 175/225/194 189/231/194 190/232/194
f 183/226/195 197/230/195 198/233/195
f 175/225/196 191/234/196 176/227/196
f 183/226/197 199/235/197 184/228/197
f 177/229/198 191/234/198 192/236/198
f 185/214/199 199/237/199 200/238/199
f 177/229/200 193/239/200 178/215/200
f 185/214/201 201/240/201 186/216/201
f 179/217/202 193/239/202 194/241/202
f 186/216/203 202/242/203 187/218/203
f 180/220/204 194/241/204 195/243/204
f 173/221/205 82/23/205 188/244/205
f 308/25/206 187/218/206 202/242/206
f 180/245/207 196/246/207 181/247/207
f 174/223/208 188/244/208 189/231/208
f 201/240/209 215/248/209 216/249/209
f 194/250/210 208/251/210 209/252/210
f 202/242/211 216/249/211 217/253/211
f 195/254/212 209/252/212 210/255/212
f 188/244/213 82/23/213 203/256/213
f 308/25/214 202/242/214 217/253/214
f 195/254/215 211/257/215 196/246/215
f 188/244/216 204/258/216 189/231/216
f 196/246/217 212/259/217 197/260/217
f 189/231/218 205/261/218 190/232/218
f 198/262/219 212/259/219 213/263/219
f 190/232/220 206/264/220 191/234/220
f 198/262/221 214/265/221 199/266/221
f 192/236/222 206/264/222 207/267/222
f 200/238/223 214/268/223 215/248/223
f 192/236/224 208/269/224 193/239/224
f 204/258/225 220/270/225 205/261/225
f 213/263/226 227/271/226 228/272/226
f 205/261/227 221/273/227 206/264/227
f 213/263/228 229/274/228 214/265/228
f 207/267/229 221/273/229 222/275/229
f 215/248/230 229/276/230 230/277/230
f 207/278/231 223/279/231 208/251/231
f 216/249/232 230/277/232 231/280/232
f 209/252/233 223/279/233 224/281/233
f 217/253/234 231/280/234 232/282/234
f 210/255/235 224/281/235 225/283/235
f 203/256/236 82/23/236 218/284/236
f 308/25/237 217/253/237 232/282/237
f 210/255/238 226/285/238 211/257/238
f 203/256/239 219/286/239 204/258/239
f 211/257/240 227/271/240 212/259/240
f 224/281/241 238/287/241 239/288/241
f 231/280/242 247/289/242 232/282/242
f 225/283/243 239/288/243 240/290/243
f 218/284/244 82/23/244 233/291/244
f 308/25/245 232/282/245 247/289/245
f 225/283/246 241/292/246 226/285/246
f 219/286/247 233/291/247 234/293/247
f 226/285/248 242/294/248 227/271/248
f 219/286/249 235/295/249 220/270/249
f 228/272/250 242/294/250 243/296/250
f 220/270/251 236/297/251 221/273/251
f 228/272/252 244/298/252 229/274/252
f 222/275/253 236/297/253 237/299/253
f 230/277/254 244/300/254 245/301/254
f 222/302/255 238/287/255 223/279/255
f 231/280/256 245/301/256 246/303/256
f 243/296/257 257/304/257 258/305/257
f 235/295/258 251/306/258 236/297/258
f 243/296/259 259/307/259 244/298/259
f 237/308/260 251/309/260 252/310/260
f 245/301/261 259/311/261 260/312/261
f 237/308/262 253/313/262 238/287/262
f 245/301/263 261/314/263 246/303/263
f 239/288/264 253/313/264 254/315/264
f 246/303/265 262/316/265 247/289/265
f 240/290/266 254/315/266 255/317/266
f 233/291/267 82/23/267 248/318/267
f 308/25/268 247/289/268 262/316/268
f 240/290/269 256/319/269 241/292/269
f 234/293/270 248/318/270 249/320/270
f 241/292/271 257/304/271 242/294/271
f 235/295/272 249/320/272 250/321/272
f 261/314/273 277/322/273 262/316/273
f 255/317/274 269/323/274 270/324/274
f 248/318/275 82/23/275 263/325/275
f 308/25/276 262/316/276 277/322/276
f 255/317/277 271/326/277 256/319/277
f 249/320/278 263/325/278 264/327/278
f 256/319/279 272/328/279 257/304/279
f 249/320/280 265/329/280 250/321/280
f 258/305/281 272/328/281 273/330/281
f 250/321/282 266/331/282 251/306/282
f 258/305/283 274/332/283 259/307/283
f 252/310/284 266/333/284 267/334/284
f 260/312/285 274/335/285 275/336/285
f 252/310/286 268/337/286 253/313/286
f 261/314/287 275/336/287 276/338/287
f 254/315/288 268/337/288 269/323/288
f 265/339/289 281/340/289 266/333/289
f 273/330/290 289/341/290 274/332/290
f 267/334/291 281/340/291 282/342/291
f 275/336/292 289/343/292 290/344/292
f 267/334/293 283/345/293 268/337/293
f 275/336/294 291/346/294 276/338/294
f 269/323/295 283/345/295 284/347/295
f 276/338/296 292/348/296 277/322/296
f 270/324/297 284/347/297 285/349/297
f 263/325/298 82/23/298 278/350/298
f 308/25/299 277/322/299 292/348/299
f 270/324/300 286/351/300 271/326/300
f 263/325/301 279/352/301 264/327/301
f 271/326/302 287/353/302 272/328/302
f 264/327/303 280/354/303 265/329/303
f 273/330/304 287/353/304 288/355/304
f 285/349/305 299/356/305 300/357/305
f 278/350/306 82/23/306 293/358/306
f 308/25/307 292/348/307 307/359/307
f 285/349/308 301/360/308 286/351/308
f 278/350/309 294/361/309 279/352/309
f 286/351/310 302/362/310 287/353/310
f 280/354/311 294/361/311 295/363/311
f 288/355/312 302/362/312 303/364/312
f 280/365/313 296/366/313 281/340/313
f 288/355/314 304/367/314 289/341/314
f 282/342/315 296/366/315 297/368/315
f 290/344/316 304/369/316 305/370/316
f 282/342/317 298/371/317 283/345/317
f 290/344/318 306/372/318 291/346/318
f 284/347/319 298/371/319 299/356/319
f 292/348/320 306/372/320 307/359/320
f 303/364/321 320/373/321 304/367/321
f 297/374/322 312/375/322 313/376/322
f 305/370/323 320/377/323 321/378/323
f 297/368/324 314/379/324 298/371/324
f 305/370/325 322/380/325 306/372/325
f 299/356/326 314/379/326 315/381/326
f 306/372/327 323/382/327 307/359/327
f 300/357/328 315/381/328 316/383/328
f 293/358/329 82/23/329 309/384/329
f 308/25/330 307/359/330 323/382/330
f 300/357/331 317/385/331 301/360/331
f 294/361/332 309/384/332 310/386/332
f 301/360/333 318/387/333 302/362/333
f 295/363/334 310/386/334 311/388/334
f 303/364/335 318/387/335 319/389/335
f 295/390/336 312/375/336 296/391/336
f 308/25/337 323/382/337 338/392/337
f 316/393/338 332/394/338 317/395/338
f 309/384/339 325/396/339 310/386/339
f 317/385/340 333/397/340 318/387/340
f 310/398/341 326/399/341 311/400/341
f 319/389/342 333/397/342 334/401/342
f 311/400/343 327/402/343 312/375/343
f 319/403/344 335/404/344 320/377/344
f 313/376/345 327/402/345 328/405/345
f 321/378/346 335/404/346 336/406/346
f 313/376/347 329/407/347 314/408/347
f 321/378/348 337/409/348 322/380/348
f 315/410/349 329/407/349 330/411/349
f 323/382/350 337/409/350 338/392/350
f 316/393/351 330/411/351 331/412/351
f 309/384/352 82/23/352 324/413/352
f 336/406/353 350/414/353 351/415/353
f 328/405/354 344/416/354 329/407/354
f 336/406/355 352/417/355 337/409/355
f 330/411/356 344/416/356 345/418/356
f 338/392/357 352/417/357 353/419/357
f 331/412/358 345/418/358 346/420/358
f 324/413/359 82/23/359 339/421/359
f 308/25/360 338/392/360 353/419/360
f 331/412/361 347/422/361 332/394/361
f 324/413/362 340/423/362 325/396/362
f 332/394/363 348/424/363 333/425/363
f 326/399/364 340/426/364 341/427/364
f 334/428/365 348/424/365 349/429/365
f 326/399/366 342/430/366 327/402/366
f 334/431/367 350/414/367 335/404/367
f 328/405/368 342/430/368 343/432/368
f 339/421/369 355/433/369 340/423/369
f 347/422/370 363/434/370 348/424/370
f 341/427/371 355/435/371 356/436/371
f 349/429/372 363/434/372 364/437/372
f 341/427/373 357/438/373 342/430/373
f 349/429/374 365/439/374 350/440/374
f 343/432/375 357/438/375 358/441/375
f 351/415/376 365/442/376 366/443/376
f 343/432/377 359/444/377 344/416/377
f 351/415/378 367/445/378 352/417/378
f 345/418/379 359/444/379 360/446/379
f 353/419/380 367/445/380 368/447/380
f 346/420/381 360/446/381 361/448/381
f 339/421/382 82/23/382 354/449/382
f 308/25/383 353/419/383 368/447/383
f 346/420/384 362/450/384 347/422/384
f 358/441/385 374/451/385 359/444/385
f 366/443/386 382/452/386 367/445/386
f 360/446/387 374/451/387 375/453/387
f 367/445/388 383/454/388 368/447/388
f 361/448/389 375/453/389 376/455/389
f 354/449/390 82/23/390 369/456/390
f 308/25/391 368/447/391 383/454/391
f 361/448/392 377/457/392 362/450/392
f 355/433/393 369/456/393 370/458/393
f 362/450/394 378/459/394 363/434/394
f 356/436/395 370/460/395 371/461/395
f 364/437/396 378/459/396 379/462/396
f 356/436/397 372/463/397 357/438/397
f 364/437/398 380/464/398 365/439/398
f 358/441/399 372/463/399 373/465/399
f 366/443/400 380/466/400 381/467/400
f 377/457/401 393/468/401 378/459/401
f 371/461/402 385/469/402 386/470/402
f 379/462/403 393/468/403 394/471/403
f 371/461/404 387/472/404 372/463/404
f 379/462/405 395/473/405 380/464/405
f 373/465/406 387/472/406 388/474/406
f 381/467/407 395/475/407 396/476/407
f 373/465/408 389/477/408 374/451/408
f 381/467/409 397/478/409 382/452/409
f 375/453/410 389/477/410 390/479/410
f 382/452/411 398/480/411 383/454/411
f 376/455/412 390/479/412 391/481/412
f 369/456/413 82/23/413 384/482/413
f 308/25/414 383/454/414 398/480/414
f 376/455/415 392/483/415 377/457/415
f 370/458/416 384/482/416 385/484/416
f 396/476/417 412/485/417 397/478/417
f 390/479/418 404/486/418 405/487/418
f 398/480/419 412/485/419 413/488/419
f 391/481/420 405/487/420 406/489/420
f 384/482/421 82/23/421 399/490/421
f 308/25/422 398/480/422 413/488/422
f 391/481/423 407/491/423 392/483/423
f 384/482/424 400/492/424 385/484/424
f 392/483/425 408/493/425 393/468/425
f 386/470/426 400/494/426 401/495/426
f 394/471/427 408/493/427 409/496/427
f 386/470/428 402/497/428 387/472/428
f 394/498/429 410/499/429 395/475/429
f 388/474/430 402/497/430 403/500/430
f 396/476/431 410/499/431 411/501/431
f 388/474/432 404/486/432 389/477/432
f 401/495/433 415/502/433 416/503/433
f 409/496/434 423/504/434 424/505/434
f 401/495/435 417/506/435 402/497/435
f 409/507/436 425/508/436 410/499/436
f 403/500/437 417/506/437 418/509/437
f 411/501/438 425/508/438 426/510/438
f 403/500/439 419/511/439 404/486/439
f 411/501/440 427/512/440 412/485/440
f 405/487/441 419/511/441 420/513/441
f 412/485/442 428/514/442 413/488/442
f 406/489/443 420/513/443 421/515/443
f 399/490/444 82/23/444 414/516/444
f 308/25/445 413/488/445 428/514/445
f 406/489/446 422/517/446 407/491/446
f 399/490/447 415/518/447 400/492/447
f 407/491/448 423/504/448 408/493/448
f 420/513/449 434/519/449 435/520/449
f 428/514/450 442/521/450 443/522/450
f 421/515/451 435/520/451 436/523/451
f 414/516/452 82/23/452 429/524/452
f 308/25/453 428/514/453 443/522/453
f 421/515/454 437/525/454 422/517/454
f 414/516/455 430/526/455 415/518/455
f 422/517/456 438/527/456 423/504/456
f 416/503/457 430/528/457 431/529/457
f 424/505/458 438/527/458 439/530/458
f 416/503/459 432/531/459 417/506/459
f 424/532/460 440/533/460 425/508/460
f 418/509/461 432/531/461 433/534/461
f 426/510/462 440/533/462 441/535/462
f 418/509/463 434/519/463 419/511/463
f 426/510/464 442/521/464 427/512/464
f 439/536/465 453/537/465 454/538/465
f 431/539/466 447/540/466 432/541/466
f 439/542/467 455/543/467 440/533/467
f 433/544/468 447/540/468 448/545/468
f 441/535/469 455/543/469 456/546/469
f 433/544/470 449/547/470 434/548/470
f 441/535/471 457/549/471 442/521/471
f 435/550/472 449/547/472 450/551/472
f 442/521/473 458/552/473 443/522/473
f 436/553/474 450/551/474 451/554/474
f 429/524/475 82/23/475 444/555/475
f 308/25/476 443/522/476 458/552/476
f 436/553/477 452/556/477 437/557/477
f 430/526/478 444/555/478 445/558/478
f 437/557/479 453/537/479 438/559/479
f 431/560/480 445/558/480 446/561/480
f 458/552/481 472/562/481 473/563/481
f 451/554/482 465/564/482 466/565/482
f 444/555/483 82/23/483 459/566/483
f 308/25/484 458/552/484 473/563/484
f 451/554/485 467/567/485 452/556/485
f 444/555/486 460/568/486 445/558/486
f 452/556/487 468/569/487 453/537/487
f 446/561/488 460/568/488 461/570/488
f 454/538/489 468/569/489 469/571/489
f 446/572/490 462/573/490 447/540/490
f 454/574/491 470/575/491 455/543/491
f 448/545/492 462/573/492 463/576/492
f 456/546/493 470/575/493 471/577/493
f 448/545/494 464/578/494 449/547/494
f 456/546/495 472/562/495 457/549/495
f 450/551/496 464/578/496 465/564/496
f 469/579/497 479/9/497 470/575/497
f 463/576/498 476/1/498 2/8/498
f 471/577/499 479/9/499 480/11/499
f 464/578/500 2/8/500 477/12/500
f 471/577/501 481/15/501 472/562/501
f 465/564/502 477/12/502 3/16/502
f 472/562/503 482/19/503 473/563/503
f 466/565/504 3/16/504 4/21/504
f 459/566/505 82/23/505 474/22/505
f 308/25/506 473/563/506 482/19/506
f 466/565/507 5/27/507 467/567/507
f 459/566/508 475/28/508 460/568/508
f 467/567/509 478/31/509 468/569/509
f 461/570/510 475/28/510 1/32/510
f 468/569/511 6/34/511 469/571/511
f 462/573/512 1/580/512 476/1/512
f 483/581/513 492/582/513 958/583/513
f 961/584/514 499/585/514 500/586/514
f 958/587/515 493/588/515 484/589/515
f 962/590/516 500/586/516 501/591/516
f 484/589/517 494/592/517 959/593/517
f 963/594/518 501/591/518 502/595/518
f 959/593/519 495/596/519 485/597/519
f 964/598/520 502/595/520 503/599/520
f 485/597/521 496/600/521 486/601/521
f 956/602/522 564/603/522 489/604/522
f 790/605/523 964/598/523 503/599/523
f 487/606/524 496/600/524 497/607/524
f 956/602/525 490/608/525 957/609/525
f 960/610/526 497/607/526 498/611/526
f 957/609/527 491/612/527 483/581/527
f 488/613/528 498/614/528 499/585/528
f 490/608/529 506/615/529 491/612/529
f 499/585/530 513/616/530 514/617/530
f 491/612/531 507/618/531 492/582/531
f 500/586/532 514/617/532 515/619/532
f 492/620/533 508/621/533 493/588/533
f 501/591/534 515/619/534 516/622/534
f 493/588/535 509/623/535 494/592/535
f 502/595/536 516/622/536 517/624/536
f 494/592/537 510/625/537 495/596/537
f 503/599/538 517/624/538 518/626/538
f 495/596/539 511/627/539 496/600/539
f 489/604/540 564/603/540 504/628/540
f 790/605/541 503/599/541 518/626/541
f 497/607/542 511/627/542 512/629/542
f 489/604/543 505/630/543 490/608/543
f 498/611/544 512/629/544 513/631/544
f 509/623/545 525/632/545 510/625/545
f 518/626/546 532/633/546 533/634/546
f 510/625/547 526/635/547 511/627/547
f 504/628/548 564/603/548 519/636/548
f 790/605/549 518/626/549 533/634/549
f 512/629/550 526/635/550 527/637/550
f 504/628/551 520/638/551 505/630/551
f 513/631/552 527/637/552 528/639/552
f 505/630/553 521/640/553 506/615/553
f 514/641/554 528/642/554 529/643/554
f 506/615/555 522/644/555 507/618/555
f 515/619/556 529/645/556 530/646/556
f 507/618/557 523/647/557 508/648/557
f 516/622/558 530/646/558 531/649/558
f 508/621/559 524/650/559 509/623/559
f 517/624/560 531/649/560 532/633/560
f 529/643/561 543/651/561 544/652/561
f 521/640/562 537/653/562 522/644/562
f 530/646/563 544/654/563 545/655/563
f 522/644/564 538/656/564 523/647/564
f 531/649/565 545/655/565 546/657/565
f 523/647/566 539/658/566 524/659/566
f 532/633/567 546/657/567 547/660/567
f 524/650/568 540/661/568 525/632/568
f 533/634/569 547/660/569 548/662/569
f 525/632/570 541/663/570 526/635/570
f 519/636/571 564/603/571 534/664/571
f 790/605/572 533/634/572 548/662/572
f 527/637/573 541/663/573 542/665/573
f 519/636/574 535/666/574 520/638/574
f 528/642/575 542/667/575 543/651/575
f 520/638/576 536/668/576 521/640/576
f 548/662/577 562/669/577 563/670/577
f 540/671/578 556/672/578 541/673/578
f 534/664/579 564/603/579 549/674/579
f 790/605/580 548/662/580 563/670/580
f 542/667/581 556/672/581 557/675/581
f 534/664/582 550/676/582 535/666/582
f 543/651/583 557/675/583 558/677/583
f 535/666/584 551/678/584 536/668/584
f 544/652/585 558/677/585 559/679/585
f 536/668/586 552/680/586 537/653/586
f 545/681/587 559/679/587 560/682/587
f 537/653/588 553/683/588 538/656/588
f 546/657/589 560/684/589 561/685/589
f 538/656/590 554/686/590 539/658/590
f 547/660/591 561/685/591 562/669/591
f 539/687/592 555/688/592 540/661/592
f 551/678/593 568/689/593 552/680/593
f 560/682/594 575/690/594 576/691/594
f 552/680/595 569/692/595 553/683/595
f 561/685/596 576/693/596 577/694/596
f 553/683/597 570/695/597 554/686/597
f 562/669/598 577/694/598 578/696/598
f 554/686/599 571/697/599 555/698/599
f 563/670/600 578/696/600 579/699/600
f 555/700/601 572/701/601 556/672/601
f 549/674/602 564/603/602 565/702/602
f 790/605/603 563/670/603 579/699/603
f 557/675/604 572/701/604 573/703/604
f 549/674/605 566/704/605 550/676/605
f 558/677/606 573/703/606 574/705/606
f 550/676/607 567/706/607 551/678/607
f 559/679/608 574/705/608 575/690/608
f 571/707/609 587/708/609 572/701/609
f 565/702/610 564/603/610 580/709/610
f 790/605/611 579/699/611 594/710/611
f 573/703/612 587/708/612 588/711/612
f 565/702/613 581/712/613 566/704/613
f 574/705/614 588/711/614 589/713/614
f 566/704/615 582/714/615 567/706/615
f 575/690/616 589/713/616 590/715/616
f 567/706/617 583/716/617 568/689/617
f 576/691/618 590/715/618 591/717/618
f 568/689/619 584/718/619 569/692/619
f 577/694/620 591/719/620 592/720/620
f 569/692/621 585/721/621 570/695/621
f 578/696/622 592/720/622 593/722/622
f 570/695/623 586/723/623 571/697/623
f 579/699/624 593/722/624 594/710/624
f 591/717/625 605/724/625 606/725/625
f 583/716/626 599/726/626 584/718/626
f 592/720/627 606/727/627 607/728/627
f 584/718/628 600/729/628 585/721/628
f 593/722/629 607/728/629 608/730/629
f 585/721/630 601/731/630 586/723/630
f 594/710/631 608/730/631 609/732/631
f 586/733/632 602/734/632 587/708/632
f 580/709/633 564/603/633 595/735/633
f 790/605/634 594/710/634 609/732/634
f 588/711/635 602/734/635 603/736/635
f 580/709/636 596/737/636 581/712/636
f 589/713/637 603/736/637 604/738/637
f 581/712/638 597/739/638 582/714/638
f 590/715/639 604/738/639 605/724/639
f 582/714/640 598/740/640 583/716/640
f 790/605/641 609/732/641 624/741/641
f 602/734/642 618/742/642 603/736/642
f 596/737/643 610/743/643 611/744/643
f 603/736/644 619/745/644 604/738/644
f 597/739/645 611/744/645 612/746/645
f 604/738/646 620/747/646 605/724/646
f 598/740/647 612/746/647 613/748/647
f 605/724/648 621/749/648 606/725/648
f 599/726/649 613/748/649 614/750/649
f 606/727/650 622/751/650 607/728/650
f 600/729/651 614/750/651 615/752/651
f 607/728/652 623/753/652 608/730/652
f 601/731/653 615/752/653 616/754/653
f 608/730/654 624/741/654 609/732/654
f 602/734/655 616/755/655 617/756/655
f 595/735/656 564/603/656 610/743/656
f 621/757/657 637/758/657 622/751/657
f 615/752/658 629/759/658 630/760/658
f 622/751/659 638/761/659 623/753/659
f 616/754/660 630/760/660 631/762/660
f 623/753/661 639/763/661 624/741/661
f 617/756/662 631/764/662 632/765/662
f 610/743/663 564/603/663 625/766/663
f 790/605/664 624/741/664 639/763/664
f 617/756/665 633/767/665 618/742/665
f 611/744/666 625/766/666 626/768/666
f 618/742/667 634/769/667 619/745/667
f 612/746/668 626/768/668 627/770/668
f 619/745/669 635/771/669 620/747/669
f 613/748/670 627/770/670 628/772/670
f 620/747/671 636/773/671 621/749/671
f 614/750/672 628/772/672 629/759/672
f 626/768/673 640/774/673 641/775/673
f 633/767/674 649/776/674 634/769/674
f 627/770/675 641/775/675 642/777/675
f 634/769/676 650/778/676 635/771/676
f 628/772/677 642/777/677 643/779/677
f 635/771/678 651/780/678 636/773/678
f 629/759/679 643/779/679 644/781/679
f 636/782/680 652/783/680 637/758/680
f 630/760/681 644/781/681 645/784/681
f 637/758/682 653/785/682 638/761/682
f 631/762/683 645/784/683 646/786/683
f 638/761/684 654/787/684 639/763/684
f 632/765/685 646/788/685 647/789/685
f 625/766/686 564/603/686 640/774/686
f 790/605/687 639/763/687 654/787/687
f 632/765/688 648/790/688 633/767/688
f 645/784/689 659/791/689 660/792/689
f 652/783/690 668/793/690 653/785/690
f 646/786/691 660/792/691 661/794/691
f 653/785/692 669/795/692 654/787/692
f 647/796/693 661/794/693 662/797/693
f 640/774/694 564/603/694 655/798/694
f 790/605/695 654/787/695 669/795/695
f 647/789/696 663/799/696 648/790/696
f 641/775/697 655/798/697 656/800/697
f 648/790/698 664/801/698 649/776/698
f 642/777/699 656/800/699 657/802/699
f 649/776/700 665/803/700 650/778/700
f 643/779/701 657/802/701 658/804/701
f 650/805/702 666/806/702 651/807/702
f 644/781/703 658/804/703 659/791/703
f 651/807/704 667/808/704 652/783/704
f 663/799/705 679/809/705 664/801/705
f 657/802/706 671/810/706 672/811/706
f 664/801/707 680/812/707 665/803/707
f 658/804/708 672/811/708 673/813/708
f 665/814/709 681/815/709 666/806/709
f 659/791/710 673/813/710 674/816/710
f 666/806/711 682/817/711 667/808/711
f 660/792/712 674/816/712 675/818/712
f 667/808/713 683/819/713 668/793/713
f 661/794/714 675/818/714 676/820/714
f 668/793/715 684/821/715 669/795/715
f 662/797/716 676/820/716 677/822/716
f 655/798/717 564/603/717 670/823/717
f 790/605/718 669/795/718 684/821/718
f 662/824/719 678/825/719 663/799/719
f 656/800/720 670/823/720 671/810/720
f 682/817/721 698/826/721 683/819/721
f 676/820/722 690/827/722 691/828/722
f 683/819/723 699/829/723 684/821/723
f 677/830/724 691/831/724 692/832/724
f 670/823/725 564/603/725 685/833/725
f 790/605/726 684/821/726 699/829/726
f 677/830/727 693/834/727 678/835/727
f 671/810/728 685/833/728 686/836/728
f 678/835/729 694/837/729 679/838/729
f 672/811/730 686/836/730 687/839/730
f 679/840/731 695/841/731 680/842/731
f 673/813/732 687/839/732 688/843/732
f 680/842/733 696/844/733 681/815/733
f 674/816/734 688/843/734 689/845/734
f 681/815/735 697/846/735 682/817/735
f 675/818/736 689/845/736 690/827/736
f 687/839/737 701/847/737 702/848/737
f 694/837/738 710/849/738 695/850/738
f 688/843/739 702/848/739 703/851/739
f 695/841/740 711/852/740 696/844/740
f 689/845/741 703/851/741 704/853/741
f 696/844/742 712/854/742 697/846/742
f 690/827/743 704/853/743 705/855/743
f 697/846/744 713/856/744 698/826/744
f 691/828/745 705/855/745 706/857/745
f 698/826/746 714/858/746 699/829/746
f 692/832/747 706/859/747 707/860/747
f 685/833/748 564/603/748 700/861/748
f 790/605/749 699/829/749 714/858/749
f 692/832/750 708/862/750 693/834/750
f 686/836/751 700/861/751 701/847/751
f 693/834/752 709/863/752 694/837/752
f 706/859/753 720/864/753 721/865/753
f 713/856/754 729/866/754 714/858/754
f 707/860/755 721/865/755 722/867/755
f 700/861/756 564/603/756 715/868/756
f 790/605/757 714/858/757 729/866/757
f 707/860/758 723/869/758 708/862/758
f 701/847/759 715/868/759 716/870/759
f 708/862/760 724/871/760 709/863/760
f 702/848/761 716/870/761 717/872/761
f 709/863/762 725/873/762 710/849/762
f 703/851/763 717/872/763 718/874/763
f 710/875/764 726/876/764 711/852/764
f 704/853/765 718/874/765 719/877/765
f 711/852/766 727/878/766 712/854/766
f 705/855/767 719/877/767 720/879/767
f 712/854/768 728/880/768 713/856/768
f 725/873/769 739/881/769 740/882/769
f 717/872/770 733/883/770 718/874/770
f 726/876/771 740/884/771 741/885/771
f 718/874/772 734/886/772 719/877/772
f 727/878/773 741/885/773 742/887/773
f 719/888/774 735/889/774 720/864/774
f 728/880/775 742/887/775 743/890/775
f 720/864/776 736/891/776 721/865/776
f 729/866/777 743/890/777 744/892/777
f 721/865/778 737/893/778 722/867/778
f 715/868/779 564/603/779 730/894/779
f 790/605/780 729/866/780 744/892/780
f 723/869/781 737/893/781 738/895/781
f 715/868/782 731/896/782 716/870/782
f 724/871/783 738/895/783 739/881/783
f 716/870/784 732/897/784 717/872/784
f 744/892/785 758/898/785 759/899/785
f 736/891/786 752/900/786 737/893/786
f 730/894/787 564/603/787 745/901/787
f 790/605/788 744/892/788 759/899/788
f 738/895/789 752/900/789 753/902/789
f 730/894/790 746/903/790 731/896/790
f 739/881/791 753/902/791 754/904/791
f 731/896/792 747/905/792 732/897/792
f 740/882/793 754/904/793 755/906/793
f 732/897/794 748/907/794 733/883/794
f 741/885/795 755/908/795 756/909/795
f 733/883/796 749/910/796 734/886/796
f 742/887/797 756/909/797 757/911/797
f 734/912/798 750/913/798 735/889/798
f 743/890/799 757/911/799 758/898/799
f 735/889/800 751/914/800 736/891/800
f 756/909/801 770/915/801 771/916/801
f 748/907/802 764/917/802 749/910/802
f 757/911/803 771/916/803 772/918/803
f 749/919/804 765/920/804 750/913/804
f 758/898/805 772/918/805 773/921/805
f 750/913/806 766/922/806 751/914/806
f 759/899/807 773/921/807 774/923/807
f 751/914/808 767/924/808 752/900/808
f 745/901/809 564/603/809 760/925/809
f 790/605/810 759/899/810 774/923/810
f 753/902/811 767/924/811 768/926/811
f 745/901/812 761/927/812 746/903/812
f 754/904/813 768/926/813 769/928/813
f 746/903/814 762/929/814 747/905/814
f 755/906/815 769/928/815 770/930/815
f 747/905/816 763/931/816 748/907/816
f 760/925/817 564/603/817 775/932/817
f 790/605/818 774/923/818 789/933/818
f 768/926/819 782/934/819 783/935/819
f 760/925/820 776/936/820 761/927/820
f 769/928/821 783/935/821 784/937/821
f 761/927/822 777/938/822 762/929/822
f 770/930/823 784/937/823 785/939/823
f 762/929/824 778/940/824 763/931/824
f 771/916/825 785/941/825 786/942/825
f 763/943/826 779/944/826 764/945/826
f 772/918/827 786/942/827 787/946/827
f 764/947/828 780/948/828 765/920/828
f 773/921/829 787/946/829 788/949/829
f 765/920/830 781/950/830 766/922/830
f 774/923/831 788/949/831 789/933/831
f 766/922/832 782/934/832 767/924/832
f 778/951/833 795/952/833 779/944/833
f 787/946/834 802/953/834 803/954/834
f 779/944/835 796/955/835 780/956/835
f 788/949/836 803/954/836 804/957/836
f 780/956/837 797/958/837 781/959/837
f 789/933/838 804/957/838 805/960/838
f 781/959/839 798/961/839 782/962/839
f 775/932/840 564/603/840 791/963/840
f 790/605/841 789/933/841 805/960/841
f 783/935/842 798/964/842 799/965/842
f 775/932/843 792/966/843 776/936/843
f 784/937/844 799/965/844 800/967/844
f 776/936/845 793/968/845 777/938/845
f 785/939/846 800/967/846 801/969/846
f 777/970/847 794/971/847 778/951/847
f 786/942/848 801/972/848 802/953/848
f 799/973/849 813/974/849 814/975/849
f 791/963/850 807/976/850 792/966/850
f 800/977/851 814/975/851 815/978/851
f 792/966/852 808/979/852 793/968/852
f 801/972/853 815/980/853 816/981/853
f 793/982/854 809/983/854 794/971/854
f 802/953/855 816/981/855 817/984/855
f 794/971/856 810/985/856 795/952/856
f 803/954/857 817/984/857 818/986/857
f 795/952/858 811/987/858 796/955/858
f 804/957/859 818/986/859 819/988/859
f 796/955/860 812/989/860 797/958/860
f 805/960/861 819/988/861 820/990/861
f 797/958/862 813/974/862 798/961/862
f 791/963/863 564/603/863 806/991/863
f 790/605/864 805/960/864 820/990/864
f 818/986/865 832/992/865 833/993/865
f 810/985/866 826/994/866 811/987/866
f 819/988/867 833/993/867 834/995/867
f 811/987/868 827/996/868 812/989/868
f 820/990/869 834/995/869 835/997/869
f 812/989/870 828/998/870 813/974/870
f 806/991/871 564/603/871 821/999/871
f 790/605/872 820/990/872 835/997/872
f 814/975/873 828/998/873 829/1000/873
f 806/991/874 822/1001/874 807/976/874
f 815/978/875 829/1000/875 830/1002/875
f 807/976/876 823/1003/876 808/979/876
f 816/1004/877 830/1002/877 831/1005/877
f 808/1006/878 824/1007/878 809/983/878
f 817/984/879 831/1008/879 832/992/879
f 809/983/880 825/1009/880 810/985/880
f 821/999/881 837/1010/881 822/1001/881
f 830/1002/882 844/1011/882 845/1012/882
f 822/1013/883 838/1014/883 823/1015/883
f 831/1005/884 845/1012/884 846/1016/884
f 823/1015/885 839/1017/885 824/1007/885
f 832/992/886 846/1018/886 847/1019/886
f 824/1007/887 840/1020/887 825/1009/887
f 833/993/888 847/1019/888 848/1021/888
f 825/1009/889 841/1022/889 826/994/889
f 834/995/890 848/1021/890 849/1023/890
f 826/994/891 842/1024/891 827/996/891
f 835/997/892 849/1023/892 850/1025/892
f 827/996/893 843/1026/893 828/998/893
f 821/999/894 564/603/894 836/1027/894
f 790/605/895 835/997/895 850/1025/895
f 829/1000/896 843/1026/896 844/1011/896
f 841/1022/897 855/1028/897 856/1029/897
f 848/1021/898 864/1030/898 849/1023/898
f 842/1024/899 856/1029/899 857/1031/899
f 849/1023/900 865/1032/900 850/1025/900
f 843/1026/901 857/1031/901 858/1033/901
f 836/1027/902 564/603/902 851/1034/902
f 790/605/903 850/1025/903 865/1032/903
f 843/1026/904 859/1035/904 844/1011/904
f 837/1010/905 851/1034/905 852/1036/905
f 844/1011/906 860/1037/906 845/1012/906
f 838/1014/907 852/1038/907 853/1039/907
f 845/1012/908 861/1040/908 846/1016/908
f 839/1017/909 853/1039/909 854/1041/909
f 846/1018/910 862/1042/910 847/1019/910
f 840/1020/911 854/1041/911 855/1028/911
f 847/1019/912 863/1043/912 848/1021/912
f 859/1035/913 875/1044/913 860/1037/913
f 853/1039/914 867/1045/914 868/1046/914
f 860/1037/915 876/1047/915 861/1040/915
f 854/1041/916 868/1046/916 869/1048/916
f 861/1049/917 877/1050/917 862/1042/917
f 855/1028/918 869/1048/918 870/1051/918
f 862/1042/919 878/1052/919 863/1043/919
f 856/1029/920 870/1051/920 871/1053/920
f 863/1043/921 879/1054/921 864/1030/921
f 857/1031/922 871/1053/922 872/1055/922
f 864/1030/923 880/1056/923 865/1032/923
f 858/1033/924 872/1055/924 873/1057/924
f 851/1034/925 564/603/925 866/1058/925
f 790/605/926 865/1032/926 880/1056/926
f 858/1033/927 874/1059/927 859/1035/927
f 852/1036/928 866/1058/928 867/1060/928
f 878/1052/929 894/1061/929 879/1054/929
f 872/1055/930 886/1062/930 887/1063/930
f 879/1054/931 895/1064/931 880/1056/931
f 873/1057/932 887/1063/932 888/1065/932
f 866/1058/933 564/603/933 881/1066/933
f 790/605/934 880/1056/934 895/1064/934
f 873/1057/935 889/1067/935 874/1059/935
f 867/1060/936 881/1066/936 882/1068/936
f 874/1059/937 890/1069/937 875/1044/937
f 868/1046/938 882/1070/938 883/1071/938
f 875/1044/939 891/1072/939 876/1047/939
f 869/1048/940 883/1071/940 884/1073/940
f 876/1074/941 892/1075/941 877/1050/941
f 870/1051/942 884/1073/942 885/1076/942
f 877/1050/943 893/1077/943 878/1052/943
f 871/1053/944 885/1076/944 886/1062/944
f 890/1069/945 906/1078/945 891/1072/945
f 884/1073/946 898/1079/946 899/1080/946
f 891/1081/947 907/1082/947 892/1075/947
f 885/1076/948 899/1080/948 900/1083/948
f 892/1075/949 908/1084/949 893/1077/949
f 886/1062/950 900/1083/950 901/1085/950
f 893/1077/951 909/1086/951 894/1061/951
f 887/1063/952 901/1085/952 902/1087/952
f 894/1061/953 910/1088/953 895/1064/953
f 888/1065/954 902/1087/954 903/1089/954
f 881/1066/955 564/603/955 896/1090/955
f 790/605/956 895/1064/956 910/1088/956
f 888/1065/957 904/1091/957 889/1067/957
f 882/1068/958 896/1090/958 897/1092/958
f 889/1067/959 905/1093/959 890/1069/959
f 883/1094/960 897/1092/960 898/1095/960
f 909/1086/961 925/1096/961 910/1088/961
f 903/1089/962 917/1097/962 918/1098/962
f 896/1090/963 564/603/963 911/1099/963
f 790/605/964 910/1088/964 925/1096/964
f 903/1089/965 919/1100/965 904/1091/965
f 897/1092/966 911/1099/966 912/1101/966
f 904/1091/967 920/1102/967 905/1093/967
f 898/1095/968 912/1101/968 913/1103/968
f 905/1104/969 921/1105/969 906/1106/969
f 899/1080/970 913/1107/970 914/1108/970
f 906/1106/971 922/1109/971 907/1082/971
f 900/1083/972 914/1108/972 915/1110/972
f 907/1082/973 923/1111/973 908/1084/973
f 901/1085/974 915/1110/974 916/1112/974
f 908/1084/975 924/1113/975 909/1086/975
f 902/1087/976 916/1112/976 917/1097/976
f 914/1108/977 928/1114/977 929/1115/977
f 921/1105/978 937/1116/978 922/1109/978
f 915/1110/979 929/1115/979 930/1117/979
f 922/1109/980 938/1118/980 923/1111/980
f 916/1112/981 930/1117/981 931/1119/981
f 923/1111/982 939/1120/982 924/1113/982
f 917/1097/983 931/1119/983 932/1121/983
f 924/1113/984 940/1122/984 925/1096/984
f 918/1098/985 932/1121/985 933/1123/985
f 911/1099/986 564/603/986 926/1124/986
f 790/605/987 925/1096/987 940/1122/987
f 918/1098/988 934/1125/988 919/1100/988
f 912/1101/989 926/1124/989 927/1126/989
f 919/1100/990 935/1127/990 920/1102/990
f 913/1103/991 927/1126/991 928/1128/991
f 920/1129/992 936/1130/992 921/1105/992
f 933/1131/993 947/1132/993 948/1133/993
f 926/1124/994 564/603/994 941/1134/994
f 790/605/995 940/1122/995 955/1135/995
f 933/1131/996 949/1136/996 934/1137/996
f 927/1126/997 941/1134/997 942/1138/997
f 934/1137/998 950/1139/998 935/1140/998
f 928/1128/999 942/1138/999 943/1141/999
f 935/1142/1000 951/1143/1000 936/1130/1000
f 929/1144/1001 943/1141/1001 944/1145/1001
f 936/1130/1002 952/1146/1002 937/1116/1002
f 930/1147/1003 944/1148/1003 945/1149/1003
f 937/1116/1004 953/1150/1004 938/1118/1004
f 931/1151/1005 945/1149/1005 946/1152/1005
f 938/1118/1006 954/1153/1006 939/1120/1006
f 932/1154/1007 946/1152/1007 947/1132/1007
f 939/1120/1008 955/1135/1008 940/1122/1008
f 951/1143/1009 961/584/1009 952/1146/1009
f 945/1149/1010 958/587/1010 484/589/1010
f 952/1146/1011 962/590/1011 953/1150/1011
f 946/1152/1012 484/589/1012 959/593/1012
f 953/1150/1013 963/594/1013 954/1153/1013
f 947/1132/1014 959/593/1014 485/597/1014
f 954/1153/1015 964/598/1015 955/1135/1015
f 948/1133/1016 485/597/1016 486/601/1016
f 941/1134/1017 564/603/1017 956/602/1017
f 790/605/1018 955/1135/1018 964/598/1018
f 948/1133/1019 487/606/1019 949/1136/1019
f 942/1138/1020 956/602/1020 957/609/1020
f 949/1136/1021 960/610/1021 950/1139/1021
f 943/1141/1022 957/609/1022 483/581/1022
f 950/1155/1023 488/613/1023 951/1143/1023
f 944/1145/1024 483/581/1024 958/583/1024
f 965/1156/513 974/1157/513 1440/1158/513
f 1443/1159/514 981/1160/514 982/1161/514
f 1440/1162/515 975/1163/515 966/1164/515
f 1444/1165/516 982/1161/516 983/1166/516
f 966/1164/517 976/1167/517 1441/1168/517
f 1445/1169/518 983/1166/518 984/1170/518
f 1441/1168/519 977/1171/519 967/1172/519
f 1446/1173/520 984/1170/520 985/1174/520
f 967/1172/521 978/1175/521 968/1176/521
f 1438/1177/522 1046/1178/522 971/1179/522
f 1272/1180/523 1446/1173/523 985/1174/523
f 969/1181/524 978/1175/524 979/1182/524
f 1438/1177/525 972/1183/525 1439/1184/525
f 1442/1185/526 979/1182/526 980/1186/526
f 1439/1184/527 973/1187/527 965/1156/527
f 970/1188/528 980/1189/528 981/1160/528
f 972/1183/529 988/1190/529 973/1187/529
f 981/1160/530 995/1191/530 996/1192/530
f 973/1187/531 989/1193/531 974/1157/531
f 982/1161/532 996/1192/532 997/1194/532
f 974/1195/533 990/1196/533 975/1163/533
f 983/1166/534 997/1194/534 998/1197/534
f 975/1163/535 991/1198/535 976/1167/535
f 984/1170/536 998/1197/536 999/1199/536
f 976/1167/537 992/1200/537 977/1171/537
f 985/1174/538 999/1199/538 1000/1201/538
f 977/1171/539 993/1202/539 978/1175/539
f 971/1179/540 1046/1178/540 986/1203/540
f 1272/1180/541 985/1174/541 1000/1201/541
f 979/1182/542 993/1202/542 994/1204/542
f 971/1179/543 987/1205/543 972/1183/543
f 980/1186/544 994/1204/544 995/1206/544
f 991/1198/545 1007/1207/545 992/1200/545
f 1000/1201/546 1014/1208/546 1015/1209/546
f 992/1200/547 1008/1210/547 993/1202/547
f 986/1203/548 1046/1178/548 1001/1211/548
f 1272/1180/549 1000/1201/549 1015/1209/549
f 994/1204/550 1008/1210/550 1009/1212/550
f 986/1203/551 1002/1213/551 987/1205/551
f 995/1206/552 1009/1212/552 1010/1214/552
f 987/1205/553 1003/1215/553 988/1190/553
f 996/1216/554 1010/1217/554 1011/1218/554
f 988/1190/555 1004/1219/555 989/1193/555
f 997/1194/556 1011/1220/556 1012/1221/556
f 989/1193/557 1005/1222/557 990/1223/557
f 998/1197/558 1012/1221/558 1013/1224/558
f 990/1196/559 1006/1225/559 991/1198/559
f 999/1199/560 1013/1224/560 1014/1208/560
f 1011/1218/561 1025/1226/561 1026/1227/561
f 1003/1215/562 1019/1228/562 1004/1219/562
f 1012/1221/563 1026/1229/563 1027/1230/563
f 1004/1219/564 1020/1231/564 1005/1222/564
f 1013/1224/565 1027/1230/565 1028/1232/565
f 1005/1222/566 1021/1233/566 1006/1234/566
f 1014/1208/567 1028/1232/567 1029/1235/567
f 1006/1225/568 1022/1236/568 1007/1207/568
f 1015/1209/569 1029/1235/569 1030/1237/569
f 1007/1207/570 1023/1238/570 1008/1210/570
f 1001/1211/571 1046/1178/571 1016/1239/571
f 1272/1180/572 1015/1209/572 1030/1237/572
f 1009/1212/573 1023/1238/573 1024/1240/573
f 1001/1211/574 1017/1241/574 1002/1213/574
f 1010/1217/575 1024/1242/575 1025/1226/575
f 1002/1213/576 1018/1243/576 1003/1215/576
f 1030/1237/577 1044/1244/577 1045/1245/577
f 1022/1246/578 1038/1247/578 1023/1248/578
f 1016/1239/579 1046/1178/579 1031/1249/579
f 1272/1180/580 1030/1237/580 1045/1245/580
f 1024/1242/1025 1038/1247/1025 1039/1250/1025
f 1016/1239/582 1032/1251/582 1017/1241/582
f 1025/1226/583 1039/1250/583 1040/1252/583
f 1017/1241/584 1033/1253/584 1018/1243/584
f 1026/1227/585 1040/1252/585 1041/1254/585
f 1018/1243/586 1034/1255/586 1019/1228/586
f 1027/1256/587 1041/1254/587 1042/1257/587
f 1019/1228/588 1035/1258/588 1020/1231/588
f 1028/1232/589 1042/1259/589 1043/1260/589
f 1020/1231/590 1036/1261/590 1021/1233/590
f 1029/1235/591 1043/1260/591 1044/1244/591
f 1021/1262/592 1037/1263/592 1022/1236/592
f 1033/1253/593 1050/1264/593 1034/1255/593
f 1042/1257/594 1057/1265/594 1058/1266/594
f 1034/1255/595 1051/1267/595 1035/1258/595
f 1043/1260/596 1058/1268/596 1059/1269/596
f 1035/1258/597 1052/1270/597 1036/1261/597
f 1044/1244/598 1059/1269/598 1060/1271/598
f 1036/1261/599 1053/1272/599 1037/1273/599
f 1045/1245/600 1060/1271/600 1061/1274/600
f 1037/1275/601 1054/1276/601 1038/1247/601
f 1031/1249/602 1046/1178/602 1047/1277/602
f 1272/1180/603 1045/1245/603 1061/1274/603
f 1039/1250/604 1054/1276/604 1055/1278/604
f 1031/1249/605 1048/1279/605 1032/1251/605
f 1040/1252/606 1055/1278/606 1056/1280/606
f 1032/1251/607 1049/1281/607 1033/1253/607
f 1041/1254/608 1056/1280/608 1057/1265/608
f 1053/1282/609 1069/1283/609 1054/1276/609
f 1047/1277/610 1046/1178/610 1062/1284/610
f 1272/1180/611 1061/1274/611 1076/1285/611
f 1055/1278/612 1069/1283/612 1070/1286/612
f 1047/1277/613 1063/1287/613 1048/1279/613
f 1056/1280/614 1070/1286/614 1071/1288/614
f 1048/1279/615 1064/1289/615 1049/1281/615
f 1057/1265/616 1071/1288/616 1072/1290/616
f 1049/1281/617 1065/1291/617 1050/1264/617
f 1058/1266/618 1072/1290/618 1073/1292/618
f 1050/1264/619 1066/1293/619 1051/1267/619
f 1059/1269/620 1073/1294/620 1074/1295/620
f 1051/1267/621 1067/1296/621 1052/1270/621
f 1060/1271/622 1074/1295/622 1075/1297/622
f 1052/1270/623 1068/1298/623 1053/1272/623
f 1061/1274/624 1075/1297/624 1076/1285/624
f 1073/1292/625 1087/1299/625 1088/1300/625
f 1065/1291/626 1081/1301/626 1066/1293/626
f 1074/1295/627 1088/1302/627 1089/1303/627
f 1066/1293/628 1082/1304/628 1067/1296/628
f 1075/1297/629 1089/1303/629 1090/1305/629
f 1067/1296/630 1083/1306/630 1068/1298/630
f 1076/1285/631 1090/1305/631 1091/1307/631
f 1068/1308/632 1084/1309/632 1069/1283/632
f 1062/1284/633 1046/1178/633 1077/1310/633
f 1272/1180/634 1076/1285/634 1091/1307/634
f 1070/1286/635 1084/1309/635 1085/1311/635
f 1062/1284/636 1078/1312/636 1063/1287/636
f 1071/1288/637 1085/1311/637 1086/1313/637
f 1063/1287/638 1079/1314/638 1064/1289/638
f 1072/1290/639 1086/1313/639 1087/1299/639
f 1064/1289/640 1080/1315/640 1065/1291/640
f 1272/1180/641 1091/1307/641 1106/1316/641
f 1084/1309/642 1100/1317/642 1085/1311/642
f 1078/1312/643 1092/1318/643 1093/1319/643
f 1085/1311/644 1101/1320/644 1086/1313/644
f 1079/1314/645 1093/1319/645 1094/1321/645
f 1086/1313/646 1102/1322/646 1087/1299/646
f 1080/1315/647 1094/1321/647 1095/1323/647
f 1087/1299/648 1103/1324/648 1088/1300/648
f 1081/1301/649 1095/1323/649 1096/1325/649
f 1088/1302/650 1104/1326/650 1089/1303/650
f 1082/1304/651 1096/1325/651 1097/1327/651
f 1089/1303/652 1105/1328/652 1090/1305/652
f 1083/1306/653 1097/1327/653 1098/1329/653
f 1090/1305/654 1106/1316/654 1091/1307/654
f 1084/1309/655 1098/1330/655 1099/1331/655
f 1077/1310/656 1046/1178/656 1092/1318/656
f 1103/1332/657 1119/1333/657 1104/1326/657
f 1097/1327/658 1111/1334/658 1112/1335/658
f 1104/1326/659 1120/1336/659 1105/1328/659
f 1098/1329/660 1112/1335/660 1113/1337/660
f 1105/1328/661 1121/1338/661 1106/1316/661
f 1099/1331/662 1113/1339/662 1114/1340/662
f 1092/1318/663 1046/1178/663 1107/1341/663
f 1272/1180/664 1106/1316/664 1121/1338/664
f 1099/1331/665 1115/1342/665 1100/1317/665
f 1093/1319/666 1107/1341/666 1108/1343/666
f 1100/1317/667 1116/1344/667 1101/1320/667
f 1094/1321/668 1108/1343/668 1109/1345/668
f 1101/1320/669 1117/1346/669 1102/1322/669
f 1095/1323/670 1109/1345/670 1110/1347/670
f 1102/1322/671 1118/1348/671 1103/1324/671
f 1096/1325/672 1110/1347/672 1111/1334/672
f 1108/1343/673 1122/1349/673 1123/1350/673
f 1115/1342/674 1131/1351/674 1116/1344/674
f 1109/1345/675 1123/1350/675 1124/1352/675
f 1116/1344/676 1132/1353/676 1117/1346/676
f 1110/1347/677 1124/1352/677 1125/1354/677
f 1117/1346/678 1133/1355/678 1118/1348/678
f 1111/1334/679 1125/1354/679 1126/1356/679
f 1118/1357/680 1134/1358/680 1119/1333/680
f 1112/1335/681 1126/1356/681 1127/1359/681
f 1119/1333/682 1135/1360/682 1120/1336/682
f 1113/1337/683 1127/1359/683 1128/1361/683
f 1120/1336/684 1136/1362/684 1121/1338/684
f 1114/1340/685 1128/1363/685 1129/1364/685
f 1107/1341/686 1046/1178/686 1122/1349/686
f 1272/1180/687 1121/1338/687 1136/1362/687
f 1114/1340/688 1130/1365/688 1115/1342/688
f 1127/1359/689 1141/1366/689 1142/1367/689
f 1134/1358/690 1150/1368/690 1135/1360/690
f 1128/1361/691 1142/1367/691 1143/1369/691
f 1135/1360/692 1151/1370/692 1136/1362/692
f 1129/1371/693 1143/1369/693 1144/1372/693
f 1122/1349/694 1046/1178/694 1137/1373/694
f 1272/1180/695 1136/1362/695 1151/1370/695
f 1129/1364/696 1145/1374/696 1130/1365/696
f 1123/1350/697 1137/1373/697 1138/1375/697
f 1130/1365/698 1146/1376/698 1131/1351/698
f 1124/1352/699 1138/1375/699 1139/1377/699
f 1131/1351/700 1147/1378/700 1132/1353/700
f 1125/1354/701 1139/1377/701 1140/1379/701
f 1132/1380/702 1148/1381/702 1133/1382/702
f 1126/1356/703 1140/1379/703 1141/1366/703
f 1133/1382/704 1149/1383/704 1134/1358/704
f 1145/1374/705 1161/1384/705 1146/1376/705
f 1139/1377/706 1153/1385/706 1154/1386/706
f 1146/1376/707 1162/1387/707 1147/1378/707
f 1140/1379/708 1154/1386/708 1155/1388/708
f 1147/1389/709 1163/1390/709 1148/1381/709
f 1141/1366/710 1155/1388/710 1156/1391/710
f 1148/1381/711 1164/1392/711 1149/1383/711
f 1142/1367/712 1156/1391/712 1157/1393/712
f 1149/1383/713 1165/1394/713 1150/1368/713
f 1143/1369/714 1157/1393/714 1158/1395/714
f 1150/1368/715 1166/1396/715 1151/1370/715
f 1144/1372/716 1158/1395/716 1159/1397/716
f 1137/1373/717 1046/1178/717 1152/1398/717
f 1272/1180/718 1151/1370/718 1166/1396/718
f 1144/1399/719 1160/1400/719 1145/1374/719
f 1138/1375/720 1152/1398/720 1153/1385/720
f 1164/1392/721 1180/1401/721 1165/1394/721
f 1158/1395/722 1172/1402/722 1173/1403/722
f 1165/1394/723 1181/1404/723 1166/1396/723
f 1159/1405/724 1173/1406/724 1174/1407/724
f 1152/1398/725 1046/1178/725 1167/1408/725
f 1272/1180/726 1166/1396/726 1181/1404/726
f 1159/1405/727 1175/1409/727 1160/1410/727
f 1153/1385/728 1167/1408/728 1168/1411/728
f 1160/1410/729 1176/1412/729 1161/1413/729
f 1154/1386/730 1168/1411/730 1169/1414/730
f 1161/1415/731 1177/1416/731 1162/1417/731
f 1155/1388/732 1169/1414/732 1170/1418/732
f 1162/1417/733 1178/1419/733 1163/1390/733
f 1156/1391/734 1170/1418/734 1171/1420/734
f 1163/1390/735 1179/1421/735 1164/1392/735
f 1157/1393/736 1171/1420/736 1172/1402/736
f 1169/1414/737 1183/1422/737 1184/1423/737
f 1176/1412/738 1192/1424/738 1177/1425/738
f 1170/1418/739 1184/1423/739 1185/1426/739
f 1177/1416/740 1193/1427/740 1178/1419/740
f 1171/1420/741 1185/1426/741 1186/1428/741
f 1178/1419/742 1194/1429/742 1179/1421/742
f 1172/1402/743 1186/1428/743 1187/1430/743
f 1179/1421/744 1195/1431/744 1180/1401/744
f 1173/1403/745 1187/1430/745 1188/1432/745
f 1180/1401/746 1196/1433/746 1181/1404/746
f 1174/1407/747 1188/1434/747 1189/1435/747
f 1167/1408/748 1046/1178/748 1182/1436/748
f 1272/1180/749 1181/1404/749 1196/1433/749
f 1174/1407/750 1190/1437/750 1175/1409/750
f 1168/1411/751 1182/1436/751 1183/1422/751
f 1175/1409/752 1191/1438/752 1176/1412/752
f 1188/1434/753 1202/1439/753 1203/1440/753
f 1195/1431/754 1211/1441/754 1196/1433/754
f 1189/1435/755 1203/1440/755 1204/1442/755
f 1182/1436/756 1046/1178/756 1197/1443/756
f 1272/1180/757 1196/1433/757 1211/1441/757
f 1189/1435/758 1205/1444/758 1190/1437/758
f 1183/1422/759 1197/1443/759 1198/1445/759
f 1190/1437/760 1206/1446/760 1191/1438/760
f 1184/1423/761 1198/1445/761 1199/1447/761
f 1191/1438/762 1207/1448/762 1192/1424/762
f 1185/1426/763 1199/1447/763 1200/1449/763
f 1192/1450/764 1208/1451/764 1193/1427/764
f 1186/1428/765 1200/1449/765 1201/1452/765
f 1193/1427/766 1209/1453/766 1194/1429/766
f 1187/1430/767 1201/1452/767 1202/1454/767
f 1194/1429/768 1210/1455/768 1195/1431/768
f 1207/1448/769 1221/1456/769 1222/1457/769
f 1199/1447/770 1215/1458/770 1200/1449/770
f 1208/1451/771 1222/1459/771 1223/1460/771
f 1200/1449/772 1216/1461/772 1201/1452/772
f 1209/1453/773 1223/1460/773 1224/1462/773
f 1201/1463/774 1217/1464/774 1202/1439/774
f 1210/1455/775 1224/1462/775 1225/1465/775
f 1202/1439/776 1218/1466/776 1203/1440/776
f 1211/1441/777 1225/1465/777 1226/1467/777
f 1203/1440/778 1219/1468/778 1204/1442/778
f 1197/1443/779 1046/1178/779 1212/1469/779
f 1272/1180/780 1211/1441/780 1226/1467/780
f 1205/1444/781 1219/1468/781 1220/1470/781
f 1197/1443/782 1213/1471/782 1198/1445/782
f 1206/1446/783 1220/1470/783 1221/1456/783
f 1198/1445/784 1214/1472/784 1199/1447/784
f 1226/1467/785 1240/1473/785 1241/1474/785
f 1218/1466/786 1234/1475/786 1219/1468/786
f 1212/1469/787 1046/1178/787 1227/1476/787
f 1272/1180/788 1226/1467/788 1241/1474/788
f 1220/1470/789 1234/1475/789 1235/1477/789
f 1212/1469/790 1228/1478/790 1213/1471/790
f 1221/1456/791 1235/1477/791 1236/1479/791
f 1213/1471/792 1229/1480/792 1214/1472/792
f 1222/1457/793 1236/1479/793 1237/1481/793
f 1214/1472/794 1230/1482/794 1215/1458/794
f 1223/1460/795 1237/1483/795 1238/1484/795
f 1215/1458/796 1231/1485/796 1216/1461/796
f 1224/1462/797 1238/1484/797 1239/1486/797
f 1216/1487/798 1232/1488/798 1217/1464/798
f 1225/1465/799 1239/1486/799 1240/1473/799
f 1217/1464/800 1233/1489/800 1218/1466/800
f 1238/1484/801 1252/1490/801 1253/1491/801
f 1230/1482/802 1246/1492/802 1231/1485/802
f 1239/1486/803 1253/1491/803 1254/1493/803
f 1231/1494/804 1247/1495/804 1232/1488/804
f 1240/1473/805 1254/1493/805 1255/1496/805
f 1232/1488/806 1248/1497/806 1233/1489/806
f 1241/1474/807 1255/1496/807 1256/1498/807
f 1233/1489/808 1249/1499/808 1234/1475/808
f 1227/1476/809 1046/1178/809 1242/1500/809
f 1272/1180/810 1241/1474/810 1256/1498/810
f 1235/1477/811 1249/1499/811 1250/1501/811
f 1227/1476/812 1243/1502/812 1228/1478/812
f 1236/1479/813 1250/1501/813 1251/1503/813
f 1228/1478/814 1244/1504/814 1229/1480/814
f 1237/1481/815 1251/1503/815 1252/1505/815
f 1229/1480/816 1245/1506/816 1230/1482/816
f 1242/1500/817 1046/1178/817 1257/1507/817
f 1272/1180/818 1256/1498/818 1271/1508/818
f 1250/1501/819 1264/1509/819 1265/1510/819
f 1242/1500/820 1258/1511/820 1243/1502/820
f 1251/1503/821 1265/1510/821 1266/1512/821
f 1243/1502/822 1259/1513/822 1244/1504/822
f 1252/1505/823 1266/1512/823 1267/1514/823
f 1244/1504/824 1260/1515/824 1245/1506/824
f 1253/1491/825 1267/1516/825 1268/1517/825
f 1245/1518/826 1261/1519/826 1246/1520/826
f 1254/1493/827 1268/1517/827 1269/1521/827
f 1246/1522/828 1262/1523/828 1247/1495/828
f 1255/1496/829 1269/1521/829 1270/1524/829
f 1247/1495/830 1263/1525/830 1248/1497/830
f 1256/1498/831 1270/1524/831 1271/1508/831
f 1248/1497/832 1264/1509/832 1249/1499/832
f 1260/1526/833 1277/1527/833 1261/1519/833
f 1269/1521/834 1284/1528/834 1285/1529/834
f 1261/1519/835 1278/1530/835 1262/1531/835
f 1270/1524/836 1285/1529/836 1286/1532/836
f 1262/1531/837 1279/1533/837 1263/1534/837
f 1271/1508/838 1286/1532/838 1287/1535/838
f 1263/1534/839 1280/1536/839 1264/1537/839
f 1257/1507/840 1046/1178/840 1273/1538/840
f 1272/1180/841 1271/1508/841 1287/1535/841
f 1265/1510/842 1280/1539/842 1281/1540/842
f 1257/1507/843 1274/1541/843 1258/1511/843
f 1266/1512/844 1281/1540/844 1282/1542/844
f 1258/1511/845 1275/1543/845 1259/1513/845
f 1267/1514/846 1282/1542/846 1283/1544/846
f 1259/1545/847 1276/1546/847 1260/1526/847
f 1268/1517/848 1283/1547/848 1284/1528/848
f 1281/1548/849 1295/1549/849 1296/1550/849
f 1273/1538/850 1289/1551/850 1274/1541/850
f 1282/1552/851 1296/1550/851 1297/1553/851
f 1274/1541/852 1290/1554/852 1275/1543/852
f 1283/1547/853 1297/1555/853 1298/1556/853
f 1275/1557/854 1291/1558/854 1276/1546/854
f 1284/1528/855 1298/1556/855 1299/1559/855
f 1276/1546/856 1292/1560/856 1277/1527/856
f 1285/1529/857 1299/1559/857 1300/1561/857
f 1277/1527/858 1293/1562/858 1278/1530/858
f 1286/1532/859 1300/1561/859 1301/1563/859
f 1278/1530/860 1294/1564/860 1279/1533/860
f 1287/1535/861 1301/1563/861 1302/1565/861
f 1279/1533/862 1295/1549/862 1280/1536/862
f 1273/1538/863 1046/1178/863 1288/1566/863
f 1272/1180/864 1287/1535/864 1302/1565/864
f 1300/1561/865 1314/1567/865 1315/1568/865
f 1292/1560/866 1308/1569/866 1293/1562/866
f 1301/1563/867 1315/1568/867 1316/1570/867
f 1293/1562/868 1309/1571/868 1294/1564/868
f 1302/1565/869 1316/1570/869 1317/1572/869
f 1294/1564/870 1310/1573/870 1295/1549/870
f 1288/1566/871 1046/1178/871 1303/1574/871
f 1272/1180/872 1302/1565/872 1317/1572/872
f 1296/1550/873 1310/1573/873 1311/1575/873
f 1288/1566/874 1304/1576/874 1289/1551/874
f 1297/1553/875 1311/1575/875 1312/1577/875
f 1289/1551/1026 1305/1578/1026 1290/1554/1026
f 1298/1579/877 1312/1577/877 1313/1580/877
f 1290/1581/878 1306/1582/878 1291/1558/878
f 1299/1559/879 1313/1583/879 1314/1567/879
f 1291/1558/880 1307/1584/880 1292/1560/880
f 1303/1574/881 1319/1585/881 1304/1576/881
f 1312/1577/882 1326/1586/882 1327/1587/882
f 1304/1588/883 1320/1589/883 1305/1590/883
f 1313/1580/884 1327/1587/884 1328/1591/884
f 1305/1590/885 1321/1592/885 1306/1582/885
f 1314/1567/886 1328/1593/886 1329/1594/886
f 1306/1582/887 1322/1595/887 1307/1584/887
f 1315/1568/888 1329/1594/888 1330/1596/888
f 1307/1584/889 1323/1597/889 1308/1569/889
f 1316/1570/890 1330/1596/890 1331/1598/890
f 1308/1569/891 1324/1599/891 1309/1571/891
f 1317/1572/892 1331/1598/892 1332/1600/892
f 1309/1571/893 1325/1601/893 1310/1573/893
f 1303/1574/894 1046/1178/894 1318/1602/894
f 1272/1180/895 1317/1572/895 1332/1600/895
f 1311/1575/896 1325/1601/896 1326/1586/896
f 1323/1597/897 1337/1603/897 1338/1604/897
f 1330/1596/898 1346/1605/898 1331/1598/898
f 1324/1599/899 1338/1604/899 1339/1606/899
f 1331/1598/900 1347/1607/900 1332/1600/900
f 1325/1601/901 1339/1606/901 1340/1608/901
f 1318/1602/902 1046/1178/902 1333/1609/902
f 1272/1180/903 1332/1600/903 1347/1607/903
f 1325/1601/904 1341/1610/904 1326/1586/904
f 1319/1585/905 1333/1609/905 1334/1611/905
f 1326/1586/906 1342/1612/906 1327/1587/906
f 1320/1589/907 1334/1613/907 1335/1614/907
f 1327/1587/908 1343/1615/908 1328/1591/908
f 1321/1592/909 1335/1614/909 1336/1616/909
f 1328/1593/910 1344/1617/910 1329/1594/910
f 1322/1595/911 1336/1616/911 1337/1603/911
f 1329/1594/912 1345/1618/912 1330/1596/912
f 1341/1610/913 1357/1619/913 1342/1612/913
f 1335/1614/1027 1349/1620/1027 1350/1621/1027
f 1342/1612/915 1358/1622/915 1343/1615/915
f 1336/1616/916 1350/1621/916 1351/1623/916
f 1343/1624/917 1359/1625/917 1344/1617/917
f 1337/1603/918 1351/1623/918 1352/1626/918
f 1344/1617/919 1360/1627/919 1345/1618/919
f 1338/1604/920 1352/1626/920 1353/1628/920
f 1345/1618/921 1361/1629/921 1346/1605/921
f 1339/1606/922 1353/1628/922 1354/1630/922
f 1346/1605/923 1362/1631/923 1347/1607/923
f 1340/1608/924 1354/1630/924 1355/1632/924
f 1333/1609/925 1046/1178/925 1348/1633/925
f 1272/1180/926 1347/1607/926 1362/1631/926
f 1340/1608/927 1356/1634/927 1341/1610/927
f 1334/1611/928 1348/1633/928 1349/1635/928
f 1360/1627/929 1376/1636/929 1361/1629/929
f 1354/1630/930 1368/1637/930 1369/1638/930
f 1361/1629/931 1377/1639/931 1362/1631/931
f 1355/1632/932 1369/1638/932 1370/1640/932
f 1348/1633/933 1046/1178/933 1363/1641/933
f 1272/1180/934 1362/1631/934 1377/1639/934
f 1355/1632/935 1371/1642/935 1356/1634/935
f 1349/1635/936 1363/1641/936 1364/1643/936
f 1356/1634/937 1372/1644/937 1357/1619/937
f 1350/1621/938 1364/1645/938 1365/1646/938
f 1357/1619/939 1373/1647/939 1358/1622/939
f 1351/1623/940 1365/1646/940 1366/1648/940
f 1358/1649/941 1374/1650/941 1359/1625/941
f 1352/1626/942 1366/1648/942 1367/1651/942
f 1359/1625/943 1375/1652/943 1360/1627/943
f 1353/1628/944 1367/1651/944 1368/1637/944
f 1372/1644/945 1388/1653/945 1373/1647/945
f 1366/1648/946 1380/1654/946 1381/1655/946
f 1373/1656/947 1389/1657/947 1374/1650/947
f 1367/1651/948 1381/1655/948 1382/1658/948
f 1374/1650/949 1390/1659/949 1375/1652/949
f 1368/1637/950 1382/1658/950 1383/1660/950
f 1375/1652/951 1391/1661/951 1376/1636/951
f 1369/1638/952 1383/1660/952 1384/1662/952
f 1376/1636/953 1392/1663/953 1377/1639/953
f 1370/1640/954 1384/1662/954 1385/1664/954
f 1363/1641/955 1046/1178/955 1378/1665/955
f 1272/1180/956 1377/1639/956 1392/1663/956
f 1370/1640/957 1386/1666/957 1371/1642/957
f 1364/1643/958 1378/1665/958 1379/1667/958
f 1371/1642/959 1387/1668/959 1372/1644/959
f 1365/1669/960 1379/1667/960 1380/1670/960
f 1391/1661/961 1407/1671/961 1392/1663/961
f 1385/1664/962 1399/1672/962 1400/1673/962
f 1378/1665/963 1046/1178/963 1393/1674/963
f 1272/1180/964 1392/1663/964 1407/1671/964
f 1385/1664/965 1401/1675/965 1386/1666/965
f 1379/1667/966 1393/1674/966 1394/1676/966
f 1386/1666/967 1402/1677/967 1387/1668/967
f 1380/1670/968 1394/1676/968 1395/1678/968
f 1387/1679/969 1403/1680/969 1388/1681/969
f 1381/1655/970 1395/1682/970 1396/1683/970
f 1388/1681/971 1404/1684/971 1389/1657/971
f 1382/1658/972 1396/1683/972 1397/1685/972
f 1389/1657/973 1405/1686/973 1390/1659/973
f 1383/1660/974 1397/1685/974 1398/1687/974
f 1390/1659/975 1406/1688/975 1391/1661/975
f 1384/1662/976 1398/1687/976 1399/1672/976
f 1396/1683/977 1410/1689/977 1411/1690/977
f 1403/1680/978 1419/1691/978 1404/1684/978
f 1397/1685/979 1411/1690/979 1412/1692/979
f 1404/1684/980 1420/1693/980 1405/1686/980
f 1398/1687/981 1412/1692/981 1413/1694/981
f 1405/1686/982 1421/1695/982 1406/1688/982
f 1399/1672/983 1413/1694/983 1414/1696/983
f 1406/1688/984 1422/1697/984 1407/1671/984
f 1400/1673/985 1414/1696/985 1415/1698/985
f 1393/1674/986 1046/1178/986 1408/1699/986
f 1272/1180/987 1407/1671/987 1422/1697/987
f 1400/1673/988 1416/1700/988 1401/1675/988
f 1394/1676/989 1408/1699/989 1409/1701/989
f 1401/1675/990 1417/1702/990 1402/1677/990
f 1395/1678/991 1409/1701/991 1410/1703/991
f 1402/1704/992 1418/1705/992 1403/1680/992
f 1415/1706/993 1429/1707/993 1430/1708/993
f 1408/1699/994 1046/1178/994 1423/1709/994
f 1272/1180/995 1422/1697/995 1437/1710/995
f 1415/1706/996 1431/1711/996 1416/1712/996
f 1409/1701/997 1423/1709/997 1424/1713/997
f 1416/1712/998 1432/1714/998 1417/1715/998
f 1410/1703/999 1424/1713/999 1425/1716/999
f 1417/1717/1000 1433/1718/1000 1418/1705/1000
f 1411/1719/1001 1425/1716/1001 1426/1720/1001
f 1418/1705/1002 1434/1721/1002 1419/1691/1002
f 1412/1722/1003 1426/1723/1003 1427/1724/1003
f 1419/1691/1004 1435/1725/1004 1420/1693/1004
f 1413/1726/1005 1427/1724/1005 1428/1727/1005
f 1420/1693/1006 1436/1728/1006 1421/1695/1006
f 1414/1729/1007 1428/1727/1007 1429/1707/1007
f 1421/1695/1008 1437/1710/1008 1422/1697/1008
f 1433/1718/1009 1443/1159/1009 1434/1721/1009
f 1427/1724/1010 1440/1162/1010 966/1164/1010
f 1434/1721/1011 1444/1165/1011 1435/1725/1011
f 1428/1727/1012 966/1164/1012 1441/1168/1012
f 1435/1725/1013 1445/1169/1013 1436/1728/1013
f 1429/1707/1014 1441/1168/1014 967/1172/1014
f 1436/1728/1015 1446/1173/1015 1437/1710/1015
f 1430/1708/1016 967/1172/1016 968/1176/1016
f 1423/1709/1017 1046/1178/1017 1438/1177/1017
f 1272/1180/1018 1437/1710/1018 1446/1173/1018
f 1430/1708/1019 969/1181/1019 1431/1711/1019
f 1424/1713/1020 1438/1177/1020 1439/1184/1020
f 1431/1711/1021 1442/1185/1021 1432/1714/1021
f 1425/1716/1022 1439/1184/1022 965/1156/1022
f 1432/1730/1023 970/1188/1023 1433/1718/1023
f 1426/1720/1024 965/1156/1024 1440/1158/1024
f 1447/1731/1028 1456/1732/1028 1922/1733/1028
f 1925/1734/1029 1463/1735/1029 1464/1736/1029
f 1922/1733/1030 1457/1737/1030 1448/1738/1030
f 1926/1739/1031 1464/1736/1031 1465/1740/1031
f 1448/1738/1032 1458/1741/1032 1923/1742/1032
f 1927/1743/1033 1465/1740/1033 1466/1744/1033
f 1923/1742/1034 1459/1745/1034 1449/1746/1034
f 1928/1747/1035 1466/1744/1035 1467/1748/1035
f 1449/1746/1036 1460/1749/1036 1450/1750/1036
f 1920/1751/1037 1528/1752/1037 1453/1753/1037
f 1754/1754/1038 1928/1747/1038 1467/1748/1038
f 1451/1755/1039 1460/1749/1039 1461/1756/1039
f 1920/1751/1040 1454/1757/1040 1921/1758/1040
f 1924/1759/1041 1461/1760/1041 1462/1761/1041
f 1921/1762/1042 1455/1763/1042 1447/1731/1042
f 1452/1764/1043 1462/1761/1043 1463/1735/1043
f 1454/1765/1044 1470/1766/1044 1455/1763/1044
f 1463/1735/1045 1477/1767/1045 1478/1768/1045
f 1455/1763/1046 1471/1769/1046 1456/1732/1046
f 1464/1736/1047 1478/1768/1047 1479/1770/1047
f 1456/1732/1048 1472/1771/1048 1457/1737/1048
f 1465/1740/1049 1479/1770/1049 1480/1772/1049
f 1457/1737/1050 1473/1773/1050 1458/1741/1050
f 1466/1744/1051 1480/1772/1051 1481/1774/1051
f 1458/1741/1052 1474/1775/1052 1459/1745/1052
f 1467/1748/1053 1481/1774/1053 1482/1776/1053
f 1459/1745/1054 1475/1777/1054 1460/1749/1054
f 1453/1753/1055 1528/1752/1055 1468/1778/1055
f 1754/1754/1056 1467/1748/1056 1482/1776/1056
f 1461/1756/1057 1475/1777/1057 1476/1779/1057
f 1453/1753/1058 1469/1780/1058 1454/1757/1058
f 1462/1781/1059 1476/1779/1059 1477/1782/1059
f 1473/1773/1060 1489/1783/1060 1474/1775/1060
f 1482/1776/1061 1496/1784/1061 1497/1785/1061
f 1474/1775/1062 1490/1786/1062 1475/1777/1062
f 1468/1778/1063 1528/1752/1063 1483/1787/1063
f 1754/1754/1064 1482/1776/1064 1497/1785/1064
f 1476/1779/1065 1490/1786/1065 1491/1788/1065
f 1468/1778/1066 1484/1789/1066 1469/1780/1066
f 1477/1782/1067 1491/1788/1067 1492/1790/1067
f 1469/1791/1068 1485/1792/1068 1470/1766/1068
f 1478/1768/1069 1492/1793/1069 1493/1794/1069
f 1470/1766/1070 1486/1795/1070 1471/1769/1070
f 1479/1770/1071 1493/1794/1071 1494/1796/1071
f 1471/1769/1072 1487/1797/1072 1472/1771/1072
f 1480/1772/1073 1494/1796/1073 1495/1798/1073
f 1472/1771/1074 1488/1799/1074 1473/1773/1074
f 1481/1774/1075 1495/1798/1075 1496/1784/1075
f 1493/1794/1076 1507/1800/1076 1508/1801/1076
f 1485/1792/1077 1501/1802/1077 1486/1795/1077
f 1494/1796/1078 1508/1801/1078 1509/1803/1078
f 1486/1795/1079 1502/1804/1079 1487/1797/1079
f 1495/1798/1080 1509/1803/1080 1510/1805/1080
f 1487/1797/1081 1503/1806/1081 1488/1799/1081
f 1496/1784/1082 1510/1805/1082 1511/1807/1082
f 1488/1799/1083 1504/1808/1083 1489/1783/1083
f 1497/1785/1084 1511/1807/1084 1512/1809/1084
f 1489/1810/1085 1505/1811/1085 1490/1812/1085
f 1483/1787/1086 1528/1752/1086 1498/1813/1086
f 1754/1754/1087 1497/1785/1087 1512/1809/1087
f 1491/1814/1088 1505/1811/1088 1506/1815/1088
f 1483/1787/1089 1499/1816/1089 1484/1789/1089
f 1492/1817/1090 1506/1815/1090 1507/1818/1090
f 1484/1819/1091 1500/1820/1091 1485/1792/1091
f 1512/1809/1092 1526/1821/1092 1527/1822/1092
f 1504/1823/1093 1520/1824/1093 1505/1811/1093
f 1498/1813/1094 1528/1752/1094 1513/1825/1094
f 1754/1754/1095 1512/1809/1095 1527/1822/1095
f 1506/1815/1096 1520/1824/1096 1521/1826/1096
f 1498/1813/1097 1514/1827/1097 1499/1816/1097
f 1507/1818/1098 1521/1826/1098 1522/1828/1098
f 1499/1829/1099 1515/1830/1099 1500/1820/1099
f 1508/1831/1100 1522/1828/1100 1523/1832/1100
f 1500/1833/1101 1516/1834/1101 1501/1835/1101
f 1509/1803/1102 1523/1836/1102 1524/1837/1102
f 1501/1835/1103 1517/1838/1103 1502/1839/1103
f 1510/1805/1104 1524/1837/1104 1525/1840/1104
f 1502/1839/1105 1518/1841/1105 1503/1842/1105
f 1511/1807/1106 1525/1840/1106 1526/1821/1106
f 1503/1842/1107 1519/1843/1107 1504/1823/1107
f 1515/1844/1108 1532/1845/1108 1516/1834/1108
f 1524/1846/1109 1539/1847/1109 1540/1848/1109
f 1516/1834/1110 1533/1849/1110 1517/1838/1110
f 1525/1840/1111 1540/1850/1111 1541/1851/1111
f 1517/1838/1112 1534/1852/1112 1518/1841/1112
f 1526/1821/1113 1541/1851/1113 1542/1853/1113
f 1518/1841/1114 1535/1854/1114 1519/1843/1114
f 1527/1822/1115 1542/1853/1115 1543/1855/1115
f 1519/1843/1116 1536/1856/1116 1520/1824/1116
f 1513/1825/1117 1528/1752/1117 1529/1857/1117
f 1754/1754/1118 1527/1822/1118 1543/1855/1118
f 1521/1826/1119 1536/1856/1119 1537/1858/1119
f 1513/1825/1120 1530/1859/1120 1514/1827/1120
f 1522/1828/1121 1537/1858/1121 1538/1860/1121
f 1514/1861/1122 1531/1862/1122 1515/1844/1122
f 1523/1832/1123 1538/1860/1123 1539/1847/1123
f 1535/1854/1124 1551/1863/1124 1536/1856/1124
f 1529/1857/1125 1528/1752/1125 1544/1864/1125
f 1754/1754/1126 1543/1855/1126 1558/1865/1126
f 1537/1858/1127 1551/1863/1127 1552/1866/1127
f 1529/1857/1128 1545/1867/1128 1530/1859/1128
f 1538/1860/1129 1552/1866/1129 1553/1868/1129
f 1530/1869/1130 1546/1870/1130 1531/1862/1130
f 1539/1847/1131 1553/1868/1131 1554/1871/1131
f 1531/1862/1132 1547/1872/1132 1532/1845/1132
f 1540/1848/1133 1554/1871/1133 1555/1873/1133
f 1532/1845/1134 1548/1874/1134 1533/1849/1134
f 1541/1851/1135 1555/1875/1135 1556/1876/1135
f 1533/1849/1136 1549/1877/1136 1534/1852/1136
f 1542/1853/1137 1556/1876/1137 1557/1878/1137
f 1534/1852/1138 1550/1879/1138 1535/1854/1138
f 1543/1855/1139 1557/1878/1139 1558/1865/1139
f 1555/1873/1140 1569/1880/1140 1570/1881/1140
f 1547/1872/1141 1563/1882/1141 1548/1874/1141
f 1556/1883/1142 1570/1881/1142 1571/1884/1142
f 1548/1874/1143 1564/1885/1143 1549/1877/1143
f 1557/1886/1144 1571/1887/1144 1572/1888/1144
f 1549/1877/1145 1565/1889/1145 1550/1879/1145
f 1558/1865/1146 1572/1890/1146 1573/1891/1146
f 1550/1879/1147 1566/1892/1147 1551/1863/1147
f 1544/1864/1148 1528/1752/1148 1559/1893/1148
f 1754/1754/1149 1558/1865/1149 1573/1891/1149
f 1552/1866/1150 1566/1892/1150 1567/1894/1150
f 1544/1864/1151 1560/1895/1151 1545/1867/1151
f 1553/1868/1152 1567/1894/1152 1568/1896/1152
f 1545/1897/1153 1561/1898/1153 1546/1870/1153
f 1554/1871/1154 1568/1896/1154 1569/1880/1154
f 1546/1870/1155 1562/1899/1155 1547/1872/1155
f 1754/1754/1156 1573/1891/1156 1588/1900/1156
f 1566/1892/1157 1582/1901/1157 1567/1894/1157
f 1560/1895/1158 1574/1902/1158 1575/1903/1158
f 1567/1894/1159 1583/1904/1159 1568/1896/1159
f 1561/1898/1160 1575/1905/1160 1576/1906/1160
f 1568/1896/1161 1584/1907/1161 1569/1880/1161
f 1562/1899/1162 1576/1906/1162 1577/1908/1162
f 1569/1880/1163 1585/1909/1163 1570/1881/1163
f 1563/1882/1164 1577/1908/1164 1578/1910/1164
f 1570/1911/1165 1586/1912/1165 1571/1887/1165
f 1564/1885/1166 1578/1910/1166 1579/1913/1166
f 1571/1887/1167 1587/1914/1167 1572/1888/1167
f 1565/1889/1168 1579/1913/1168 1580/1915/1168
f 1572/1888/1169 1588/1916/1169 1573/1917/1169
f 1566/1892/1170 1580/1915/1170 1581/1918/1170
f 1559/1893/1171 1528/1752/1171 1574/1902/1171
f 1585/1919/1172 1601/1920/1172 1586/1912/1172
f 1579/1913/1173 1593/1921/1173 1594/1922/1173
f 1586/1912/1174 1602/1923/1174 1587/1914/1174
f 1580/1915/1175 1594/1922/1175 1595/1924/1175
f 1587/1914/1176 1603/1925/1176 1588/1916/1176
f 1581/1918/1177 1595/1924/1177 1596/1926/1177
f 1574/1902/1178 1528/1752/1178 1589/1927/1178
f 1754/1928/1179 1588/1916/1179 1603/1925/1179
f 1581/1918/1180 1597/1929/1180 1582/1901/1180
f 1575/1903/1181 1589/1927/1181 1590/1930/1181
f 1582/1901/1182 1598/1931/1182 1583/1904/1182
f 1576/1932/1183 1590/1930/1183 1591/1933/1183
f 1583/1904/1184 1599/1934/1184 1584/1907/1184
f 1577/1908/1185 1591/1935/1185 1592/1936/1185
f 1584/1907/1186 1600/1937/1186 1585/1909/1186
f 1578/1910/1187 1592/1936/1187 1593/1921/1187
f 1590/1930/1188 1604/1938/1188 1605/1939/1188
f 1597/1929/1189 1613/1940/1189 1598/1931/1189
f 1591/1933/1190 1605/1939/1190 1606/1941/1190
f 1598/1931/1191 1614/1942/1191 1599/1934/1191
f 1592/1936/1192 1606/1943/1192 1607/1944/1192
f 1599/1934/1193 1615/1945/1193 1600/1937/1193
f 1593/1921/1194 1607/1944/1194 1608/1946/1194
f 1600/1947/1195 1616/1948/1195 1601/1920/1195
f 1594/1922/1196 1608/1946/1196 1609/1949/1196
f 1601/1920/1197 1617/1950/1197 1602/1923/1197
f 1595/1924/1198 1609/1949/1198 1610/1951/1198
f 1602/1923/1199 1618/1952/1199 1603/1925/1199
f 1596/1926/1200 1610/1951/1200 1611/1953/1200
f 1589/1927/1201 1528/1752/1201 1604/1938/1201
f 1754/1928/1202 1603/1925/1202 1618/1952/1202
f 1596/1926/1203 1612/1954/1203 1597/1929/1203
f 1609/1949/1204 1623/1955/1204 1624/1956/1204
f 1616/1948/1205 1632/1957/1205 1617/1950/1205
f 1610/1951/1206 1624/1956/1206 1625/1958/1206
f 1617/1950/1207 1633/1959/1207 1618/1952/1207
f 1611/1953/1208 1625/1958/1208 1626/1960/1208
f 1604/1938/1209 1528/1752/1209 1619/1961/1209
f 1754/1928/1210 1618/1952/1210 1633/1959/1210
f 1611/1953/1211 1627/1962/1211 1612/1954/1211
f 1605/1939/1212 1619/1961/1212 1620/1963/1212
f 1612/1954/1213 1628/1964/1213 1613/1940/1213
f 1606/1941/1214 1620/1963/1214 1621/1965/1214
f 1613/1940/1215 1629/1966/1215 1614/1942/1215
f 1607/1967/1216 1621/1965/1216 1622/1968/1216
f 1614/1969/1217 1630/1970/1217 1615/1971/1217
f 1608/1946/1218 1622/1972/1218 1623/1955/1218
f 1615/1971/1219 1631/1973/1219 1616/1948/1219
f 1627/1962/1220 1643/1974/1220 1628/1964/1220
f 1621/1965/1221 1635/1975/1221 1636/1976/1221
f 1628/1964/1222 1644/1977/1222 1629/1966/1222
f 1622/1968/1223 1636/1976/1223 1637/1978/1223
f 1629/1979/1224 1645/1980/1224 1630/1970/1224
f 1623/1955/1225 1637/1981/1225 1638/1982/1225
f 1630/1970/1226 1646/1983/1226 1631/1973/1226
f 1624/1956/1227 1638/1982/1227 1639/1984/1227
f 1631/1973/1228 1647/1985/1228 1632/1957/1228
f 1625/1958/1229 1639/1984/1229 1640/1986/1229
f 1632/1957/1230 1648/1987/1230 1633/1959/1230
f 1626/1960/1231 1640/1986/1231 1641/1988/1231
f 1619/1961/1232 1528/1752/1232 1634/1989/1232
f 1754/1928/1233 1633/1959/1233 1648/1987/1233
f 1626/1960/1234 1642/1990/1234 1627/1962/1234
f 1620/1963/1235 1634/1989/1235 1635/1975/1235
f 1646/1983/1236 1662/1991/1236 1647/1985/1236
f 1640/1986/1237 1654/1992/1237 1655/1993/1237
f 1647/1985/1238 1663/1994/1238 1648/1987/1238
f 1641/1988/1239 1655/1993/1239 1656/1995/1239
f 1634/1989/1240 1528/1752/1240 1649/1996/1240
f 1754/1928/1241 1648/1987/1241 1663/1994/1241
f 1641/1988/1242 1657/1997/1242 1642/1990/1242
f 1635/1975/1243 1649/1996/1243 1650/1998/1243
f 1642/1990/1244 1658/1999/1244 1643/1974/1244
f 1636/1976/1245 1650/1998/1245 1651/2000/1245
f 1643/2001/1246 1659/2002/1246 1644/2003/1246
f 1637/1978/1247 1651/2000/1247 1652/2004/1247
f 1644/2003/1248 1660/2005/1248 1645/1980/1248
f 1638/2006/1249 1652/2004/1249 1653/2007/1249
f 1645/1980/1250 1661/2008/1250 1646/1983/1250
f 1639/2009/1251 1653/2007/1251 1654/2010/1251
f 1651/2000/1252 1665/2011/1252 1666/2012/1252
f 1658/2013/1253 1674/2014/1253 1659/2002/1253
f 1652/2004/1254 1666/2012/1254 1667/2015/1254
f 1659/2002/1255 1675/2016/1255 1660/2005/1255
f 1653/2007/1256 1667/2015/1256 1668/2017/1256
f 1660/2005/1257 1676/2018/1257 1661/2008/1257
f 1654/2010/1258 1668/2017/1258 1669/2019/1258
f 1661/2008/1259 1677/2020/1259 1662/1991/1259
f 1655/2021/1260 1669/2019/1260 1670/2022/1260
f 1662/1991/1261 1678/2023/1261 1663/1994/1261
f 1656/2024/1262 1670/2022/1262 1671/2025/1262
f 1649/1996/1263 1528/1752/1263 1664/2026/1263
f 1754/1928/1264 1663/1994/1264 1678/2023/1264
f 1656/2027/1265 1672/2028/1265 1657/2029/1265
f 1650/1998/1266 1664/2026/1266 1665/2011/1266
f 1657/2029/1267 1673/2030/1267 1658/2013/1267
f 1670/2022/1268 1684/2031/1268 1685/2032/1268
f 1677/2020/1269 1693/2033/1269 1678/2023/1269
f 1671/2025/1270 1685/2032/1270 1686/2034/1270
f 1664/2026/1271 1528/1752/1271 1679/2035/1271
f 1754/1928/1272 1678/2023/1272 1693/2033/1272
f 1671/2036/1273 1687/2037/1273 1672/2028/1273
f 1665/2011/1274 1679/2035/1274 1680/2038/1274
f 1672/2028/1275 1688/2039/1275 1673/2030/1275
f 1666/2012/1276 1680/2038/1276 1681/2040/1276
f 1673/2030/1277 1689/2041/1277 1674/2014/1277
f 1667/2015/1278 1681/2040/1278 1682/2042/1278
f 1674/2014/1279 1690/2043/1279 1675/2016/1279
f 1668/2017/1280 1682/2042/1280 1683/2044/1280
f 1675/2016/1281 1691/2045/1281 1676/2018/1281
f 1669/2019/1282 1683/2044/1282 1684/2031/1282
f 1676/2018/1283 1692/2046/1283 1677/2020/1283
f 1689/2041/1284 1703/2047/1284 1704/2048/1284
f 1681/2040/1285 1697/2049/1285 1682/2042/1285
f 1690/2043/1286 1704/2048/1286 1705/2050/1286
f 1682/2042/1287 1698/2051/1287 1683/2044/1287
f 1691/2045/1288 1705/2050/1288 1706/2052/1288
f 1683/2044/1289 1699/2053/1289 1684/2031/1289
f 1692/2046/1290 1706/2052/1290 1707/2054/1290
f 1684/2031/1291 1700/2055/1291 1685/2032/1291
f 1693/2033/1292 1707/2054/1292 1708/2056/1292
f 1685/2032/1293 1701/2057/1293 1686/2034/1293
f 1679/2035/1294 1528/1752/1294 1694/2058/1294
f 1754/1928/1295 1693/2033/1295 1708/2056/1295
f 1687/2037/1296 1701/2059/1296 1702/2060/1296
f 1679/2035/1297 1695/2061/1297 1680/2038/1297
f 1688/2039/1298 1702/2060/1298 1703/2047/1298
f 1680/2038/1299 1696/2062/1299 1681/2040/1299
f 1708/2056/1300 1722/2063/1300 1723/2064/1300
f 1700/2055/1301 1716/2065/1301 1701/2057/1301
f 1694/2058/1302 1528/1752/1302 1709/2066/1302
f 1754/1928/1303 1708/2056/1303 1723/2064/1303
f 1702/2060/1304 1716/2067/1304 1717/2068/1304
f 1694/2058/1305 1710/2069/1305 1695/2061/1305
f 1703/2047/1306 1717/2068/1306 1718/2070/1306
f 1695/2061/1307 1711/2071/1307 1696/2062/1307
f 1704/2048/1308 1718/2070/1308 1719/2072/1308
f 1696/2062/1309 1712/2073/1309 1697/2049/1309
f 1705/2050/1310 1719/2072/1310 1720/2074/1310
f 1697/2049/1311 1713/2075/1311 1698/2051/1311
f 1706/2052/1312 1720/2074/1312 1721/2076/1312
f 1698/2051/1313 1714/2077/1313 1699/2053/1313
f 1707/2054/1314 1721/2076/1314 1722/2063/1314
f 1699/2053/1315 1715/2078/1315 1700/2055/1315
f 1720/2074/1316 1734/2079/1316 1735/2080/1316
f 1712/2073/1317 1728/2081/1317 1713/2075/1317
f 1721/2076/1318 1735/2080/1318 1736/2082/1318
f 1713/2075/1319 1729/2083/1319 1714/2077/1319
f 1722/2063/1320 1736/2082/1320 1737/2084/1320
f 1714/2077/1321 1730/2085/1321 1715/2078/1321
f 1723/2064/1322 1737/2084/1322 1738/2086/1322
f 1715/2078/1323 1731/2087/1323 1716/2065/1323
f 1709/2066/1324 1528/1752/1324 1724/2088/1324
f 1754/1928/1325 1723/2064/1325 1738/2086/1325
f 1717/2089/1326 1731/2087/1326 1732/2090/1326
f 1709/2066/1327 1725/2091/1327 1710/2069/1327
f 1718/2070/1328 1732/2092/1328 1733/2093/1328
f 1710/2069/1329 1726/2094/1329 1711/2071/1329
f 1719/2072/1330 1733/2093/1330 1734/2079/1330
f 1711/2071/1331 1727/2095/1331 1712/2073/1331
f 1724/2088/1332 1528/1752/1332 1739/2096/1332
f 1754/1928/1333 1738/2086/1333 1753/2097/1333
f 1732/2098/1334 1746/2099/1334 1747/2100/1334
f 1724/2088/1335 1740/2101/1335 1725/2091/1335
f 1733/2102/1336 1747/2100/1336 1748/2103/1336
f 1725/2091/1337 1741/2104/1337 1726/2094/1337
f 1734/2079/1338 1748/2105/1338 1749/2106/1338
f 1726/2094/1339 1742/2107/1339 1727/2095/1339
f 1735/2080/1340 1749/2106/1340 1750/2108/1340
f 1727/2095/1341 1743/2109/1341 1728/2081/1341
f 1736/2082/1342 1750/2108/1342 1751/2110/1342
f 1728/2081/1343 1744/2111/1343 1729/2083/1343
f 1737/2084/1344 1751/2110/1344 1752/2112/1344
f 1729/2083/1345 1745/2113/1345 1730/2085/1345
f 1738/2086/1346 1752/2112/1346 1753/2097/1346
f 1730/2114/1347 1746/2099/1347 1731/2115/1347
f 1742/2107/1348 1759/2116/1348 1743/2109/1348
f 1751/2110/1349 1766/2117/1349 1767/2118/1349
f 1743/2109/1350 1760/2119/1350 1744/2111/1350
f 1752/2112/1351 1767/2118/1351 1768/2120/1351
f 1744/2121/1352 1761/2122/1352 1745/2123/1352
f 1753/2097/1353 1768/2120/1353 1769/2124/1353
f 1745/2123/1354 1762/2125/1354 1746/2099/1354
f 1739/2096/1355 1528/1752/1355 1755/2126/1355
f 1754/1928/1356 1753/2097/1356 1769/2124/1356
f 1747/2100/1357 1762/2125/1357 1763/2127/1357
f 1739/2096/1358 1756/2128/1358 1740/2101/1358
f 1748/2103/1359 1763/2127/1359 1764/2129/1359
f 1740/2101/1360 1757/2130/1360 1741/2104/1360
f 1749/2131/1361 1764/2129/1361 1765/2132/1361
f 1741/2104/1362 1758/2133/1362 1742/2107/1362
f 1750/2108/1363 1765/2134/1363 1766/2117/1363
f 1763/2127/1364 1777/2135/1364 1778/2136/1364
f 1755/2126/1365 1771/2137/1365 1756/2128/1365
f 1764/2129/1366 1778/2136/1366 1779/2138/1366
f 1756/2128/1367 1772/2139/1367 1757/2130/1367
f 1765/2132/1368 1779/2138/1368 1780/2140/1368
f 1757/2130/1369 1773/2141/1369 1758/2133/1369
f 1766/2142/1370 1780/2140/1370 1781/2143/1370
f 1758/2133/1371 1774/2144/1371 1759/2116/1371
f 1767/2118/1372 1781/2145/1372 1782/2146/1372
f 1759/2147/1373 1775/2148/1373 1760/2149/1373
f 1768/2120/1374 1782/2146/1374 1783/2150/1374
f 1760/2149/1375 1776/2151/1375 1761/2122/1375
f 1769/2124/1376 1783/2150/1376 1784/2152/1376
f 1761/2122/1377 1777/2135/1377 1762/2125/1377
f 1755/2126/1378 1528/1752/1378 1770/2153/1378
f 1754/1754/1379 1769/2154/1379 1784/2155/1379
f 1782/2156/1380 1796/2157/1380 1797/2158/1380
f 1774/2159/1381 1790/2160/1381 1775/2148/1381
f 1783/2150/1382 1797/2161/1382 1798/2162/1382
f 1775/2148/1383 1791/2163/1383 1776/2151/1383
f 1784/2155/1384 1798/2164/1384 1799/2165/1384
f 1776/2151/1385 1792/2166/1385 1777/2135/1385
f 1770/2153/1386 1528/1752/1386 1785/2167/1386
f 1754/1754/1387 1784/2155/1387 1799/2165/1387
f 1778/2136/1388 1792/2166/1388 1793/2168/1388
f 1770/2153/1389 1786/2169/1389 1771/2137/1389
f 1779/2138/1390 1793/2168/1390 1794/2170/1390
f 1771/2137/1391 1787/2171/1391 1772/2139/1391
f 1780/2140/1392 1794/2170/1392 1795/2172/1392
f 1772/2139/1393 1788/2173/1393 1773/2141/1393
f 1781/2143/1394 1795/2172/1394 1796/2157/1394
f 1773/2174/1395 1789/2175/1395 1774/2159/1395
f 1785/2167/1396 1801/2176/1396 1786/2169/1396
f 1794/2170/1397 1808/2177/1397 1809/2178/1397
f 1786/2169/1398 1802/2179/1398 1787/2171/1398
f 1795/2172/1399 1809/2178/1399 1810/2180/1399
f 1787/2171/1400 1803/2181/1400 1788/2173/1400
f 1796/2157/1401 1810/2180/1401 1811/2182/1401
f 1788/2183/1402 1804/2184/1402 1789/2175/1402
f 1797/2158/1403 1811/2182/1403 1812/2185/1403
f 1789/2175/1404 1805/2186/1404 1790/2160/1404
f 1798/2164/1405 1812/2187/1405 1813/2188/1405
f 1790/2160/1406 1806/2189/1406 1791/2163/1406
f 1799/2165/1407 1813/2188/1407 1814/2190/1407
f 1791/2163/1408 1807/2191/1408 1792/2166/1408
f 1785/2167/1409 1528/1752/1409 1800/2192/1409
f 1754/1754/1410 1799/2165/1410 1814/2190/1410
f 1793/2168/1411 1807/2191/1411 1808/2177/1411
f 1805/2186/1412 1819/2193/1412 1820/2194/1412
f 1812/2187/1413 1828/2195/1413 1813/2188/1413
f 1806/2189/1414 1820/2194/1414 1821/2196/1414
f 1813/2188/1415 1829/2197/1415 1814/2190/1415
f 1807/2191/1416 1821/2196/1416 1822/2198/1416
f 1800/2192/1417 1528/1752/1417 1815/2199/1417
f 1754/1754/1418 1814/2190/1418 1829/2197/1418
f 1807/2191/1419 1823/2200/1419 1808/2177/1419
f 1801/2176/1420 1815/2199/1420 1816/2201/1420
f 1808/2177/1421 1824/2202/1421 1809/2178/1421
f 1802/2179/1422 1816/2201/1422 1817/2203/1422
f 1809/2178/1423 1825/2204/1423 1810/2180/1423
f 1803/2205/1424 1817/2206/1424 1818/2207/1424
f 1810/2180/1425 1826/2208/1425 1811/2182/1425
f 1804/2184/1426 1818/2207/1426 1819/2193/1426
f 1811/2209/1427 1827/2210/1427 1812/2187/1427
f 1823/2200/1428 1839/2211/1428 1824/2202/1428
f 1817/2203/1429 1831/2212/1429 1832/2213/1429
f 1824/2202/1430 1840/2214/1430 1825/2204/1430
f 1818/2207/1431 1832/2215/1431 1833/2216/1431
f 1825/2204/1432 1841/2217/1432 1826/2208/1432
f 1819/2193/1433 1833/2216/1433 1834/2218/1433
f 1826/2219/1434 1842/2220/1434 1827/2210/1434
f 1820/2194/1435 1834/2218/1435 1835/2221/1435
f 1827/2210/1436 1843/2222/1436 1828/2195/1436
f 1821/2196/1437 1835/2221/1437 1836/2223/1437
f 1828/2195/1438 1844/2224/1438 1829/2197/1438
f 1822/2198/1439 1836/2223/1439 1837/2225/1439
f 1815/2199/1440 1528/1752/1440 1830/2226/1440
f 1754/1754/1441 1829/2197/1441 1844/2224/1441
f 1822/2198/1442 1838/2227/1442 1823/2200/1442
f 1816/2201/1443 1830/2226/1443 1831/2212/1443
f 1842/2220/1444 1858/2228/1444 1843/2222/1444
f 1836/2223/1445 1850/2229/1445 1851/2230/1445
f 1843/2222/1446 1859/2231/1446 1844/2224/1446
f 1837/2225/1447 1851/2230/1447 1852/2232/1447
f 1830/2226/1448 1528/1752/1448 1845/2233/1448
f 1754/1754/1449 1844/2224/1449 1859/2231/1449
f 1837/2225/1450 1853/2234/1450 1838/2227/1450
f 1831/2212/1451 1845/2233/1451 1846/2235/1451
f 1838/2227/1452 1854/2236/1452 1839/2211/1452
f 1832/2213/1453 1846/2235/1453 1847/2237/1453
f 1839/2211/1454 1855/2238/1454 1840/2214/1454
f 1833/2216/1455 1847/2239/1455 1848/2240/1455
f 1840/2214/1456 1856/2241/1456 1841/2217/1456
f 1834/2218/1457 1848/2240/1457 1849/2242/1457
f 1841/2243/1458 1857/2244/1458 1842/2220/1458
f 1835/2221/1459 1849/2242/1459 1850/2229/1459
f 1854/2236/1460 1870/2245/1460 1855/2238/1460
f 1848/2240/1461 1862/2246/1461 1863/2247/1461
f 1855/2248/1462 1871/2249/1462 1856/2250/1462
f 1849/2242/1463 1863/2247/1463 1864/2251/1463
f 1856/2250/1464 1872/2252/1464 1857/2244/1464
f 1850/2229/1465 1864/2251/1465 1865/2253/1465
f 1857/2244/1466 1873/2254/1466 1858/2228/1466
f 1851/2230/1467 1865/2253/1467 1866/2255/1467
f 1858/2228/1468 1874/2256/1468 1859/2231/1468
f 1852/2232/1469 1866/2255/1469 1867/2257/1469
f 1845/2233/1470 1528/1752/1470 1860/2258/1470
f 1754/1754/1471 1859/2231/1471 1874/2256/1471
f 1852/2232/1472 1868/2259/1472 1853/2234/1472
f 1846/2235/1473 1860/2258/1473 1861/2260/1473
f 1853/2234/1474 1869/2261/1474 1854/2236/1474
f 1847/2237/1475 1861/2260/1475 1862/2262/1475
f 1873/2254/1476 1889/2263/1476 1874/2256/1476
f 1867/2257/1477 1881/2264/1477 1882/2265/1477
f 1860/2258/1478 1528/1752/1478 1875/2266/1478
f 1754/1754/1479 1874/2256/1479 1889/2263/1479
f 1867/2257/1480 1883/2267/1480 1868/2259/1480
f 1861/2260/1481 1875/2266/1481 1876/2268/1481
f 1868/2259/1482 1884/2269/1482 1869/2261/1482
f 1862/2262/1483 1876/2268/1483 1877/2270/1483
f 1869/2261/1484 1885/2271/1484 1870/2245/1484
f 1863/2272/1485 1877/2273/1485 1878/2274/1485
f 1870/2275/1486 1886/2276/1486 1871/2249/1486
f 1864/2251/1487 1878/2277/1487 1879/2278/1487
f 1871/2249/1488 1887/2279/1488 1872/2252/1488
f 1865/2253/1489 1879/2278/1489 1880/2280/1489
f 1872/2252/1490 1888/2281/1490 1873/2254/1490
f 1866/2255/1491 1880/2280/1491 1881/2264/1491
f 1878/2274/1492 1892/2282/1492 1893/2283/1492
f 1885/2284/1493 1901/2285/1493 1886/2276/1493
f 1879/2286/1494 1893/2283/1494 1894/2287/1494
f 1886/2276/1495 1902/2288/1495 1887/2279/1495
f 1880/2289/1496 1894/2287/1496 1895/2290/1496
f 1887/2279/1497 1903/2291/1497 1888/2281/1497
f 1881/2264/1498 1895/2292/1498 1896/2293/1498
f 1888/2281/1499 1904/2294/1499 1889/2263/1499
f 1882/2265/1500 1896/2293/1500 1897/2295/1500
f 1875/2266/1501 1528/1752/1501 1890/2296/1501
f 1754/1754/1502 1889/2263/1502 1904/2294/1502
f 1882/2265/1503 1898/2297/1503 1883/2267/1503
f 1876/2268/1504 1890/2296/1504 1891/2298/1504
f 1883/2267/1505 1899/2299/1505 1884/2269/1505
f 1877/2270/1506 1891/2298/1506 1892/2300/1506
f 1884/2301/1507 1900/2302/1507 1885/2284/1507
f 1897/2303/1508 1911/2304/1508 1912/2305/1508
f 1890/2296/1509 1528/1752/1509 1905/2306/1509
f 1754/1754/1510 1904/2294/1510 1919/2307/1510
f 1897/2303/1511 1913/2308/1511 1898/2309/1511
f 1891/2298/1512 1905/2306/1512 1906/2310/1512
f 1898/2311/1513 1914/2312/1513 1899/2313/1513
f 1892/2282/1514 1906/2314/1514 1907/2315/1514
f 1899/2313/1515 1915/2316/1515 1900/2302/1515
f 1893/2283/1516 1907/2315/1516 1908/2317/1516
f 1900/2302/1517 1916/2318/1517 1901/2285/1517
f 1894/2287/1518 1908/2317/1518 1909/2319/1518
f 1901/2285/1519 1917/2320/1519 1902/2288/1519
f 1895/2290/1520 1909/2319/1520 1910/2321/1520
f 1902/2288/1521 1918/2322/1521 1903/2291/1521
f 1896/2323/1522 1910/2321/1522 1911/2304/1522
f 1903/2291/1523 1919/2307/1523 1904/2294/1523
f 1915/2316/1524 1925/1734/1524 1916/2318/1524
f 1909/2319/1525 1922/1733/1525 1448/1738/1525
f 1916/2318/1526 1926/1739/1526 1917/2320/1526
f 1910/2321/1527 1448/1738/1527 1923/1742/1527
f 1917/2320/1528 1927/1743/1528 1918/2322/1528
f 1911/2304/1529 1923/1742/1529 1449/1746/1529
f 1918/2322/1530 1928/1747/1530 1919/2307/1530
f 1912/2305/1531 1449/1746/1531 1450/1750/1531
f 1905/2306/1532 1528/1752/1532 1920/1751/1532
f 1754/1754/1533 1919/2307/1533 1928/1747/1533
f 1912/2305/1534 1451/1755/1534 1913/2308/1534
f 1906/2310/1535 1920/1751/1535 1921/1758/1535
f 1913/2324/1536 1924/1759/1536 1914/2312/1536
f 1907/2315/1537 1921/1762/1537 1447/1731/1537
f 1914/2312/1538 1452/1764/1538 1915/2316/1538
f 1908/2317/1539 1447/1731/1539 1922/1733/1539
f 1929/2325/1540 1938/2326/1540 2404/2327/1540
f 2407/2328/1541 1945/2329/1541 1946/2330/1541
f 2404/2327/1542 1939/2331/1542 1930/2332/1542
f 2408/2333/1543 1946/2330/1543 1947/2334/1543
f 1930/2332/1544 1940/2335/1544 2405/2336/1544
f 2409/2337/1545 1947/2334/1545 1948/2338/1545
f 2405/2336/1546 1941/2339/1546 1931/2340/1546
f 2410/2341/1547 1948/2338/1547 1949/2342/1547
f 1931/2340/1548 1942/2343/1548 1932/2344/1548
f 2402/2345/1549 2010/2346/1549 1935/2347/1549
f 2236/2348/1550 2410/2341/1550 1949/2342/1550
f 1933/2349/1551 1942/2343/1551 1943/2350/1551
f 2402/2345/1552 1936/2351/1552 2403/2352/1552
f 2406/2353/1553 1943/2350/1553 1944/2354/1553
f 2403/2355/1554 1937/2356/1554 1929/2325/1554
f 1934/2357/1555 1944/2358/1555 1945/2329/1555
f 1936/2351/1556 1952/2359/1556 1937/2360/1556
f 1945/2329/1557 1959/2361/1557 1960/2362/1557
f 1937/2356/1558 1953/2363/1558 1938/2326/1558
f 1946/2330/1559 1960/2362/1559 1961/2364/1559
f 1938/2326/1560 1954/2365/1560 1939/2331/1560
f 1947/2334/1561 1961/2364/1561 1962/2366/1561
f 1939/2331/1562 1955/2367/1562 1940/2335/1562
f 1948/2338/1563 1962/2366/1563 1963/2368/1563
f 1940/2335/1564 1956/2369/1564 1941/2339/1564
f 1949/2342/1565 1963/2368/1565 1964/2370/1565
f 1941/2339/1566 1957/2371/1566 1942/2343/1566
f 1935/2347/1567 2010/2346/1567 1950/2372/1567
f 2236/2348/1568 1949/2342/1568 1964/2370/1568
f 1943/2373/1569 1957/2374/1569 1958/2375/1569
f 1935/2347/1570 1951/2376/1570 1936/2351/1570
f 1944/2377/1571 1958/2375/1571 1959/2378/1571
f 1955/2379/1572 1971/2380/1572 1956/2381/1572
f 1964/2370/1573 1978/2382/1573 1979/2383/1573
f 1956/2381/1574 1972/2384/1574 1957/2374/1574
f 1950/2372/1575 2010/2346/1575 1965/2385/1575
f 2236/2348/1576 1964/2370/1576 1979/2383/1576
f 1958/2375/1577 1972/2384/1577 1973/2386/1577
f 1950/2372/1578 1966/2387/1578 1951/2376/1578
f 1959/2378/1579 1973/2386/1579 1974/2388/1579
f 1951/2376/1580 1967/2389/1580 1952/2359/1580
f 1960/2362/1581 1974/2390/1581 1975/2391/1581
f 1952/2392/1582 1968/2393/1582 1953/2394/1582
f 1961/2364/1583 1975/2391/1583 1976/2395/1583
f 1953/2394/1584 1969/2396/1584 1954/2397/1584
f 1962/2366/1585 1976/2395/1585 1977/2398/1585
f 1954/2397/1586 1970/2399/1586 1955/2379/1586
f 1963/2368/1587 1977/2398/1587 1978/2382/1587
f 1975/2400/1588 1989/2401/1588 1990/2402/1588
f 1967/2403/1589 1983/2404/1589 1968/2393/1589
f 1976/2395/1590 1990/2405/1590 1991/2406/1590
f 1968/2393/1591 1984/2407/1591 1969/2396/1591
f 1977/2398/1592 1991/2406/1592 1992/2408/1592
f 1969/2396/1593 1985/2409/1593 1970/2399/1593
f 1978/2382/1594 1992/2408/1594 1993/2410/1594
f 1970/2399/1595 1986/2411/1595 1971/2380/1595
f 1979/2383/1596 1993/2410/1596 1994/2412/1596
f 1971/2380/1597 1987/2413/1597 1972/2384/1597
f 1965/2385/1598 2010/2346/1598 1980/2414/1598
f 2236/2348/1599 1979/2383/1599 1994/2412/1599
f 1973/2386/1600 1987/2413/1600 1988/2415/1600
f 1965/2385/1601 1981/2416/1601 1966/2387/1601
f 1974/2388/1602 1988/2415/1602 1989/2401/1602
f 1966/2387/1603 1982/2417/1603 1967/2389/1603
f 1994/2412/1604 2008/2418/1604 2009/2419/1604
f 1986/2411/1605 2002/2420/1605 1987/2413/1605
f 1980/2414/1606 2010/2346/1606 1995/2421/1606
f 2236/2348/1607 1994/2412/1607 2009/2419/1607
f 1988/2415/1608 2002/2420/1608 2003/2422/1608
f 1980/2414/1609 1996/2423/1609 1981/2416/1609
f 1989/2401/1610 2003/2422/1610 2004/2424/1610
f 1981/2416/1611 1997/2425/1611 1982/2417/1611
f 1990/2402/1612 2004/2424/1612 2005/2426/1612
f 1982/2427/1613 1998/2428/1613 1983/2404/1613
f 1991/2406/1614 2005/2429/1614 2006/2430/1614
f 1983/2404/1615 1999/2431/1615 1984/2407/1615
f 1992/2408/1616 2006/2430/1616 2007/2432/1616
f 1984/2407/1617 2000/2433/1617 1985/2409/1617
f 1993/2410/1618 2007/2432/1618 2008/2418/1618
f 1985/2409/1619 2001/2434/1619 1986/2411/1619
f 1997/2435/1620 2014/2436/1620 1998/2428/1620
f 2006/2430/1621 2021/2437/1621 2022/2438/1621
f 1998/2428/1622 2015/2439/1622 1999/2431/1622
f 2007/2432/1623 2022/2438/1623 2023/2440/1623
f 1999/2431/1624 2016/2441/1624 2000/2433/1624
f 2008/2418/1625 2023/2440/1625 2024/2442/1625
f 2000/2433/1626 2017/2443/1626 2001/2434/1626
f 2009/2419/1627 2024/2442/1627 2025/2444/1627
f 2001/2434/1628 2018/2445/1628 2002/2420/1628
f 1995/2421/1629 2010/2346/1629 2011/2446/1629
f 2236/2348/1630 2009/2419/1630 2025/2444/1630
f 2003/2422/1631 2018/2445/1631 2019/2447/1631
f 1995/2421/1632 2012/2448/1632 1996/2423/1632
f 2004/2424/1633 2019/2447/1633 2020/2449/1633
f 1996/2450/1634 2013/2451/1634 1997/2435/1634
f 2005/2426/1635 2020/2449/1635 2021/2452/1635
f 2017/2443/1636 2033/2453/1636 2018/2445/1636
f 2011/2446/1637 2010/2346/1637 2026/2454/1637
f 2236/2348/1638 2025/2444/1638 2040/2455/1638
f 2019/2447/1639 2033/2453/1639 2034/2456/1639
f 2011/2446/1640 2027/2457/1640 2012/2448/1640
f 2020/2449/1641 2034/2456/1641 2035/2458/1641
f 2012/2459/1642 2028/2460/1642 2013/2451/1642
f 2021/2452/1643 2035/2458/1643 2036/2461/1643
f 2013/2451/1644 2029/2462/1644 2014/2436/1644
f 2022/2438/1645 2036/2463/1645 2037/2464/1645
f 2014/2436/1646 2030/2465/1646 2015/2439/1646
f 2023/2440/1647 2037/2464/1647 2038/2466/1647
f 2015/2439/1648 2031/2467/1648 2016/2441/1648
f 2024/2442/1649 2038/2466/1649 2039/2468/1649
f 2016/2441/1650 2032/2469/1650 2017/2443/1650
f 2025/2444/1651 2039/2468/1651 2040/2455/1651
f 2037/2464/1652 2051/2470/1652 2052/2471/1652
f 2029/2462/1653 2045/2472/1653 2030/2465/1653
f 2038/2466/1654 2052/2471/1654 2053/2473/1654
f 2030/2465/1655 2046/2474/1655 2031/2467/1655
f 2039/2468/1656 2053/2473/1656 2054/2475/1656
f 2031/2467/1657 2047/2476/1657 2032/2469/1657
f 2040/2455/1658 2054/2475/1658 2055/2477/1658
f 2032/2469/1659 2048/2478/1659 2033/2453/1659
f 2026/2454/1660 2010/2346/1660 2041/2479/1660
f 2236/2348/1661 2040/2455/1661 2055/2477/1661
f 2034/2456/1662 2048/2478/1662 2049/2480/1662
f 2026/2454/1663 2042/2481/1663 2027/2457/1663
f 2035/2458/1664 2049/2480/1664 2050/2482/1664
f 2027/2457/1665 2043/2483/1665 2028/2484/1665
f 2036/2461/1666 2050/2482/1666 2051/2485/1666
f 2028/2460/1667 2044/2486/1667 2029/2462/1667
f 2236/2348/1668 2055/2477/1668 2070/2487/1668
f 2048/2478/1669 2064/2488/1669 2049/2480/1669
f 2042/2481/1670 2056/2489/1670 2057/2490/1670
f 2049/2480/1671 2065/2491/1671 2050/2482/1671
f 2043/2483/1672 2057/2490/1672 2058/2492/1672
f 2050/2482/1673 2066/2493/1673 2051/2485/1673
f 2044/2486/1674 2058/2494/1674 2059/2495/1674
f 2051/2470/1675 2067/2496/1675 2052/2471/1675
f 2045/2472/1676 2059/2495/1676 2060/2497/1676
f 2052/2471/1677 2068/2498/1677 2053/2473/1677
f 2046/2474/1678 2060/2497/1678 2061/2499/1678
f 2053/2473/1679 2069/2500/1679 2054/2475/1679
f 2047/2476/1680 2061/2499/1680 2062/2501/1680
f 2054/2475/1681 2070/2487/1681 2055/2477/1681
f 2048/2478/1682 2062/2501/1682 2063/2502/1682
f 2041/2479/1683 2010/2346/1683 2056/2489/1683
f 2067/2496/1684 2083/2503/1684 2068/2498/1684
f 2061/2499/1685 2075/2504/1685 2076/2505/1685
f 2068/2498/1686 2084/2506/1686 2069/2500/1686
f 2062/2501/1687 2076/2505/1687 2077/2507/1687
f 2069/2500/1688 2085/2508/1688 2070/2487/1688
f 2063/2502/1689 2077/2507/1689 2078/2509/1689
f 2056/2489/1690 2010/2346/1690 2071/2510/1690
f 2236/2348/1691 2070/2487/1691 2085/2508/1691
f 2063/2502/1692 2079/2511/1692 2064/2488/1692
f 2057/2490/1693 2071/2510/1693 2072/2512/1693
f 2064/2488/1694 2080/2513/1694 2065/2491/1694
f 2058/2492/1695 2072/2512/1695 2073/2514/1695
f 2065/2491/1696 2081/2515/1696 2066/2493/1696
f 2059/2495/1697 2073/2516/1697 2074/2517/1697
f 2066/2518/1698 2082/2519/1698 2067/2496/1698
f 2060/2497/1699 2074/2517/1699 2075/2504/1699
f 2072/2512/1700 2086/2520/1700 2087/2521/1700
f 2079/2511/1701 2095/2522/1701 2080/2513/1701
f 2073/2514/1702 2087/2521/1702 2088/2523/1702
f 2080/2513/1703 2096/2524/1703 2081/2515/1703
f 2074/2525/1704 2088/2523/1704 2089/2526/1704
f 2081/2527/1705 2097/2528/1705 2082/2519/1705
f 2075/2504/1706 2089/2529/1706 2090/2530/1706
f 2082/2519/1707 2098/2531/1707 2083/2503/1707
f 2076/2505/1708 2090/2530/1708 2091/2532/1708
f 2083/2503/1709 2099/2533/1709 2084/2506/1709
f 2077/2507/1710 2091/2532/1710 2092/2534/1710
f 2084/2506/1711 2100/2535/1711 2085/2508/1711
f 2078/2509/1712 2092/2534/1712 2093/2536/1712
f 2071/2510/1713 2010/2346/1713 2086/2520/1713
f 2236/2348/1714 2085/2508/1714 2100/2535/1714
f 2078/2509/1715 2094/2537/1715 2079/2511/1715
f 2091/2532/1716 2105/2538/1716 2106/2539/1716
f 2098/2531/1717 2114/2540/1717 2099/2533/1717
f 2092/2534/1718 2106/2539/1718 2107/2541/1718
f 2099/2533/1719 2115/2542/1719 2100/2535/1719
f 2093/2536/1720 2107/2541/1720 2108/2543/1720
f 2086/2520/1721 2010/2346/1721 2101/2544/1721
f 2236/2348/1722 2100/2535/1722 2115/2542/1722
f 2093/2536/1723 2109/2545/1723 2094/2537/1723
f 2087/2521/1724 2101/2544/1724 2102/2546/1724
f 2094/2537/1725 2110/2547/1725 2095/2522/1725
f 2088/2523/1726 2102/2546/1726 2103/2548/1726
f 2095/2549/1727 2111/2550/1727 2096/2551/1727
f 2089/2526/1728 2103/2548/1728 2104/2552/1728
f 2096/2551/1729 2112/2553/1729 2097/2528/1729
f 2090/2554/1730 2104/2552/1730 2105/2555/1730
f 2097/2528/1731 2113/2556/1731 2098/2531/1731
f 2109/2557/1732 2125/2558/1732 2110/2559/1732
f 2103/2548/1733 2117/2560/1733 2118/2561/1733
f 2110/2562/1734 2126/2563/1734 2111/2550/1734
f 2104/2552/1735 2118/2561/1735 2119/2564/1735
f 2111/2550/1736 2127/2565/1736 2112/2553/1736
f 2105/2555/1737 2119/2564/1737 2120/2566/1737
f 2112/2553/1738 2128/2567/1738 2113/2556/1738
f 2106/2568/1739 2120/2566/1739 2121/2569/1739
f 2113/2556/1740 2129/2570/1740 2114/2540/1740
f 2107/2541/1741 2121/2571/1741 2122/2572/1741
f 2114/2540/1742 2130/2573/1742 2115/2542/1742
f 2108/2543/1743 2122/2572/1743 2123/2574/1743
f 2101/2544/1744 2010/2346/1744 2116/2575/1744
f 2236/2348/1745 2115/2542/1745 2130/2573/1745
f 2108/2543/1746 2124/2576/1746 2109/2545/1746
f 2102/2546/1747 2116/2575/1747 2117/2560/1747
f 2128/2567/1748 2144/2577/1748 2129/2570/1748
f 2122/2578/1749 2136/2579/1749 2137/2580/1749
f 2129/2570/1750 2145/2581/1750 2130/2573/1750
f 2123/2582/1751 2137/2583/1751 2138/2584/1751
f 2116/2575/1752 2010/2346/1752 2131/2585/1752
f 2236/2348/1753 2130/2573/1753 2145/2581/1753
f 2123/2582/1754 2139/2586/1754 2124/2587/1754
f 2117/2560/1755 2131/2585/1755 2132/2588/1755
f 2124/2587/1756 2140/2589/1756 2125/2558/1756
f 2118/2561/1757 2132/2588/1757 2133/2590/1757
f 2125/2558/1758 2141/2591/1758 2126/2592/1758
f 2119/2564/1759 2133/2590/1759 2134/2593/1759
f 2126/2563/1760 2142/2594/1760 2127/2565/1760
f 2120/2566/1761 2134/2593/1761 2135/2595/1761
f 2127/2565/1762 2143/2596/1762 2128/2567/1762
f 2121/2569/1763 2135/2595/1763 2136/2579/1763
f 2133/2590/1764 2147/2597/1764 2148/2598/1764
f 2140/2589/1765 2156/2599/1765 2141/2591/1765
f 2134/2593/1766 2148/2598/1766 2149/2600/1766
f 2141/2601/1767 2157/2602/1767 2142/2594/1767
f 2135/2595/1768 2149/2600/1768 2150/2603/1768
f 2142/2594/1769 2158/2604/1769 2143/2596/1769
f 2136/2579/1770 2150/2603/1770 2151/2605/1770
f 2143/2596/1771 2159/2606/1771 2144/2577/1771
f 2137/2580/1772 2151/2605/1772 2152/2607/1772
f 2144/2577/1773 2160/2608/1773 2145/2581/1773
f 2138/2584/1774 2152/2609/1774 2153/2610/1774
f 2131/2585/1775 2010/2346/1775 2146/2611/1775
f 2236/2348/1776 2145/2581/1776 2160/2608/1776
f 2138/2584/1777 2154/2612/1777 2139/2586/1777
f 2132/2588/1778 2146/2611/1778 2147/2597/1778
f 2139/2586/1779 2155/2613/1779 2140/2589/1779
f 2152/2607/1780 2166/2614/1780 2167/2615/1780
f 2159/2606/1781 2175/2616/1781 2160/2608/1781
f 2153/2610/1782 2167/2617/1782 2168/2618/1782
f 2146/2611/1783 2010/2346/1783 2161/2619/1783
f 2236/2348/1784 2160/2608/1784 2175/2616/1784
f 2153/2610/1785 2169/2620/1785 2154/2612/1785
f 2147/2597/1786 2161/2619/1786 2162/2621/1786
f 2154/2612/1787 2170/2622/1787 2155/2613/1787
f 2148/2598/1788 2162/2621/1788 2163/2623/1788
f 2155/2613/1789 2171/2624/1789 2156/2599/1789
f 2149/2600/1790 2163/2623/1790 2164/2625/1790
f 2156/2626/1791 2172/2627/1791 2157/2602/1791
f 2150/2603/1792 2164/2625/1792 2165/2628/1792
f 2157/2602/1793 2173/2629/1793 2158/2604/1793
f 2151/2605/1794 2165/2628/1794 2166/2614/1794
f 2158/2604/1795 2174/2630/1795 2159/2606/1795
f 2171/2624/1796 2185/2631/1796 2186/2632/1796
f 2163/2623/1797 2179/2633/1797 2164/2625/1797
f 2172/2627/1798 2186/2634/1798 2187/2635/1798
f 2164/2625/1799 2180/2636/1799 2165/2628/1799
f 2173/2629/1800 2187/2635/1800 2188/2637/1800
f 2165/2628/1801 2181/2638/1801 2166/2614/1801
f 2174/2630/1802 2188/2637/1802 2189/2639/1802
f 2166/2614/1803 2182/2640/1803 2167/2615/1803
f 2175/2616/1804 2189/2639/1804 2190/2641/1804
f 2167/2617/1805 2183/2642/1805 2168/2618/1805
f 2161/2619/1806 2010/2346/1806 2176/2643/1806
f 2236/2348/1807 2175/2616/1807 2190/2641/1807
f 2169/2620/1808 2183/2642/1808 2184/2644/1808
f 2161/2619/1809 2177/2645/1809 2162/2621/1809
f 2170/2622/1810 2184/2644/1810 2185/2631/1810
f 2162/2621/1811 2178/2646/1811 2163/2623/1811
f 2190/2641/1812 2204/2647/1812 2205/2648/1812
f 2182/2649/1813 2198/2650/1813 2183/2642/1813
f 2176/2643/1814 2010/2346/1814 2191/2651/1814
f 2236/2348/1815 2190/2641/1815 2205/2648/1815
f 2184/2644/1816 2198/2650/1816 2199/2652/1816
f 2176/2643/1817 2192/2653/1817 2177/2645/1817
f 2185/2631/1818 2199/2652/1818 2200/2654/1818
f 2177/2645/1819 2193/2655/1819 2178/2646/1819
f 2186/2632/1820 2200/2654/1820 2201/2656/1820
f 2178/2646/1821 2194/2657/1821 2179/2633/1821
f 2187/2658/1822 2201/2656/1822 2202/2659/1822
f 2179/2633/1823 2195/2660/1823 2180/2636/1823
f 2188/2637/1824 2202/2661/1824 2203/2662/1824
f 2180/2636/1825 2196/2663/1825 2181/2638/1825
f 2189/2639/1826 2203/2662/1826 2204/2647/1826
f 2181/2638/1827 2197/2664/1827 2182/2640/1827
f 2202/2665/1828 2216/2666/1828 2217/2667/1828
f 2194/2657/1829 2210/2668/1829 2195/2660/1829
f 2203/2662/1830 2217/2669/1830 2218/2670/1830
f 2195/2660/1831 2211/2671/1831 2196/2663/1831
f 2204/2647/1832 2218/2670/1832 2219/2672/1832
f 2196/2663/1833 2212/2673/1833 2197/2664/1833
f 2205/2648/1834 2219/2672/1834 2220/2674/1834
f 2197/2675/1835 2213/2676/1835 2198/2677/1835
f 2191/2651/1836 2010/2346/1836 2206/2678/1836
f 2236/2348/1837 2205/2648/1837 2220/2674/1837
f 2199/2679/1838 2213/2676/1838 2214/2680/1838
f 2191/2651/1839 2207/2681/1839 2192/2653/1839
f 2200/2682/1840 2214/2680/1840 2215/2683/1840
f 2192/2653/1841 2208/2684/1841 2193/2655/1841
f 2201/2685/1842 2215/2683/1842 2216/2666/1842
f 2193/2655/1843 2209/2686/1843 2194/2657/1843
f 2206/2678/1844 2010/2346/1844 2221/2687/1844
f 2236/2348/1845 2220/2674/1845 2235/2688/1845
f 2214/2680/1846 2228/2689/1846 2229/2690/1846
f 2206/2678/1847 2222/2691/1847 2207/2681/1847
f 2215/2683/1848 2229/2690/1848 2230/2692/1848
f 2207/2681/1849 2223/2693/1849 2208/2684/1849
f 2216/2666/1850 2230/2692/1850 2231/2694/1850
f 2208/2684/1851 2224/2695/1851 2209/2686/1851
f 2217/2667/1852 2231/2694/1852 2232/2696/1852
f 2209/2686/1853 2225/2697/1853 2210/2668/1853
f 2218/2670/1854 2232/2698/1854 2233/2699/1854
f 2210/2668/1855 2226/2700/1855 2211/2671/1855
f 2219/2672/1856 2233/2699/1856 2234/2701/1856
f 2211/2702/1857 2227/2703/1857 2212/2704/1857
f 2220/2674/1858 2234/2701/1858 2235/2688/1858
f 2212/2704/1859 2228/2689/1859 2213/2676/1859
f 2224/2695/1860 2241/2705/1860 2225/2697/1860
f 2233/2706/1861 2248/2707/1861 2249/2708/1861
f 2225/2709/1862 2242/2710/1862 2226/2711/1862
f 2234/2701/1863 2249/2712/1863 2250/2713/1863
f 2226/2711/1864 2243/2714/1864 2227/2703/1864
f 2235/2688/1865 2250/2713/1865 2251/2715/1865
f 2227/2703/1866 2244/2716/1866 2228/2689/1866
f 2221/2687/1867 2010/2346/1867 2237/2717/1867
f 2236/2348/1868 2235/2688/1868 2251/2715/1868
f 2229/2690/1869 2244/2716/1869 2245/2718/1869
f 2221/2687/1870 2238/2719/1870 2222/2691/1870
f 2230/2692/1871 2245/2718/1871 2246/2720/1871
f 2222/2691/1872 2239/2721/1872 2223/2693/1872
f 2231/2694/1873 2246/2720/1873 2247/2722/1873
f 2223/2693/1874 2240/2723/1874 2224/2695/1874
f 2232/2696/1875 2247/2722/1875 2248/2707/1875
f 2245/2718/1876 2259/2724/1876 2260/2725/1876
f 2237/2717/1877 2253/2726/1877 2238/2719/1877
f 2246/2720/1878 2260/2725/1878 2261/2727/1878
f 2238/2719/1879 2254/2728/1879 2239/2721/1879
f 2247/2722/1880 2261/2727/1880 2262/2729/1880
f 2239/2721/1881 2255/2730/1881 2240/2723/1881
f 2248/2707/1882 2262/2729/1882 2263/2731/1882
f 2240/2723/1883 2256/2732/1883 2241/2705/1883
f 2249/2708/1884 2263/2731/1884 2264/2733/1884
f 2241/2734/1885 2257/2735/1885 2242/2710/1885
f 2250/2713/1886 2264/2736/1886 2265/2737/1886
f 2242/2710/1887 2258/2738/1887 2243/2714/1887
f 2251/2715/1888 2265/2737/1888 2266/2739/1888
f 2243/2714/1889 2259/2724/1889 2244/2716/1889
f 2237/2717/1890 2010/2346/1890 2252/2740/1890
f 2236/2348/1891 2251/2715/1891 2266/2739/1891
f 2264/2733/1892 2278/2741/1892 2279/2742/1892
f 2256/2743/1893 2272/2744/1893 2257/2735/1893
f 2265/2737/1894 2279/2745/1894 2280/2746/1894
f 2257/2735/1895 2273/2747/1895 2258/2738/1895
f 2266/2739/1896 2280/2746/1896 2281/2748/1896
f 2258/2738/1897 2274/2749/1897 2259/2724/1897
f 2252/2740/1898 2010/2346/1898 2267/2750/1898
f 2236/2348/1899 2266/2739/1899 2281/2748/1899
f 2260/2725/1900 2274/2749/1900 2275/2751/1900
f 2252/2740/1901 2268/2752/1901 2253/2726/1901
f 2261/2727/1902 2275/2751/1902 2276/2753/1902
f 2253/2726/1903 2269/2754/1903 2254/2728/1903
f 2262/2729/1904 2276/2753/1904 2277/2755/1904
f 2254/2728/1905 2270/2756/1905 2255/2730/1905
f 2263/2731/1906 2277/2755/1906 2278/2741/1906
f 2255/2757/1907 2271/2758/1907 2256/2743/1907
f 2267/2750/1908 2283/2759/1908 2268/2752/1908
f 2276/2753/1909 2290/2760/1909 2291/2761/1909
f 2268/2752/1910 2284/2762/1910 2269/2754/1910
f 2277/2755/1911 2291/2761/1911 2292/2763/1911
f 2269/2754/1912 2285/2764/1912 2270/2756/1912
f 2278/2741/1913 2292/2763/1913 2293/2765/1913
f 2270/2766/1914 2286/2767/1914 2271/2758/1914
f 2279/2742/1915 2293/2765/1915 2294/2768/1915
f 2271/2758/1916 2287/2769/1916 2272/2744/1916
f 2280/2746/1917 2294/2770/1917 2295/2771/1917
f 2272/2744/1918 2288/2772/1918 2273/2747/1918
f 2281/2748/1919 2295/2771/1919 2296/2773/1919
f 2273/2747/1920 2289/2774/1920 2274/2749/1920
f 2267/2750/1921 2010/2346/1921 2282/2775/1921
f 2236/2348/1922 2281/2748/1922 2296/2773/1922
f 2275/2751/1923 2289/2774/1923 2290/2760/1923
f 2287/2769/1924 2301/2776/1924 2302/2777/1924
f 2294/2770/1925 2310/2778/1925 2295/2771/1925
f 2288/2772/1926 2302/2777/1926 2303/2779/1926
f 2295/2771/1927 2311/2780/1927 2296/2773/1927
f 2289/2774/1928 2303/2779/1928 2304/2781/1928
f 2282/2775/1929 2010/2346/1929 2297/2782/1929
f 2236/2348/1930 2296/2773/1930 2311/2780/1930
f 2289/2774/1931 2305/2783/1931 2290/2760/1931
f 2283/2759/1932 2297/2782/1932 2298/2784/1932
f 2290/2760/1933 2306/2785/1933 2291/2761/1933
f 2284/2762/1934 2298/2784/1934 2299/2786/1934
f 2291/2761/1935 2307/2787/1935 2292/2763/1935
f 2285/2764/1936 2299/2786/1936 2300/2788/1936
f 2292/2763/1937 2308/2789/1937 2293/2765/1937
f 2286/2767/1938 2300/2790/1938 2301/2776/1938
f 2293/2765/1939 2309/2791/1939 2294/2768/1939
f 2305/2783/1940 2321/2792/1940 2306/2785/1940
f 2299/2786/1941 2313/2793/1941 2314/2794/1941
f 2306/2785/1942 2322/2795/1942 2307/2787/1942
f 2300/2796/1943 2314/2797/1943 2315/2798/1943
f 2307/2787/1944 2323/2799/1944 2308/2789/1944
f 2301/2800/1945 2315/2798/1945 2316/2801/1945
f 2308/2789/1946 2324/2802/1946 2309/2791/1946
f 2302/2777/1947 2316/2803/1947 2317/2804/1947
f 2309/2805/1948 2325/2806/1948 2310/2778/1948
f 2303/2779/1949 2317/2804/1949 2318/2807/1949
f 2310/2778/1950 2326/2808/1950 2311/2780/1950
f 2304/2781/1951 2318/2807/1951 2319/2809/1951
f 2297/2782/1952 2010/2346/1952 2312/2810/1952
f 2236/2348/1953 2311/2780/1953 2326/2808/1953
f 2304/2781/1954 2320/2811/1954 2305/2783/1954
f 2298/2784/1955 2312/2810/1955 2313/2793/1955
f 2324/2812/1956 2340/2813/1956 2325/2806/1956
f 2318/2807/1957 2332/2814/1957 2333/2815/1957
f 2325/2806/1958 2341/2816/1958 2326/2808/1958
f 2319/2809/1959 2333/2815/1959 2334/2817/1959
f 2312/2810/1960 2010/2346/1960 2327/2818/1960
f 2236/2348/1961 2326/2808/1961 2341/2816/1961
f 2319/2809/1962 2335/2819/1962 2320/2811/1962
f 2313/2793/1963 2327/2818/1963 2328/2820/1963
f 2320/2811/1964 2336/2821/1964 2321/2792/1964
f 2314/2794/1965 2328/2820/1965 2329/2822/1965
f 2321/2792/1966 2337/2823/1966 2322/2795/1966
f 2315/2798/1967 2329/2824/1967 2330/2825/1967
f 2322/2795/1968 2338/2826/1968 2323/2799/1968
f 2316/2801/1969 2330/2825/1969 2331/2827/1969
f 2323/2799/1970 2339/2828/1970 2324/2802/1970
f 2317/2829/1971 2331/2827/1971 2332/2830/1971
f 2336/2821/1972 2352/2831/1972 2337/2823/1972
f 2330/2825/1973 2344/2832/1973 2345/2833/1973
f 2337/2823/1974 2353/2834/1974 2338/2826/1974
f 2331/2827/1975 2345/2833/1975 2346/2835/1975
f 2338/2826/1976 2354/2836/1976 2339/2828/1976
f 2332/2830/1977 2346/2835/1977 2347/2837/1977
f 2339/2838/1978 2355/2839/1978 2340/2813/1978
f 2333/2840/1979 2347/2837/1979 2348/2841/1979
f 2340/2813/1980 2356/2842/1980 2341/2816/1980
f 2334/2817/1981 2348/2843/1981 2349/2844/1981
f 2327/2818/1982 2010/2346/1982 2342/2845/1982
f 2236/2348/1983 2341/2816/1983 2356/2842/1983
f 2334/2817/1984 2350/2846/1984 2335/2819/1984
f 2328/2820/1985 2342/2845/1985 2343/2847/1985
f 2335/2819/1986 2351/2848/1986 2336/2821/1986
f 2329/2824/1987 2343/2849/1987 2344/2832/1987
f 2355/2839/1988 2371/2850/1988 2356/2842/1988
f 2349/2851/1989 2363/2852/1989 2364/2853/1989
f 2342/2845/1990 2010/2346/1990 2357/2854/1990
f 2236/2348/1991 2356/2842/1991 2371/2850/1991
f 2349/2851/1992 2365/2855/1992 2350/2856/1992
f 2343/2847/1993 2357/2854/1993 2358/2857/1993
f 2350/2846/1994 2366/2858/1994 2351/2848/1994
f 2344/2832/1995 2358/2859/1995 2359/2860/1995
f 2351/2848/1996 2367/2861/1996 2352/2831/1996
f 2345/2833/1997 2359/2860/1997 2360/2862/1997
f 2352/2831/1998 2368/2863/1998 2353/2834/1998
f 2346/2835/1999 2360/2862/1999 2361/2864/1999
f 2353/2865/2000 2369/2866/2000 2354/2867/2000
f 2347/2837/2001 2361/2864/2001 2362/2868/2001
f 2354/2867/2002 2370/2869/2002 2355/2839/2002
f 2348/2841/2003 2362/2868/2003 2363/2852/2003
f 2360/2862/2004 2374/2870/2004 2375/2871/2004
f 2367/2872/2005 2383/2873/2005 2368/2874/2005
f 2361/2864/2006 2375/2871/2006 2376/2875/2006
f 2368/2874/2007 2384/2876/2007 2369/2866/2007
f 2362/2868/2008 2376/2875/2008 2377/2877/2008
f 2369/2866/2009 2385/2878/2009 2370/2869/2009
f 2363/2852/2010 2377/2877/2010 2378/2879/2010
f 2370/2869/2011 2386/2880/2011 2371/2850/2011
f 2364/2853/2012 2378/2879/2012 2379/2881/2012
f 2357/2854/2013 2010/2346/2013 2372/2882/2013
f 2236/2348/2014 2371/2850/2014 2386/2880/2014
f 2364/2853/2015 2380/2883/2015 2365/2855/2015
f 2358/2857/2016 2372/2882/2016 2373/2884/2016
f 2365/2855/2017 2381/2885/2017 2366/2886/2017
f 2359/2860/2018 2373/2887/2018 2374/2870/2018
f 2366/2858/2019 2382/2888/2019 2367/2861/2019
f 2379/2881/2020 2393/2889/2020 2394/2890/2020
f 2372/2882/2021 2010/2346/2021 2387/2891/2021
f 2236/2348/2022 2386/2880/2022 2401/2892/2022
f 2379/2881/2023 2395/2893/2023 2380/2883/2023
f 2373/2884/2024 2387/2891/2024 2388/2894/2024
f 2380/2883/2025 2396/2895/2025 2381/2885/2025
f 2374/2870/2026 2388/2896/2026 2389/2897/2026
f 2381/2885/2027 2397/2898/2027 2382/2899/2027
f 2375/2871/2028 2389/2897/2028 2390/2900/2028
f 2382/2901/2029 2398/2902/2029 2383/2873/2029
f 2376/2875/2030 2390/2900/2030 2391/2903/2030
f 2383/2873/2031 2399/2904/2031 2384/2876/2031
f 2377/2877/2032 2391/2903/2032 2392/2905/2032
f 2384/2876/2033 2400/2906/2033 2385/2878/2033
f 2378/2879/2034 2392/2905/2034 2393/2889/2034
f 2385/2878/2035 2401/2892/2035 2386/2880/2035
f 2397/2907/2036 2407/2328/2036 2398/2902/2036
f 2391/2903/2037 2404/2327/2037 1930/2332/2037
f 2398/2902/2038 2408/2333/2038 2399/2904/2038
f 2392/2905/2039 1930/2332/2039 2405/2336/2039
f 2399/2904/2040 2409/2337/2040 2400/2906/2040
f 2393/2889/2041 2405/2336/2041 1931/2340/2041
f 2400/2906/2042 2410/2341/2042 2401/2892/2042
f 2394/2890/2043 1931/2340/2043 1932/2344/2043
f 2387/2891/2044 2010/2346/2044 2402/2345/2044
f 2236/2348/2045 2401/2892/2045 2410/2341/2045
f 2394/2890/2046 1933/2349/2046 2395/2893/2046
f 2388/2894/2047 2402/2345/2047 2403/2352/2047
f 2395/2893/2048 2406/2353/2048 2396/2895/2048
f 2389/2897/2049 2403/2355/2049 1929/2325/2049
f 2396/2908/2050 1934/2357/2050 2397/2907/2050
f 2390/2900/2051 1929/2325/2051 2404/2327/2051
f 476/1/1 1/580/1 9/2/1
f 479/4/2 6/34/2 17/5/2
f 476/1/3 10/3/3 11/7/3
f 479/9/4 18/2909/4 19/10/4
f 477/12/5 2/8/5 11/7/5
f 480/11/6 19/10/6 20/14/6
f 3/16/7 477/12/7 12/13/7
f 481/15/8 20/14/8 21/18/8
f 3/16/2052 13/17/2052 14/20/2052
f 4/21/2053 14/20/2053 15/26/2053
f 475/28/13 474/22/13 7/24/13
f 5/27/14 15/26/14 16/30/14
f 1/32/15 475/28/15 8/29/15
f 478/31/16 16/30/16 17/5/16
f 15/26/17 30/49/17 31/35/17
f 8/29/18 23/50/18 24/36/18
f 17/5/19 16/30/19 31/35/19
f 9/2/20 24/63/20 25/38/20
f 18/6/21 17/5/21 32/37/21
f 10/3/22 25/38/22 26/40/22
f 19/10/23 18/2909/23 33/41/23
f 11/7/24 26/40/24 27/43/24
f 20/14/25 19/10/25 34/42/25
f 13/17/26 12/13/26 27/43/26
f 20/14/27 35/44/27 36/46/27
f 13/17/28 28/45/28 29/47/28
f 14/20/31 29/47/31 30/49/31
f 7/24/32 22/48/32 23/50/32
f 35/44/2054 34/42/2054 49/51/2054
f 28/45/34 27/43/34 42/53/34
f 36/46/35 35/44/35 50/52/35
f 29/47/36 28/45/36 43/54/36
f 29/47/39 44/56/39 45/58/39
f 22/48/40 37/57/40 38/59/40
f 30/49/41 45/58/41 46/60/41
f 23/50/2055 38/59/2055 39/61/2055
f 32/37/43 31/35/43 46/60/43
f 24/63/44 39/2910/44 40/64/44
f 33/39/45 32/37/45 47/62/45
f 25/38/46 40/64/46 41/66/46
f 34/42/47 33/41/47 48/67/47
f 26/40/48 41/66/48 42/53/48
f 47/68/49 46/2911/49 61/69/49
f 39/61/50 54/88/50 55/71/50
f 47/68/51 62/70/51 63/73/51
f 41/66/52 40/64/52 55/75/52
f 49/51/53 48/67/53 63/77/53
f 41/66/54 56/76/54 57/79/54
f 50/52/55 49/51/55 64/78/55
f 43/54/56 42/53/56 57/79/56
f 51/55/57 50/52/57 65/80/57
f 44/56/58 43/54/58 58/81/58
f 44/56/61 59/83/61 60/85/61
f 37/57/62 52/84/62 53/86/62
f 45/58/63 60/85/63 61/87/63
f 38/59/64 53/86/64 54/88/64
f 65/80/2056 80/107/2056 81/89/2056
f 59/83/66 58/81/66 73/90/66
f 59/93/69 74/121/69 75/94/69
f 53/86/70 52/84/70 67/92/70
f 60/95/71 75/94/71 76/97/71
f 54/88/72 53/86/72 68/96/72
f 62/70/73 61/69/73 76/97/73
f 54/88/74 69/98/74 70/100/74
f 62/70/75 77/99/75 78/101/75
f 56/102/76 55/71/76 70/100/76
f 64/78/77 63/77/77 78/104/77
f 56/76/78 71/2912/78 72/106/78
f 64/78/79 79/105/79 80/107/79
f 58/81/80 57/79/80 72/106/80
f 69/98/81 85/127/81 86/108/81
f 77/99/82 93/128/82 94/109/82
f 71/103/83 70/100/83 86/108/83
f 79/111/84 78/101/84 94/109/84
f 71/103/85 87/110/85 88/113/85
f 80/107/86 79/105/86 95/115/86
f 73/117/87 72/2913/87 88/118/87
f 81/89/88 80/107/88 96/116/88
f 74/121/89 73/117/89 89/119/89
f 74/121/92 90/122/92 91/124/92
f 67/92/93 83/123/93 84/125/93
f 75/94/94 91/124/94 92/126/94
f 68/96/95 84/125/95 85/127/95
f 77/99/96 76/97/96 92/126/96
f 90/122/97 89/119/97 104/129/97
f 90/122/100 105/130/100 106/133/100
f 83/123/101 98/131/101 99/134/101
f 91/124/102 106/133/102 107/135/102
f 85/127/103 84/125/103 99/134/103
f 93/128/104 92/126/104 107/135/104
f 85/127/105 100/136/105 101/138/105
f 93/128/106 108/137/106 109/139/106
f 87/110/107 86/108/107 101/138/107
f 95/112/108 94/109/108 109/139/108
f 87/110/109 102/140/109 103/142/109
f 95/115/110 110/2914/110 111/143/110
f 89/119/111 88/118/111 103/144/111
f 96/116/112 111/143/112 112/132/112
f 108/137/113 123/161/113 124/145/113
f 102/140/114 101/138/114 116/146/114
f 110/141/115 109/139/115 124/145/115
f 102/140/116 117/147/116 118/149/116
f 111/143/117 110/2914/117 125/150/117
f 104/129/118 103/144/118 118/152/118
f 111/143/119 126/151/119 127/154/119
f 105/130/120 104/129/120 119/153/120
f 105/130/123 120/155/123 121/157/123
f 98/131/124 113/156/124 114/158/124
f 106/133/125 121/157/125 122/159/125
f 99/134/126 114/158/126 115/160/126
f 108/137/127 107/135/127 122/159/127
f 100/136/128 115/160/128 116/146/128
f 120/155/131 135/178/131 136/164/131
f 114/158/132 113/156/132 128/162/132
f 121/157/133 136/164/133 137/166/133
f 115/160/134 114/158/134 129/165/134
f 123/161/135 122/159/135 137/166/135
f 115/160/136 130/167/136 131/169/136
f 123/161/137 138/168/137 139/170/137
f 117/147/138 116/146/138 131/169/138
f 125/148/139 124/145/139 139/170/139
f 117/147/140 132/171/140 133/173/140
f 125/150/141 140/2915/141 141/174/141
f 119/175/142 118/149/142 133/173/142
f 126/151/143 141/174/143 142/163/143
f 120/155/144 119/153/144 134/177/144
f 132/171/145 131/169/145 146/179/145
f 140/172/146 139/170/146 154/181/146
f 132/171/147 147/180/147 148/183/147
f 141/174/148 140/2915/148 155/184/148
f 134/176/149 133/173/149 148/183/149
f 141/174/150 156/185/150 157/187/150
f 135/178/151 134/177/151 149/188/151
f 135/178/154 150/189/154 151/191/154
f 128/162/155 143/190/155 144/192/155
f 136/164/156 151/191/156 152/193/156
f 129/165/157 144/192/157 145/194/157
f 138/168/158 137/166/158 152/193/158
f 130/167/159 145/194/159 146/179/159
f 138/168/160 153/195/160 154/181/160
f 150/189/161 165/211/161 166/196/161
f 143/190/162 158/212/162 159/197/162
f 151/191/163 166/196/163 167/198/163
f 144/192/2057 159/197/2057 160/199/2057
f 153/195/165 152/193/165 167/198/165
f 145/194/166 160/199/166 161/201/166
f 153/195/167 168/200/167 169/202/167
f 147/180/168 146/179/168 161/201/168
f 155/182/169 154/181/169 169/202/169
f 147/180/170 162/203/170 163/205/170
f 156/185/2058 155/184/2058 170/206/2058
f 149/186/172 148/183/172 163/205/172
f 157/187/2059 156/185/2059 171/207/2059
f 150/189/174 149/188/174 164/210/174
f 170/206/177 169/2916/177 184/213/177
f 162/203/178 177/229/178 178/215/178
f 171/207/179 170/206/179 185/214/179
f 164/208/180 163/205/180 178/215/180
f 172/209/181 171/207/181 186/216/181
f 165/219/182 164/208/182 179/217/182
f 165/211/185 180/2917/185 181/222/185
f 158/212/186 173/221/186 174/223/186
f 166/196/187 181/222/187 182/224/187
f 159/197/188 174/223/188 175/225/188
f 168/200/189 167/198/189 182/224/189
f 160/199/190 175/225/190 176/227/190
f 168/200/191 183/226/191 184/228/191
f 162/203/192 161/201/192 176/227/192
f 181/222/193 196/2918/193 197/230/193
f 175/225/194 174/223/194 189/231/194
f 183/226/195 182/224/195 197/230/195
f 175/225/196 190/232/196 191/234/196
f 183/226/197 198/233/197 199/235/197
f 177/229/198 176/227/198 191/234/198
f 185/214/199 184/213/199 199/237/199
f 177/229/200 192/236/200 193/239/200
f 185/214/201 200/238/201 201/240/201
f 179/217/202 178/215/202 193/239/202
f 186/216/203 201/240/203 202/242/203
f 180/220/204 179/217/204 194/241/204
f 180/245/207 195/254/207 196/246/207
f 174/223/208 173/221/208 188/244/208
f 201/240/209 200/238/209 215/248/209
f 194/250/210 193/2919/210 208/251/210
f 202/242/211 201/240/211 216/249/211
f 195/254/212 194/250/212 209/252/212
f 195/254/215 210/255/215 211/257/215
f 188/244/216 203/256/216 204/258/216
f 196/246/217 211/257/217 212/259/217
f 189/231/218 204/258/218 205/261/218
f 198/262/219 197/260/219 212/259/219
f 190/232/220 205/261/220 206/264/220
f 198/262/221 213/263/221 214/265/221
f 192/236/222 191/234/222 206/264/222
f 200/238/223 199/237/223 214/268/223
f 192/236/224 207/267/224 208/269/224
f 204/258/225 219/286/225 220/270/225
f 213/263/226 212/259/226 227/271/226
f 205/261/227 220/270/227 221/273/227
f 213/263/228 228/272/228 229/274/228
f 207/267/229 206/264/229 221/273/229
f 215/248/230 214/268/230 229/276/230
f 207/278/231 222/302/231 223/279/231
f 216/249/232 215/248/232 230/277/232
f 209/252/233 208/251/233 223/279/233
f 217/253/234 216/249/234 231/280/234
f 210/255/235 209/252/235 224/281/235
f 210/255/238 225/283/238 226/285/238
f 203/256/239 218/284/239 219/286/239
f 211/257/240 226/285/240 227/271/240
f 224/281/241 223/279/241 238/287/241
f 231/280/242 246/303/242 247/289/242
f 225/283/243 224/281/243 239/288/243
f 225/283/246 240/290/246 241/292/246
f 219/286/247 218/284/247 233/291/247
f 226/285/248 241/292/248 242/294/248
f 219/286/249 234/293/249 235/295/249
f 228/272/250 227/271/250 242/294/250
f 220/270/251 235/295/251 236/297/251
f 228/272/252 243/296/252 244/298/252
f 222/275/253 221/273/253 236/297/253
f 230/277/254 229/276/254 244/300/254
f 222/302/255 237/308/255 238/287/255
f 231/280/256 230/277/256 245/301/256
f 243/296/257 242/294/257 257/304/257
f 235/295/258 250/321/258 251/306/258
f 243/296/259 258/305/259 259/307/259
f 237/308/260 236/2920/260 251/309/260
f 245/301/261 244/300/261 259/311/261
f 237/308/262 252/310/262 253/313/262
f 245/301/263 260/312/263 261/314/263
f 239/288/264 238/287/264 253/313/264
f 246/303/265 261/314/265 262/316/265
f 240/290/2060 239/288/2060 254/315/2060
f 240/290/2061 255/317/2061 256/319/2061
f 234/293/270 233/291/270 248/318/270
f 241/292/271 256/319/271 257/304/271
f 235/295/272 234/293/272 249/320/272
f 261/314/273 276/338/273 277/322/273
f 255/317/274 254/315/274 269/323/274
f 255/317/277 270/324/277 271/326/277
f 249/320/278 248/318/278 263/325/278
f 256/319/279 271/326/279 272/328/279
f 249/320/280 264/327/280 265/329/280
f 258/305/281 257/304/281 272/328/281
f 250/321/282 265/329/282 266/331/282
f 258/305/283 273/330/283 274/332/283
f 252/310/284 251/309/284 266/333/284
f 260/312/285 259/311/285 274/335/285
f 252/310/286 267/334/286 268/337/286
f 261/314/287 260/312/287 275/336/287
f 254/315/288 253/313/288 268/337/288
f 265/339/289 280/365/289 281/340/289
f 273/330/290 288/355/290 289/341/290
f 267/334/291 266/333/291 281/340/291
f 275/336/292 274/335/292 289/343/292
f 267/334/293 282/342/293 283/345/293
f 275/336/2062 290/344/2062 291/346/2062
f 269/323/295 268/337/295 283/345/295
f 276/338/296 291/346/296 292/348/296
f 270/324/297 269/323/297 284/347/297
f 270/324/300 285/349/300 286/351/300
f 263/325/301 278/350/301 279/352/301
f 271/326/302 286/351/302 287/353/302
f 264/327/2063 279/352/2063 280/354/2063
f 273/330/304 272/328/304 287/353/304
f 285/349/305 284/347/305 299/356/305
f 285/349/308 300/357/308 301/360/308
f 278/350/309 293/358/309 294/361/309
f 286/351/310 301/360/310 302/362/310
f 280/354/311 279/352/311 294/361/311
f 288/355/312 287/353/312 302/362/312
f 280/365/313 295/2921/313 296/366/313
f 288/355/314 303/364/314 304/367/314
f 282/342/315 281/340/315 296/366/315
f 290/344/316 289/343/316 304/369/316
f 282/342/317 297/368/317 298/371/317
f 290/344/318 305/370/318 306/372/318
f 284/347/319 283/345/319 298/371/319
f 292/348/320 291/346/320 306/372/320
f 303/364/321 319/389/321 320/373/321
f 297/374/322 296/391/322 312/375/322
f 305/370/323 304/369/323 320/377/323
f 297/368/324 313/2922/324 314/379/324
f 305/370/325 321/378/325 322/380/325
f 299/356/326 298/371/326 314/379/326
f 306/372/2064 322/380/2064 323/382/2064
f 300/357/328 299/356/328 315/381/328
f 300/357/331 316/383/331 317/385/331
f 294/361/2065 293/358/2065 309/384/2065
f 301/360/333 317/385/333 318/387/333
f 295/363/334 294/361/334 310/386/334
f 303/364/335 302/362/335 318/387/335
f 295/390/336 311/400/336 312/375/336
f 316/393/338 331/412/338 332/394/338
f 309/384/339 324/413/339 325/396/339
f 317/385/340 332/2923/340 333/397/340
f 310/398/341 325/2924/341 326/399/341
f 319/389/342 318/387/342 333/397/342
f 311/400/343 326/399/343 327/402/343
f 319/403/344 334/431/344 335/404/344
f 313/376/345 312/375/345 327/402/345
f 321/378/346 320/377/346 335/404/346
f 313/376/347 328/405/347 329/407/347
f 321/378/2066 336/406/2066 337/409/2066
f 315/410/349 314/408/349 329/407/349
f 323/382/350 322/380/350 337/409/350
f 316/393/351 315/410/351 330/411/351
f 336/406/353 335/404/353 350/414/353
f 328/405/354 343/432/354 344/416/354
f 336/406/355 351/415/355 352/417/355
f 330/411/356 329/407/356 344/416/356
f 338/392/357 337/409/357 352/417/357
f 331/412/358 330/411/358 345/418/358
f 331/412/361 346/420/361 347/422/361
f 324/413/362 339/421/362 340/423/362
f 332/394/363 347/422/363 348/424/363
f 326/399/364 325/2924/364 340/426/364
f 334/428/365 333/425/365 348/424/365
f 326/399/366 341/427/366 342/430/366
f 334/431/367 349/2925/367 350/414/367
f 328/405/368 327/402/368 342/430/368
f 339/421/369 354/449/369 355/433/369
f 347/422/370 362/450/370 363/434/370
f 341/427/371 340/426/371 355/435/371
f 349/429/372 348/424/372 363/434/372
f 341/427/373 356/436/373 357/438/373
f 349/429/374 364/437/374 365/439/374
f 343/432/375 342/430/375 357/438/375
f 351/415/376 350/414/376 365/442/376
f 343/432/377 358/441/377 359/444/377
f 351/415/378 366/443/378 367/445/378
f 345/418/379 344/416/379 359/444/379
f 353/419/380 352/417/380 367/445/380
f 346/420/2067 345/418/2067 360/446/2067
f 346/420/2068 361/448/2068 362/450/2068
f 358/441/385 373/465/385 374/451/385
f 366/443/386 381/467/386 382/452/386
f 360/446/387 359/444/387 374/451/387
f 367/445/388 382/452/388 383/454/388
f 361/448/2069 360/446/2069 375/453/2069
f 361/448/2070 376/455/2070 377/457/2070
f 355/433/393 354/449/393 369/456/393
f 362/450/394 377/457/394 378/459/394
f 356/436/395 355/435/395 370/460/395
f 364/437/396 363/434/396 378/459/396
f 356/436/397 371/461/397 372/463/397
f 364/437/398 379/462/398 380/464/398
f 358/441/399 357/438/399 372/463/399
f 366/443/400 365/442/400 380/466/400
f 377/457/401 392/483/401 393/468/401
f 371/461/402 370/460/402 385/469/402
f 379/462/403 378/459/403 393/468/403
f 371/461/404 386/470/404 387/472/404
f 379/462/405 394/471/405 395/473/405
f 373/465/406 372/463/406 387/472/406
f 381/467/407 380/466/407 395/475/407
f 373/465/408 388/474/408 389/477/408
f 381/467/409 396/476/409 397/478/409
f 375/453/410 374/451/410 389/477/410
f 382/452/411 397/478/411 398/480/411
f 376/455/412 375/453/412 390/479/412
f 376/455/415 391/481/415 392/483/415
f 370/458/416 369/456/416 384/482/416
f 396/476/417 411/501/417 412/485/417
f 390/479/418 389/477/418 404/486/418
f 398/480/419 397/478/419 412/485/419
f 391/481/420 390/479/420 405/487/420
f 391/481/423 406/489/423 407/491/423
f 384/482/424 399/490/424 400/492/424
f 392/483/425 407/491/425 408/493/425
f 386/470/426 385/469/426 400/494/426
f 394/471/427 393/468/427 408/493/427
f 386/470/428 401/495/428 402/497/428
f 394/498/429 409/507/429 410/499/429
f 388/474/430 387/472/430 402/497/430
f 396/476/431 395/475/431 410/499/431
f 388/474/432 403/500/432 404/486/432
f 401/495/433 400/494/433 415/502/433
f 409/496/434 408/493/434 423/504/434
f 401/495/435 416/503/435 417/506/435
f 409/507/436 424/532/436 425/508/436
f 403/500/437 402/497/437 417/506/437
f 411/501/438 410/499/438 425/508/438
f 403/500/439 418/509/439 419/511/439
f 411/501/440 426/510/440 427/512/440
f 405/487/441 404/486/441 419/511/441
f 412/485/442 427/512/442 428/514/442
f 406/489/443 405/487/443 420/513/443
f 406/489/446 421/515/446 422/517/446
f 399/490/447 414/516/447 415/518/447
f 407/491/448 422/517/448 423/504/448
f 420/513/449 419/511/449 434/519/449
f 428/514/450 427/512/450 442/521/450
f 421/515/451 420/513/451 435/520/451
f 421/515/454 436/523/454 437/525/454
f 414/516/455 429/524/455 430/526/455
f 422/517/456 437/525/456 438/527/456
f 416/503/457 415/502/457 430/528/457
f 424/505/458 423/504/458 438/527/458
f 416/503/459 431/529/459 432/531/459
f 424/532/460 439/542/460 440/533/460
f 418/509/461 417/506/461 432/531/461
f 426/510/462 425/508/462 440/533/462
f 418/509/463 433/534/463 434/519/463
f 426/510/464 441/535/464 442/521/464
f 439/536/465 438/559/465 453/537/465
f 431/539/466 446/572/466 447/540/466
f 439/542/467 454/574/467 455/543/467
f 433/544/468 432/541/468 447/540/468
f 441/535/469 440/533/469 455/543/469
f 433/544/470 448/545/470 449/547/470
f 441/535/471 456/546/471 457/549/471
f 435/550/472 434/548/472 449/547/472
f 442/521/473 457/549/473 458/552/473
f 436/553/474 435/550/474 450/551/474
f 436/553/477 451/554/477 452/556/477
f 430/526/478 429/524/478 444/555/478
f 437/557/479 452/556/479 453/537/479
f 431/560/480 430/526/480 445/558/480
f 458/552/481 457/549/481 472/562/481
f 451/554/482 450/551/482 465/564/482
f 451/554/485 466/565/485 467/567/485
f 444/555/486 459/566/486 460/568/486
f 452/556/487 467/567/487 468/569/487
f 446/561/488 445/558/488 460/568/488
f 454/538/489 453/537/489 468/569/489
f 446/572/490 461/2926/490 462/573/490
f 454/574/491 469/579/491 470/575/491
f 448/545/492 447/540/492 462/573/492
f 456/546/493 455/543/493 470/575/493
f 448/545/494 463/576/494 464/578/494
f 456/546/495 471/577/495 472/562/495
f 450/551/496 449/547/496 464/578/496
f 469/579/497 6/2927/497 479/9/497
f 463/576/498 462/573/498 476/1/498
f 471/577/499 470/575/499 479/9/499
f 464/578/500 463/576/500 2/8/500
f 471/577/501 480/11/501 481/15/501
f 465/564/502 464/578/502 477/12/502
f 472/562/503 481/15/503 482/19/503
f 466/565/504 465/564/504 3/16/504
f 466/565/507 4/21/507 5/27/507
f 459/566/508 474/22/508 475/28/508
f 467/567/509 5/27/509 478/31/509
f 461/570/510 460/568/510 475/28/510
f 468/569/511 478/31/511 6/34/511
f 462/573/512 461/2926/512 1/580/512
f 483/581/513 491/612/513 492/582/513
f 961/584/514 488/613/514 499/585/514
f 958/587/515 492/620/515 493/588/515
f 962/590/516 961/584/516 500/586/516
f 484/589/517 493/588/517 494/592/517
f 963/594/518 962/590/518 501/591/518
f 959/593/2071 494/592/2071 495/596/2071
f 964/598/520 963/594/520 502/595/520
f 485/597/521 495/596/521 496/600/521
f 487/606/524 486/601/524 496/600/524
f 956/602/525 489/604/525 490/608/525
f 960/610/2072 487/606/2072 497/607/2072
f 957/609/527 490/608/527 491/612/527
f 488/613/528 960/2928/528 498/614/528
f 490/608/529 505/630/529 506/615/529
f 499/585/530 498/614/530 513/616/530
f 491/612/531 506/615/531 507/618/531
f 500/586/532 499/585/532 514/617/532
f 492/620/533 507/2929/533 508/621/533
f 501/591/534 500/586/534 515/619/534
f 493/588/535 508/621/535 509/623/535
f 502/595/536 501/591/536 516/622/536
f 494/592/537 509/623/537 510/625/537
f 503/599/538 502/595/538 517/624/538
f 495/596/539 510/625/539 511/627/539
f 497/607/542 496/600/542 511/627/542
f 489/604/543 504/628/543 505/630/543
f 498/611/544 497/607/544 512/629/544
f 509/623/545 524/650/545 525/632/545
f 518/626/546 517/624/546 532/633/546
f 510/625/547 525/632/547 526/635/547
f 512/629/550 511/627/550 526/635/550
f 504/628/551 519/636/551 520/638/551
f 513/631/552 512/629/552 527/637/552
f 505/630/553 520/638/553 521/640/553
f 514/641/554 513/2930/554 528/642/554
f 506/615/555 521/640/555 522/644/555
f 515/619/556 514/617/556 529/645/556
f 507/618/557 522/644/557 523/647/557
f 516/622/558 515/619/558 530/646/558
f 508/621/559 523/2931/559 524/650/559
f 517/624/560 516/622/560 531/649/560
f 529/643/561 528/642/561 543/651/561
f 521/640/562 536/668/562 537/653/562
f 530/646/563 529/645/563 544/654/563
f 522/644/564 537/653/564 538/656/564
f 531/649/565 530/646/565 545/655/565
f 523/647/566 538/656/566 539/658/566
f 532/633/567 531/649/567 546/657/567
f 524/650/568 539/687/568 540/661/568
f 533/634/569 532/633/569 547/660/569
f 525/632/570 540/661/570 541/663/570
f 527/637/573 526/635/573 541/663/573
f 519/636/574 534/664/574 535/666/574
f 528/642/575 527/2932/575 542/667/575
f 520/638/576 535/666/576 536/668/576
f 548/662/577 547/660/577 562/669/577
f 540/671/578 555/700/578 556/672/578
f 542/667/1025 541/673/1025 556/672/1025
f 534/664/582 549/674/582 550/676/582
f 543/651/583 542/667/583 557/675/583
f 535/666/584 550/676/584 551/678/584
f 544/652/585 543/651/585 558/677/585
f 536/668/586 551/678/586 552/680/586
f 545/681/587 544/652/587 559/679/587
f 537/653/588 552/680/588 553/683/588
f 546/657/589 545/655/589 560/684/589
f 538/656/590 553/683/590 554/686/590
f 547/660/591 546/657/591 561/685/591
f 539/687/592 554/2933/592 555/688/592
f 551/678/593 567/706/593 568/689/593
f 560/682/594 559/679/594 575/690/594
f 552/680/595 568/689/595 569/692/595
f 561/685/596 560/684/596 576/693/596
f 553/683/597 569/692/597 570/695/597
f 562/669/598 561/685/598 577/694/598
f 554/686/599 570/695/599 571/697/599
f 563/670/600 562/669/600 578/696/600
f 555/700/601 571/707/601 572/701/601
f 557/675/604 556/672/604 572/701/604
f 549/674/605 565/702/605 566/704/605
f 558/677/606 557/675/606 573/703/606
f 550/676/607 566/704/607 567/706/607
f 559/679/608 558/677/608 574/705/608
f 571/707/609 586/733/609 587/708/609
f 573/703/612 572/701/612 587/708/612
f 565/702/613 580/709/613 581/712/613
f 574/705/614 573/703/614 588/711/614
f 566/704/615 581/712/615 582/714/615
f 575/690/616 574/705/616 589/713/616
f 567/706/617 582/714/617 583/716/617
f 576/691/618 575/690/618 590/715/618
f 568/689/619 583/716/619 584/718/619
f 577/694/620 576/693/620 591/719/620
f 569/692/621 584/718/621 585/721/621
f 578/696/622 577/694/622 592/720/622
f 570/695/623 585/721/623 586/723/623
f 579/699/624 578/696/624 593/722/624
f 591/717/625 590/715/625 605/724/625
f 583/716/626 598/740/626 599/726/626
f 592/720/627 591/719/627 606/727/627
f 584/718/628 599/726/628 600/729/628
f 593/722/629 592/720/629 607/728/629
f 585/721/630 600/729/630 601/731/630
f 594/710/631 593/722/631 608/730/631
f 586/733/632 601/2934/632 602/734/632
f 588/711/635 587/708/635 602/734/635
f 580/709/636 595/735/636 596/737/636
f 589/713/637 588/711/637 603/736/637
f 581/712/638 596/737/638 597/739/638
f 590/715/639 589/713/639 604/738/639
f 582/714/640 597/739/640 598/740/640
f 602/734/642 617/756/642 618/742/642
f 596/737/643 595/735/643 610/743/643
f 603/736/644 618/742/644 619/745/644
f 597/739/645 596/737/645 611/744/645
f 604/738/646 619/745/646 620/747/646
f 598/740/647 597/739/647 612/746/647
f 605/724/648 620/747/648 621/749/648
f 599/726/649 598/740/649 613/748/649
f 606/727/650 621/757/650 622/751/650
f 600/729/651 599/726/651 614/750/651
f 607/728/652 622/751/652 623/753/652
f 601/731/653 600/729/653 615/752/653
f 608/730/654 623/753/654 624/741/654
f 602/734/655 601/2934/655 616/755/655
f 621/757/657 636/782/657 637/758/657
f 615/752/658 614/750/658 629/759/658
f 622/751/659 637/758/659 638/761/659
f 616/754/660 615/752/660 630/760/660
f 623/753/661 638/761/661 639/763/661
f 617/756/662 616/755/662 631/764/662
f 617/756/665 632/765/665 633/767/665
f 611/744/666 610/743/666 625/766/666
f 618/742/667 633/767/667 634/769/667
f 612/746/668 611/744/668 626/768/668
f 619/745/669 634/769/669 635/771/669
f 613/748/670 612/746/670 627/770/670
f 620/747/671 635/771/671 636/773/671
f 614/750/672 613/748/672 628/772/672
f 626/768/673 625/766/673 640/774/673
f 633/767/674 648/790/674 649/776/674
f 627/770/675 626/768/675 641/775/675
f 634/769/676 649/776/676 650/778/676
f 628/772/677 627/770/677 642/777/677
f 635/771/678 650/778/678 651/780/678
f 629/759/679 628/772/679 643/779/679
f 636/782/680 651/807/680 652/783/680
f 630/760/681 629/759/681 644/781/681
f 637/758/682 652/783/682 653/785/682
f 631/762/683 630/760/683 645/784/683
f 638/761/684 653/785/684 654/787/684
f 632/765/685 631/764/685 646/788/685
f 632/765/688 647/789/688 648/790/688
f 645/784/689 644/781/689 659/791/689
f 652/783/690 667/808/690 668/793/690
f 646/786/691 645/784/691 660/792/691
f 653/785/692 668/793/692 669/795/692
f 647/796/693 646/786/693 661/794/693
f 647/789/696 662/824/696 663/799/696
f 641/775/697 640/774/697 655/798/697
f 648/790/698 663/799/698 664/801/698
f 642/777/699 641/775/699 656/800/699
f 649/776/700 664/801/700 665/803/700
f 643/779/701 642/777/701 657/802/701
f 650/805/702 665/814/702 666/806/702
f 644/781/703 643/779/703 658/804/703
f 651/807/704 666/806/704 667/808/704
f 663/799/705 678/825/705 679/809/705
f 657/802/706 656/800/706 671/810/706
f 664/801/707 679/809/707 680/812/707
f 658/804/708 657/802/708 672/811/708
f 665/814/709 680/842/709 681/815/709
f 659/791/710 658/804/710 673/813/710
f 666/806/711 681/815/711 682/817/711
f 660/792/712 659/791/712 674/816/712
f 667/808/713 682/817/713 683/819/713
f 661/794/714 660/792/714 675/818/714
f 668/793/715 683/819/715 684/821/715
f 662/797/716 661/794/716 676/820/716
f 662/824/719 677/2935/719 678/825/719
f 656/800/720 655/798/720 670/823/720
f 682/817/721 697/846/721 698/826/721
f 676/820/722 675/818/722 690/827/722
f 683/819/723 698/826/723 699/829/723
f 677/830/724 676/2936/724 691/831/724
f 677/830/727 692/832/727 693/834/727
f 671/810/728 670/823/728 685/833/728
f 678/835/729 693/834/729 694/837/729
f 672/811/730 671/810/730 686/836/730
f 679/840/731 694/2937/731 695/841/731
f 673/813/732 672/811/732 687/839/732
f 680/842/733 695/841/733 696/844/733
f 674/816/734 673/813/734 688/843/734
f 681/815/735 696/844/735 697/846/735
f 675/818/736 674/816/736 689/845/736
f 687/839/737 686/836/737 701/847/737
f 694/837/738 709/863/738 710/849/738
f 688/843/739 687/839/739 702/848/739
f 695/841/740 710/875/740 711/852/740
f 689/845/741 688/843/741 703/851/741
f 696/844/742 711/852/742 712/854/742
f 690/827/743 689/845/743 704/853/743
f 697/846/744 712/854/744 713/856/744
f 691/828/745 690/827/745 705/855/745
f 698/826/746 713/856/746 714/858/746
f 692/832/2073 691/831/2073 706/859/2073
f 692/832/750 707/860/750 708/862/750
f 686/836/751 685/833/751 700/861/751
f 693/834/752 708/862/752 709/863/752
f 706/859/753 705/2938/753 720/864/753
f 713/856/754 728/880/754 729/866/754
f 707/860/755 706/859/755 721/865/755
f 707/860/758 722/867/758 723/869/758
f 701/847/759 700/861/759 715/868/759
f 708/862/760 723/869/760 724/871/760
f 702/848/761 701/847/761 716/870/761
f 709/863/762 724/871/762 725/873/762
f 703/851/763 702/848/763 717/872/763
f 710/875/764 725/2939/764 726/876/764
f 704/853/765 703/851/765 718/874/765
f 711/852/766 726/876/766 727/878/766
f 705/855/767 704/853/767 719/877/767
f 712/854/768 727/878/768 728/880/768
f 725/873/769 724/871/769 739/881/769
f 717/872/770 732/897/770 733/883/770
f 726/876/771 725/2939/771 740/884/771
f 718/874/772 733/883/772 734/886/772
f 727/878/773 726/876/773 741/885/773
f 719/888/774 734/912/774 735/889/774
f 728/880/775 727/878/775 742/887/775
f 720/864/776 735/889/776 736/891/776
f 729/866/777 728/880/777 743/890/777
f 721/865/778 736/891/778 737/893/778
f 723/869/781 722/867/781 737/893/781
f 715/868/782 730/894/782 731/896/782
f 724/871/783 723/869/783 738/895/783
f 716/870/784 731/896/784 732/897/784
f 744/892/785 743/890/785 758/898/785
f 736/891/786 751/914/786 752/900/786
f 738/895/789 737/893/789 752/900/789
f 730/894/790 745/901/790 746/903/790
f 739/881/791 738/895/791 753/902/791
f 731/896/792 746/903/792 747/905/792
f 740/882/793 739/881/793 754/904/793
f 732/897/794 747/905/794 748/907/794
f 741/885/795 740/884/795 755/908/795
f 733/883/796 748/907/796 749/910/796
f 742/887/797 741/885/797 756/909/797
f 734/912/798 749/919/798 750/913/798
f 743/890/799 742/887/799 757/911/799
f 735/889/800 750/913/800 751/914/800
f 756/909/801 755/908/801 770/915/801
f 748/907/802 763/931/802 764/917/802
f 757/911/803 756/909/803 771/916/803
f 749/919/804 764/947/804 765/920/804
f 758/898/805 757/911/805 772/918/805
f 750/913/806 765/920/806 766/922/806
f 759/899/807 758/898/807 773/921/807
f 751/914/808 766/922/808 767/924/808
f 753/902/811 752/900/811 767/924/811
f 745/901/812 760/925/812 761/927/812
f 754/904/813 753/902/813 768/926/813
f 746/903/814 761/927/814 762/929/814
f 755/906/815 754/904/815 769/928/815
f 747/905/816 762/929/816 763/931/816
f 768/926/819 767/924/819 782/934/819
f 760/925/820 775/932/820 776/936/820
f 769/928/821 768/926/821 783/935/821
f 761/927/822 776/936/822 777/938/822
f 770/930/823 769/928/823 784/937/823
f 762/929/824 777/938/824 778/940/824
f 771/916/825 770/915/825 785/941/825
f 763/943/826 778/951/826 779/944/826
f 772/918/827 771/916/827 786/942/827
f 764/947/828 779/2940/828 780/948/828
f 773/921/829 772/918/829 787/946/829
f 765/920/830 780/948/830 781/950/830
f 774/923/831 773/921/831 788/949/831
f 766/922/832 781/950/832 782/934/832
f 778/951/833 794/971/833 795/952/833
f 787/946/834 786/942/834 802/953/834
f 779/944/835 795/952/835 796/955/835
f 788/949/836 787/946/836 803/954/836
f 780/956/837 796/955/837 797/958/837
f 789/933/838 788/949/838 804/957/838
f 781/959/839 797/958/839 798/961/839
f 783/935/842 782/934/842 798/964/842
f 775/932/843 791/963/843 792/966/843
f 784/937/844 783/935/844 799/965/844
f 776/936/845 792/966/845 793/968/845
f 785/939/846 784/937/846 800/967/846
f 777/970/847 793/982/847 794/971/847
f 786/942/848 785/941/848 801/972/848
f 799/973/849 798/961/849 813/974/849
f 791/963/850 806/991/850 807/976/850
f 800/977/851 799/973/851 814/975/851
f 792/966/852 807/976/852 808/979/852
f 801/972/853 800/2941/853 815/980/853
f 793/982/854 808/1006/854 809/983/854
f 802/953/855 801/972/855 816/981/855
f 794/971/856 809/983/856 810/985/856
f 803/954/857 802/953/857 817/984/857
f 795/952/858 810/985/858 811/987/858
f 804/957/859 803/954/859 818/986/859
f 796/955/860 811/987/860 812/989/860
f 805/960/861 804/957/861 819/988/861
f 797/958/862 812/989/862 813/974/862
f 818/986/865 817/984/865 832/992/865
f 810/985/866 825/1009/866 826/994/866
f 819/988/867 818/986/867 833/993/867
f 811/987/868 826/994/868 827/996/868
f 820/990/869 819/988/869 834/995/869
f 812/989/870 827/996/870 828/998/870
f 814/975/873 813/974/873 828/998/873
f 806/991/874 821/999/874 822/1001/874
f 815/978/875 814/975/875 829/1000/875
f 807/976/876 822/1001/876 823/1003/876
f 816/1004/877 815/978/877 830/1002/877
f 808/1006/878 823/1015/878 824/1007/878
f 817/984/879 816/981/879 831/1008/879
f 809/983/880 824/1007/880 825/1009/880
f 821/999/881 836/1027/881 837/1010/881
f 830/1002/882 829/1000/882 844/1011/882
f 822/1013/883 837/2942/883 838/1014/883
f 831/1005/884 830/1002/884 845/1012/884
f 823/1015/885 838/1014/885 839/1017/885
f 832/992/886 831/1008/886 846/1018/886
f 824/1007/887 839/1017/887 840/1020/887
f 833/993/888 832/992/888 847/1019/888
f 825/1009/889 840/1020/889 841/1022/889
f 834/995/890 833/993/890 848/1021/890
f 826/994/891 841/1022/891 842/1024/891
f 835/997/892 834/995/892 849/1023/892
f 827/996/893 842/1024/893 843/1026/893
f 829/1000/896 828/998/896 843/1026/896
f 841/1022/897 840/1020/897 855/1028/897
f 848/1021/898 863/1043/898 864/1030/898
f 842/1024/899 841/1022/899 856/1029/899
f 849/1023/900 864/1030/900 865/1032/900
f 843/1026/901 842/1024/901 857/1031/901
f 843/1026/904 858/1033/904 859/1035/904
f 837/1010/905 836/1027/905 851/1034/905
f 844/1011/906 859/1035/906 860/1037/906
f 838/1014/907 837/2942/907 852/1038/907
f 845/1012/908 860/1037/908 861/1040/908
f 839/1017/909 838/1014/909 853/1039/909
f 846/1018/910 861/1049/910 862/1042/910
f 840/1020/911 839/1017/911 854/1041/911
f 847/1019/912 862/1042/912 863/1043/912
f 859/1035/913 874/1059/913 875/1044/913
f 853/1039/914 852/1038/914 867/1045/914
f 860/1037/915 875/1044/915 876/1047/915
f 854/1041/916 853/1039/916 868/1046/916
f 861/1049/917 876/1074/917 877/1050/917
f 855/1028/918 854/1041/918 869/1048/918
f 862/1042/919 877/1050/919 878/1052/919
f 856/1029/920 855/1028/920 870/1051/920
f 863/1043/2074 878/1052/2074 879/1054/2074
f 857/1031/922 856/1029/922 871/1053/922
f 864/1030/923 879/1054/923 880/1056/923
f 858/1033/924 857/1031/924 872/1055/924
f 858/1033/927 873/1057/927 874/1059/927
f 852/1036/928 851/1034/928 866/1058/928
f 878/1052/929 893/1077/929 894/1061/929
f 872/1055/930 871/1053/930 886/1062/930
f 879/1054/931 894/1061/931 895/1064/931
f 873/1057/932 872/1055/932 887/1063/932
f 873/1057/935 888/1065/935 889/1067/935
f 867/1060/936 866/1058/936 881/1066/936
f 874/1059/937 889/1067/937 890/1069/937
f 868/1046/938 867/1045/938 882/1070/938
f 875/1044/939 890/1069/939 891/1072/939
f 869/1048/940 868/1046/940 883/1071/940
f 876/1074/941 891/1081/941 892/1075/941
f 870/1051/942 869/1048/942 884/1073/942
f 877/1050/943 892/1075/943 893/1077/943
f 871/1053/944 870/1051/944 885/1076/944
f 890/1069/945 905/1093/945 906/1078/945
f 884/1073/946 883/1071/946 898/1079/946
f 891/1081/947 906/1106/947 907/1082/947
f 885/1076/948 884/1073/948 899/1080/948
f 892/1075/949 907/1082/949 908/1084/949
f 886/1062/950 885/1076/950 900/1083/950
f 893/1077/951 908/1084/951 909/1086/951
f 887/1063/952 886/1062/952 901/1085/952
f 894/1061/953 909/1086/953 910/1088/953
f 888/1065/2075 887/1063/2075 902/1087/2075
f 888/1065/957 903/1089/957 904/1091/957
f 882/1068/958 881/1066/958 896/1090/958
f 889/1067/959 904/1091/959 905/1093/959
f 883/1094/960 882/1068/960 897/1092/960
f 909/1086/961 924/1113/961 925/1096/961
f 903/1089/962 902/1087/962 917/1097/962
f 903/1089/965 918/1098/965 919/1100/965
f 897/1092/966 896/1090/966 911/1099/966
f 904/1091/967 919/1100/967 920/1102/967
f 898/1095/968 897/1092/968 912/1101/968
f 905/1104/969 920/1129/969 921/1105/969
f 899/1080/970 898/1079/970 913/1107/970
f 906/1106/971 921/1105/971 922/1109/971
f 900/1083/972 899/1080/972 914/1108/972
f 907/1082/973 922/1109/973 923/1111/973
f 901/1085/974 900/1083/974 915/1110/974
f 908/1084/975 923/1111/975 924/1113/975
f 902/1087/976 901/1085/976 916/1112/976
f 914/1108/977 913/1107/977 928/1114/977
f 921/1105/978 936/1130/978 937/1116/978
f 915/1110/979 914/1108/979 929/1115/979
f 922/1109/980 937/1116/980 938/1118/980
f 916/1112/981 915/1110/981 930/1117/981
f 923/1111/982 938/1118/982 939/1120/982
f 917/1097/983 916/1112/983 931/1119/983
f 924/1113/984 939/1120/984 940/1122/984
f 918/1098/985 917/1097/985 932/1121/985
f 918/1098/988 933/1123/988 934/1125/988
f 912/1101/989 911/1099/989 926/1124/989
f 919/1100/990 934/1125/990 935/1127/990
f 913/1103/991 912/1101/991 927/1126/991
f 920/1129/992 935/1142/992 936/1130/992
f 933/1131/993 932/1154/993 947/1132/993
f 933/1131/996 948/1133/996 949/1136/996
f 927/1126/997 926/1124/997 941/1134/997
f 934/1137/998 949/1136/998 950/1139/998
f 928/1128/999 927/1126/999 942/1138/999
f 935/1142/1000 950/1155/1000 951/1143/1000
f 929/1144/1001 928/1128/1001 943/1141/1001
f 936/1130/1002 951/1143/1002 952/1146/1002
f 930/1147/1003 929/2943/1003 944/1148/1003
f 937/1116/1004 952/1146/1004 953/1150/1004
f 931/1151/1005 930/1147/1005 945/1149/1005
f 938/1118/1006 953/1150/1006 954/1153/1006
f 932/1154/1007 931/1151/1007 946/1152/1007
f 939/1120/1008 954/1153/1008 955/1135/1008
f 951/1143/1009 488/613/1009 961/584/1009
f 945/1149/1010 944/1148/1010 958/587/1010
f 952/1146/1011 961/584/1011 962/590/1011
f 946/1152/1012 945/1149/1012 484/589/1012
f 953/1150/1013 962/590/1013 963/594/1013
f 947/1132/2076 946/1152/2076 959/593/2076
f 954/1153/1015 963/594/1015 964/598/1015
f 948/1133/1016 947/1132/1016 485/597/1016
f 948/1133/1019 486/601/1019 487/606/1019
f 942/1138/1020 941/1134/1020 956/602/1020
f 949/1136/2077 487/606/2077 960/610/2077
f 943/1141/1022 942/1138/1022 957/609/1022
f 950/1155/1023 960/2928/1023 488/613/1023
f 944/1145/1024 943/1141/1024 483/581/1024
f 965/1156/513 973/1187/513 974/1157/513
f 1443/1159/514 970/1188/514 981/1160/514
f 1440/1162/515 974/1195/515 975/1163/515
f 1444/1165/516 1443/1159/516 982/1161/516
f 966/1164/517 975/1163/517 976/1167/517
f 1445/1169/518 1444/1165/518 983/1166/518
f 1441/1168/2071 976/1167/2071 977/1171/2071
f 1446/1173/520 1445/1169/520 984/1170/520
f 967/1172/521 977/1171/521 978/1175/521
f 969/1181/524 968/1176/524 978/1175/524
f 1438/1177/525 971/1179/525 972/1183/525
f 1442/1185/2072 969/1181/2072 979/1182/2072
f 1439/1184/527 972/1183/527 973/1187/527
f 970/1188/528 1442/2944/528 980/1189/528
f 972/1183/529 987/1205/529 988/1190/529
f 981/1160/530 980/1189/530 995/1191/530
f 973/1187/531 988/1190/531 989/1193/531
f 982/1161/532 981/1160/532 996/1192/532
f 974/1195/533 989/2945/533 990/1196/533
f 983/1166/534 982/1161/534 997/1194/534
f 975/1163/535 990/1196/535 991/1198/535
f 984/1170/536 983/1166/536 998/1197/536
f 976/1167/537 991/1198/537 992/1200/537
f 985/1174/538 984/1170/538 999/1199/538
f 977/1171/539 992/1200/539 993/1202/539
f 979/1182/542 978/1175/542 993/1202/542
f 971/1179/543 986/1203/543 987/1205/543
f 980/1186/544 979/1182/544 994/1204/544
f 991/1198/545 1006/1225/545 1007/1207/545
f 1000/1201/546 999/1199/546 1014/1208/546
f 992/1200/547 1007/1207/547 1008/1210/547
f 994/1204/550 993/1202/550 1008/1210/550
f 986/1203/551 1001/1211/551 1002/1213/551
f 995/1206/552 994/1204/552 1009/1212/552
f 987/1205/553 1002/1213/553 1003/1215/553
f 996/1216/554 995/2946/554 1010/1217/554
f 988/1190/555 1003/1215/555 1004/1219/555
f 997/1194/556 996/1192/556 1011/1220/556
f 989/1193/557 1004/1219/557 1005/1222/557
f 998/1197/558 997/1194/558 1012/1221/558
f 990/1196/559 1005/2947/559 1006/1225/559
f 999/1199/560 998/1197/560 1013/1224/560
f 1011/1218/561 1010/1217/561 1025/1226/561
f 1003/1215/562 1018/1243/562 1019/1228/562
f 1012/1221/563 1011/1220/563 1026/1229/563
f 1004/1219/564 1019/1228/564 1020/1231/564
f 1013/1224/565 1012/1221/565 1027/1230/565
f 1005/1222/566 1020/1231/566 1021/1233/566
f 1014/1208/567 1013/1224/567 1028/1232/567
f 1006/1225/568 1021/1262/568 1022/1236/568
f 1015/1209/569 1014/1208/569 1029/1235/569
f 1007/1207/570 1022/1236/570 1023/1238/570
f 1009/1212/573 1008/1210/573 1023/1238/573
f 1001/1211/574 1016/1239/574 1017/1241/574
f 1010/1217/575 1009/2948/575 1024/1242/575
f 1002/1213/576 1017/1241/576 1018/1243/576
f 1030/1237/577 1029/1235/577 1044/1244/577
f 1022/1246/578 1037/1275/578 1038/1247/578
f 1024/1242/1025 1023/1248/1025 1038/1247/1025
f 1016/1239/582 1031/1249/582 1032/1251/582
f 1025/1226/583 1024/1242/583 1039/1250/583
f 1017/1241/584 1032/1251/584 1033/1253/584
f 1026/1227/585 1025/1226/585 1040/1252/585
f 1018/1243/586 1033/1253/586 1034/1255/586
f 1027/1256/587 1026/1227/587 1041/1254/587
f 1019/1228/588 1034/1255/588 1035/1258/588
f 1028/1232/589 1027/1230/589 1042/1259/589
f 1020/1231/590 1035/1258/590 1036/1261/590
f 1029/1235/591 1028/1232/591 1043/1260/591
f 1021/1262/592 1036/2949/592 1037/1263/592
f 1033/1253/593 1049/1281/593 1050/1264/593
f 1042/1257/594 1041/1254/594 1057/1265/594
f 1034/1255/595 1050/1264/595 1051/1267/595
f 1043/1260/596 1042/1259/596 1058/1268/596
f 1035/1258/597 1051/1267/597 1052/1270/597
f 1044/1244/598 1043/1260/598 1059/1269/598
f 1036/1261/599 1052/1270/599 1053/1272/599
f 1045/1245/600 1044/1244/600 1060/1271/600
f 1037/1275/601 1053/1282/601 1054/1276/601
f 1039/1250/604 1038/1247/604 1054/1276/604
f 1031/1249/605 1047/1277/605 1048/1279/605
f 1040/1252/606 1039/1250/606 1055/1278/606
f 1032/1251/607 1048/1279/607 1049/1281/607
f 1041/1254/608 1040/1252/608 1056/1280/608
f 1053/1282/609 1068/1308/609 1069/1283/609
f 1055/1278/612 1054/1276/612 1069/1283/612
f 1047/1277/613 1062/1284/613 1063/1287/613
f 1056/1280/614 1055/1278/614 1070/1286/614
f 1048/1279/615 1063/1287/615 1064/1289/615
f 1057/1265/616 1056/1280/616 1071/1288/616
f 1049/1281/617 1064/1289/617 1065/1291/617
f 1058/1266/618 1057/1265/618 1072/1290/618
f 1050/1264/619 1065/1291/619 1066/1293/619
f 1059/1269/620 1058/1268/620 1073/1294/620
f 1051/1267/621 1066/1293/621 1067/1296/621
f 1060/1271/622 1059/1269/622 1074/1295/622
f 1052/1270/623 1067/1296/623 1068/1298/623
f 1061/1274/624 1060/1271/624 1075/1297/624
f 1073/1292/625 1072/1290/625 1087/1299/625
f 1065/1291/626 1080/1315/626 1081/1301/626
f 1074/1295/627 1073/1294/627 1088/1302/627
f 1066/1293/628 1081/1301/628 1082/1304/628
f 1075/1297/629 1074/1295/629 1089/1303/629
f 1067/1296/630 1082/1304/630 1083/1306/630
f 1076/1285/631 1075/1297/631 1090/1305/631
f 1068/1308/632 1083/2950/632 1084/1309/632
f 1070/1286/635 1069/1283/635 1084/1309/635
f 1062/1284/636 1077/1310/636 1078/1312/636
f 1071/1288/637 1070/1286/637 1085/1311/637
f 1063/1287/638 1078/1312/638 1079/1314/638
f 1072/1290/639 1071/1288/639 1086/1313/639
f 1064/1289/640 1079/1314/640 1080/1315/640
f 1084/1309/642 1099/1331/642 1100/1317/642
f 1078/1312/643 1077/1310/643 1092/1318/643
f 1085/1311/644 1100/1317/644 1101/1320/644
f 1079/1314/645 1078/1312/645 1093/1319/645
f 1086/1313/646 1101/1320/646 1102/1322/646
f 1080/1315/647 1079/1314/647 1094/1321/647
f 1087/1299/648 1102/1322/648 1103/1324/648
f 1081/1301/649 1080/1315/649 1095/1323/649
f 1088/1302/650 1103/1332/650 1104/1326/650
f 1082/1304/651 1081/1301/651 1096/1325/651
f 1089/1303/652 1104/1326/652 1105/1328/652
f 1083/1306/653 1082/1304/653 1097/1327/653
f 1090/1305/654 1105/1328/654 1106/1316/654
f 1084/1309/655 1083/2950/655 1098/1330/655
f 1103/1332/657 1118/1357/657 1119/1333/657
f 1097/1327/658 1096/1325/658 1111/1334/658
f 1104/1326/2078 1119/1333/2078 1120/1336/2078
f 1098/1329/660 1097/1327/660 1112/1335/660
f 1105/1328/661 1120/1336/661 1121/1338/661
f 1099/1331/662 1098/1330/662 1113/1339/662
f 1099/1331/665 1114/1340/665 1115/1342/665
f 1093/1319/666 1092/1318/666 1107/1341/666
f 1100/1317/667 1115/1342/667 1116/1344/667
f 1094/1321/668 1093/1319/668 1108/1343/668
f 1101/1320/669 1116/1344/669 1117/1346/669
f 1095/1323/670 1094/1321/670 1109/1345/670
f 1102/1322/671 1117/1346/671 1118/1348/671
f 1096/1325/672 1095/1323/672 1110/1347/672
f 1108/1343/673 1107/1341/673 1122/1349/673
f 1115/1342/674 1130/1365/674 1131/1351/674
f 1109/1345/675 1108/1343/675 1123/1350/675
f 1116/1344/676 1131/1351/676 1132/1353/676
f 1110/1347/677 1109/1345/677 1124/1352/677
f 1117/1346/678 1132/1353/678 1133/1355/678
f 1111/1334/679 1110/1347/679 1125/1354/679
f 1118/1357/680 1133/1382/680 1134/1358/680
f 1112/1335/681 1111/1334/681 1126/1356/681
f 1119/1333/682 1134/1358/682 1135/1360/682
f 1113/1337/683 1112/1335/683 1127/1359/683
f 1120/1336/684 1135/1360/684 1136/1362/684
f 1114/1340/685 1113/1339/685 1128/1363/685
f 1114/1340/688 1129/1364/688 1130/1365/688
f 1127/1359/689 1126/1356/689 1141/1366/689
f 1134/1358/690 1149/1383/690 1150/1368/690
f 1128/1361/691 1127/1359/691 1142/1367/691
f 1135/1360/692 1150/1368/692 1151/1370/692
f 1129/1371/693 1128/1361/693 1143/1369/693
f 1129/1364/696 1144/1399/696 1145/1374/696
f 1123/1350/697 1122/1349/697 1137/1373/697
f 1130/1365/698 1145/1374/698 1146/1376/698
f 1124/1352/699 1123/1350/699 1138/1375/699
f 1131/1351/700 1146/1376/700 1147/1378/700
f 1125/1354/701 1124/1352/701 1139/1377/701
f 1132/1380/702 1147/1389/702 1148/1381/702
f 1126/1356/703 1125/1354/703 1140/1379/703
f 1133/1382/704 1148/1381/704 1149/1383/704
f 1145/1374/705 1160/1400/705 1161/1384/705
f 1139/1377/706 1138/1375/706 1153/1385/706
f 1146/1376/707 1161/1384/707 1162/1387/707
f 1140/1379/708 1139/1377/708 1154/1386/708
f 1147/1389/709 1162/1417/709 1163/1390/709
f 1141/1366/710 1140/1379/710 1155/1388/710
f 1148/1381/711 1163/1390/711 1164/1392/711
f 1142/1367/712 1141/1366/712 1156/1391/712
f 1149/1383/713 1164/1392/713 1165/1394/713
f 1143/1369/714 1142/1367/714 1157/1393/714
f 1150/1368/715 1165/1394/715 1166/1396/715
f 1144/1372/716 1143/1369/716 1158/1395/716
f 1144/1399/719 1159/2951/719 1160/1400/719
f 1138/1375/720 1137/1373/720 1152/1398/720
f 1164/1392/721 1179/1421/721 1180/1401/721
f 1158/1395/722 1157/1393/722 1172/1402/722
f 1165/1394/723 1180/1401/723 1181/1404/723
f 1159/1405/724 1158/2952/724 1173/1406/724
f 1159/1405/727 1174/1407/727 1175/1409/727
f 1153/1385/728 1152/1398/728 1167/1408/728
f 1160/1410/729 1175/1409/729 1176/1412/729
f 1154/1386/730 1153/1385/730 1168/1411/730
f 1161/1415/731 1176/2953/731 1177/1416/731
f 1155/1388/732 1154/1386/732 1169/1414/732
f 1162/1417/733 1177/1416/733 1178/1419/733
f 1156/1391/734 1155/1388/734 1170/1418/734
f 1163/1390/735 1178/1419/735 1179/1421/735
f 1157/1393/736 1156/1391/736 1171/1420/736
f 1169/1414/737 1168/1411/737 1183/1422/737
f 1176/1412/738 1191/1438/738 1192/1424/738
f 1170/1418/739 1169/1414/739 1184/1423/739
f 1177/1416/740 1192/1450/740 1193/1427/740
f 1171/1420/741 1170/1418/741 1185/1426/741
f 1178/1419/742 1193/1427/742 1194/1429/742
f 1172/1402/743 1171/1420/743 1186/1428/743
f 1179/1421/744 1194/1429/744 1195/1431/744
f 1173/1403/745 1172/1402/745 1187/1430/745
f 1180/1401/746 1195/1431/746 1196/1433/746
f 1174/1407/2073 1173/1406/2073 1188/1434/2073
f 1174/1407/750 1189/1435/750 1190/1437/750
f 1168/1411/751 1167/1408/751 1182/1436/751
f 1175/1409/752 1190/1437/752 1191/1438/752
f 1188/1434/753 1187/2954/753 1202/1439/753
f 1195/1431/754 1210/1455/754 1211/1441/754
f 1189/1435/755 1188/1434/755 1203/1440/755
f 1189/1435/758 1204/1442/758 1205/1444/758
f 1183/1422/759 1182/1436/759 1197/1443/759
f 1190/1437/760 1205/1444/760 1206/1446/760
f 1184/1423/761 1183/1422/761 1198/1445/761
f 1191/1438/762 1206/1446/762 1207/1448/762
f 1185/1426/763 1184/1423/763 1199/1447/763
f 1192/1450/764 1207/2955/764 1208/1451/764
f 1186/1428/765 1185/1426/765 1200/1449/765
f 1193/1427/766 1208/1451/766 1209/1453/766
f 1187/1430/767 1186/1428/767 1201/1452/767
f 1194/1429/768 1209/1453/768 1210/1455/768
f 1207/1448/769 1206/1446/769 1221/1456/769
f 1199/1447/770 1214/1472/770 1215/1458/770
f 1208/1451/771 1207/2955/771 1222/1459/771
f 1200/1449/772 1215/1458/772 1216/1461/772
f 1209/1453/773 1208/1451/773 1223/1460/773
f 1201/1463/774 1216/1487/774 1217/1464/774
f 1210/1455/775 1209/1453/775 1224/1462/775
f 1202/1439/776 1217/1464/776 1218/1466/776
f 1211/1441/777 1210/1455/777 1225/1465/777
f 1203/1440/778 1218/1466/778 1219/1468/778
f 1205/1444/781 1204/1442/781 1219/1468/781
f 1197/1443/782 1212/1469/782 1213/1471/782
f 1206/1446/783 1205/1444/783 1220/1470/783
f 1198/1445/784 1213/1471/784 1214/1472/784
f 1226/1467/785 1225/1465/785 1240/1473/785
f 1218/1466/786 1233/1489/786 1234/1475/786
f 1220/1470/789 1219/1468/789 1234/1475/789
f 1212/1469/790 1227/1476/790 1228/1478/790
f 1221/1456/791 1220/1470/791 1235/1477/791
f 1213/1471/792 1228/1478/792 1229/1480/792
f 1222/1457/793 1221/1456/793 1236/1479/793
f 1214/1472/794 1229/1480/794 1230/1482/794
f 1223/1460/795 1222/1459/795 1237/1483/795
f 1215/1458/796 1230/1482/796 1231/1485/796
f 1224/1462/797 1223/1460/797 1238/1484/797
f 1216/1487/798 1231/1494/798 1232/1488/798
f 1225/1465/799 1224/1462/799 1239/1486/799
f 1217/1464/800 1232/1488/800 1233/1489/800
f 1238/1484/801 1237/1483/801 1252/1490/801
f 1230/1482/802 1245/1506/802 1246/1492/802
f 1239/1486/803 1238/1484/803 1253/1491/803
f 1231/1494/804 1246/1522/804 1247/1495/804
f 1240/1473/805 1239/1486/805 1254/1493/805
f 1232/1488/806 1247/1495/806 1248/1497/806
f 1241/1474/807 1240/1473/807 1255/1496/807
f 1233/1489/808 1248/1497/808 1249/1499/808
f 1235/1477/811 1234/1475/811 1249/1499/811
f 1227/1476/812 1242/1500/812 1243/1502/812
f 1236/1479/813 1235/1477/813 1250/1501/813
f 1228/1478/814 1243/1502/814 1244/1504/814
f 1237/1481/815 1236/1479/815 1251/1503/815
f 1229/1480/816 1244/1504/816 1245/1506/816
f 1250/1501/819 1249/1499/819 1264/1509/819
f 1242/1500/820 1257/1507/820 1258/1511/820
f 1251/1503/821 1250/1501/821 1265/1510/821
f 1243/1502/822 1258/1511/822 1259/1513/822
f 1252/1505/823 1251/1503/823 1266/1512/823
f 1244/1504/824 1259/1513/824 1260/1515/824
f 1253/1491/825 1252/1490/825 1267/1516/825
f 1245/1518/826 1260/1526/826 1261/1519/826
f 1254/1493/827 1253/1491/827 1268/1517/827
f 1246/1522/828 1261/2956/828 1262/1523/828
f 1255/1496/829 1254/1493/829 1269/1521/829
f 1247/1495/830 1262/1523/830 1263/1525/830
f 1256/1498/831 1255/1496/831 1270/1524/831
f 1248/1497/832 1263/1525/832 1264/1509/832
f 1260/1526/833 1276/1546/833 1277/1527/833
f 1269/1521/834 1268/1517/834 1284/1528/834
f 1261/1519/835 1277/1527/835 1278/1530/835
f 1270/1524/836 1269/1521/836 1285/1529/836
f 1262/1531/837 1278/1530/837 1279/1533/837
f 1271/1508/838 1270/1524/838 1286/1532/838
f 1263/1534/839 1279/1533/839 1280/1536/839
f 1265/1510/842 1264/1509/842 1280/1539/842
f 1257/1507/843 1273/1538/843 1274/1541/843
f 1266/1512/844 1265/1510/844 1281/1540/844
f 1258/1511/845 1274/1541/845 1275/1543/845
f 1267/1514/846 1266/1512/846 1282/1542/846
f 1259/1545/847 1275/1557/847 1276/1546/847
f 1268/1517/848 1267/1516/848 1283/1547/848
f 1281/1548/849 1280/1536/849 1295/1549/849
f 1273/1538/850 1288/1566/850 1289/1551/850
f 1282/1552/851 1281/1548/851 1296/1550/851
f 1274/1541/852 1289/1551/852 1290/1554/852
f 1283/1547/853 1282/2957/853 1297/1555/853
f 1275/1557/854 1290/1581/854 1291/1558/854
f 1284/1528/855 1283/1547/855 1298/1556/855
f 1276/1546/856 1291/1558/856 1292/1560/856
f 1285/1529/857 1284/1528/857 1299/1559/857
f 1277/1527/858 1292/1560/858 1293/1562/858
f 1286/1532/859 1285/1529/859 1300/1561/859
f 1278/1530/860 1293/1562/860 1294/1564/860
f 1287/1535/861 1286/1532/861 1301/1563/861
f 1279/1533/862 1294/1564/862 1295/1549/862
f 1300/1561/865 1299/1559/865 1314/1567/865
f 1292/1560/866 1307/1584/866 1308/1569/866
f 1301/1563/867 1300/1561/867 1315/1568/867
f 1293/1562/868 1308/1569/868 1309/1571/868
f 1302/1565/869 1301/1563/869 1316/1570/869
f 1294/1564/870 1309/1571/870 1310/1573/870
f 1296/1550/873 1295/1549/873 1310/1573/873
f 1288/1566/874 1303/1574/874 1304/1576/874
f 1297/1553/875 1296/1550/875 1311/1575/875
f 1289/1551/876 1304/1576/876 1305/1578/876
f 1298/1579/877 1297/1553/877 1312/1577/877
f 1290/1581/878 1305/1590/878 1306/1582/878
f 1299/1559/879 1298/1556/879 1313/1583/879
f 1291/1558/880 1306/1582/880 1307/1584/880
f 1303/1574/881 1318/1602/881 1319/1585/881
f 1312/1577/882 1311/1575/882 1326/1586/882
f 1304/1588/883 1319/2958/883 1320/1589/883
f 1313/1580/884 1312/1577/884 1327/1587/884
f 1305/1590/885 1320/1589/885 1321/1592/885
f 1314/1567/886 1313/1583/886 1328/1593/886
f 1306/1582/887 1321/1592/887 1322/1595/887
f 1315/1568/888 1314/1567/888 1329/1594/888
f 1307/1584/889 1322/1595/889 1323/1597/889
f 1316/1570/890 1315/1568/890 1330/1596/890
f 1308/1569/891 1323/1597/891 1324/1599/891
f 1317/1572/892 1316/1570/892 1331/1598/892
f 1309/1571/893 1324/1599/893 1325/1601/893
f 1311/1575/896 1310/1573/896 1325/1601/896
f 1323/1597/897 1322/1595/897 1337/1603/897
f 1330/1596/898 1345/1618/898 1346/1605/898
f 1324/1599/899 1323/1597/899 1338/1604/899
f 1331/1598/900 1346/1605/900 1347/1607/900
f 1325/1601/901 1324/1599/901 1339/1606/901
f 1325/1601/904 1340/1608/904 1341/1610/904
f 1319/1585/905 1318/1602/905 1333/1609/905
f 1326/1586/906 1341/1610/906 1342/1612/906
f 1320/1589/907 1319/2958/907 1334/1613/907
f 1327/1587/908 1342/1612/908 1343/1615/908
f 1321/1592/909 1320/1589/909 1335/1614/909
f 1328/1593/910 1343/1624/910 1344/1617/910
f 1322/1595/911 1321/1592/911 1336/1616/911
f 1329/1594/912 1344/1617/912 1345/1618/912
f 1341/1610/913 1356/1634/913 1357/1619/913
f 1335/1614/914 1334/1613/914 1349/1620/914
f 1342/1612/915 1357/1619/915 1358/1622/915
f 1336/1616/916 1335/1614/916 1350/1621/916
f 1343/1624/917 1358/1649/917 1359/1625/917
f 1337/1603/918 1336/1616/918 1351/1623/918
f 1344/1617/919 1359/1625/919 1360/1627/919
f 1338/1604/920 1337/1603/920 1352/1626/920
f 1345/1618/2074 1360/1627/2074 1361/1629/2074
f 1339/1606/922 1338/1604/922 1353/1628/922
f 1346/1605/923 1361/1629/923 1362/1631/923
f 1340/1608/924 1339/1606/924 1354/1630/924
f 1340/1608/927 1355/1632/927 1356/1634/927
f 1334/1611/928 1333/1609/928 1348/1633/928
f 1360/1627/929 1375/1652/929 1376/1636/929
f 1354/1630/930 1353/1628/930 1368/1637/930
f 1361/1629/931 1376/1636/931 1377/1639/931
f 1355/1632/932 1354/1630/932 1369/1638/932
f 1355/1632/935 1370/1640/935 1371/1642/935
f 1349/1635/936 1348/1633/936 1363/1641/936
f 1356/1634/937 1371/1642/937 1372/1644/937
f 1350/1621/938 1349/1620/938 1364/1645/938
f 1357/1619/939 1372/1644/939 1373/1647/939
f 1351/1623/940 1350/1621/940 1365/1646/940
f 1358/1649/941 1373/1656/941 1374/1650/941
f 1352/1626/942 1351/1623/942 1366/1648/942
f 1359/1625/943 1374/1650/943 1375/1652/943
f 1353/1628/944 1352/1626/944 1367/1651/944
f 1372/1644/945 1387/1668/945 1388/1653/945
f 1366/1648/946 1365/1646/946 1380/1654/946
f 1373/1656/947 1388/1681/947 1389/1657/947
f 1367/1651/948 1366/1648/948 1381/1655/948
f 1374/1650/949 1389/1657/949 1390/1659/949
f 1368/1637/950 1367/1651/950 1382/1658/950
f 1375/1652/951 1390/1659/951 1391/1661/951
f 1369/1638/952 1368/1637/952 1383/1660/952
f 1376/1636/953 1391/1661/953 1392/1663/953
f 1370/1640/2075 1369/1638/2075 1384/1662/2075
f 1370/1640/957 1385/1664/957 1386/1666/957
f 1364/1643/958 1363/1641/958 1378/1665/958
f 1371/1642/959 1386/1666/959 1387/1668/959
f 1365/1669/960 1364/1643/960 1379/1667/960
f 1391/1661/961 1406/1688/961 1407/1671/961
f 1385/1664/962 1384/1662/962 1399/1672/962
f 1385/1664/965 1400/1673/965 1401/1675/965
f 1379/1667/966 1378/1665/966 1393/1674/966
f 1386/1666/967 1401/1675/967 1402/1677/967
f 1380/1670/968 1379/1667/968 1394/1676/968
f 1387/1679/969 1402/1704/969 1403/1680/969
f 1381/1655/970 1380/1654/970 1395/1682/970
f 1388/1681/971 1403/1680/971 1404/1684/971
f 1382/1658/972 1381/1655/972 1396/1683/972
f 1389/1657/973 1404/1684/973 1405/1686/973
f 1383/1660/974 1382/1658/974 1397/1685/974
f 1390/1659/975 1405/1686/975 1406/1688/975
f 1384/1662/976 1383/1660/976 1398/1687/976
f 1396/1683/977 1395/1682/977 1410/1689/977
f 1403/1680/978 1418/1705/978 1419/1691/978
f 1397/1685/979 1396/1683/979 1411/1690/979
f 1404/1684/980 1419/1691/980 1420/1693/980
f 1398/1687/981 1397/1685/981 1412/1692/981
f 1405/1686/982 1420/1693/982 1421/1695/982
f 1399/1672/983 1398/1687/983 1413/1694/983
f 1406/1688/984 1421/1695/984 1422/1697/984
f 1400/1673/985 1399/1672/985 1414/1696/985
f 1400/1673/988 1415/1698/988 1416/1700/988
f 1394/1676/989 1393/1674/989 1408/1699/989
f 1401/1675/990 1416/1700/990 1417/1702/990
f 1395/1678/991 1394/1676/991 1409/1701/991
f 1402/1704/992 1417/1717/992 1418/1705/992
f 1415/1706/993 1414/1729/993 1429/1707/993
f 1415/1706/996 1430/1708/996 1431/1711/996
f 1409/1701/997 1408/1699/997 1423/1709/997
f 1416/1712/998 1431/1711/998 1432/1714/998
f 1410/1703/999 1409/1701/999 1424/1713/999
f 1417/1717/1000 1432/1730/1000 1433/1718/1000
f 1411/1719/1001 1410/1703/1001 1425/1716/1001
f 1418/1705/1002 1433/1718/1002 1434/1721/1002
f 1412/1722/1003 1411/2959/1003 1426/1723/1003
f 1419/1691/1004 1434/1721/1004 1435/1725/1004
f 1413/1726/1005 1412/1722/1005 1427/1724/1005
f 1420/1693/1006 1435/1725/1006 1436/1728/1006
f 1414/1729/1007 1413/1726/1007 1428/1727/1007
f 1421/1695/1008 1436/1728/1008 1437/1710/1008
f 1433/1718/1009 970/1188/1009 1443/1159/1009
f 1427/1724/1010 1426/1723/1010 1440/1162/1010
f 1434/1721/1011 1443/1159/1011 1444/1165/1011
f 1428/1727/1012 1427/1724/1012 966/1164/1012
f 1435/1725/1013 1444/1165/1013 1445/1169/1013
f 1429/1707/2076 1428/1727/2076 1441/1168/2076
f 1436/1728/1015 1445/1169/1015 1446/1173/1015
f 1430/1708/1016 1429/1707/1016 967/1172/1016
f 1430/1708/1019 968/1176/1019 969/1181/1019
f 1424/1713/1020 1423/1709/1020 1438/1177/1020
f 1431/1711/1021 969/1181/1021 1442/1185/1021
f 1425/1716/1022 1424/1713/1022 1439/1184/1022
f 1432/1730/1023 1442/2944/1023 970/1188/1023
f 1426/1720/1024 1425/1716/1024 965/1156/1024
f 1447/1731/1028 1455/1763/1028 1456/1732/1028
f 1925/1734/1029 1452/1764/1029 1463/1735/1029
f 1922/1733/1030 1456/1732/1030 1457/1737/1030
f 1926/1739/1031 1925/1734/1031 1464/1736/1031
f 1448/1738/2079 1457/1737/2079 1458/1741/2079
f 1927/1743/1033 1926/1739/1033 1465/1740/1033
f 1923/1742/1034 1458/1741/1034 1459/1745/1034
f 1928/1747/1035 1927/1743/1035 1466/1744/1035
f 1449/1746/1036 1459/1745/1036 1460/1749/1036
f 1451/1755/1039 1450/1750/1039 1460/1749/1039
f 1920/1751/1040 1453/1753/1040 1454/1757/1040
f 1924/1759/2080 1451/2960/2080 1461/1760/2080
f 1921/1762/1042 1454/1765/1042 1455/1763/1042
f 1452/1764/1043 1924/1759/1043 1462/1761/1043
f 1454/1765/1044 1469/1791/1044 1470/1766/1044
f 1463/1735/1045 1462/1761/1045 1477/1767/1045
f 1455/1763/1046 1470/1766/1046 1471/1769/1046
f 1464/1736/1047 1463/1735/1047 1478/1768/1047
f 1456/1732/1048 1471/1769/1048 1472/1771/1048
f 1465/1740/1049 1464/1736/1049 1479/1770/1049
f 1457/1737/1050 1472/1771/1050 1473/1773/1050
f 1466/1744/1051 1465/1740/1051 1480/1772/1051
f 1458/1741/1052 1473/1773/1052 1474/1775/1052
f 1467/1748/1053 1466/1744/1053 1481/1774/1053
f 1459/1745/1054 1474/1775/1054 1475/1777/1054
f 1461/1756/1057 1460/1749/1057 1475/1777/1057
f 1453/1753/1058 1468/1778/1058 1469/1780/1058
f 1462/1781/1059 1461/1756/1059 1476/1779/1059
f 1473/1773/1060 1488/1799/1060 1489/1783/1060
f 1482/1776/1061 1481/1774/1061 1496/1784/1061
f 1474/1775/1062 1489/1783/1062 1490/1786/1062
f 1476/1779/1065 1475/1777/1065 1490/1786/1065
f 1468/1778/1066 1483/1787/1066 1484/1789/1066
f 1477/1782/1067 1476/1779/1067 1491/1788/1067
f 1469/1791/1068 1484/1819/1068 1485/1792/1068
f 1478/1768/1069 1477/1767/1069 1492/1793/1069
f 1470/1766/1070 1485/1792/1070 1486/1795/1070
f 1479/1770/2081 1478/1768/2081 1493/1794/2081
f 1471/1769/1072 1486/1795/1072 1487/1797/1072
f 1480/1772/1073 1479/1770/1073 1494/1796/1073
f 1472/1771/1074 1487/1797/1074 1488/1799/1074
f 1481/1774/1075 1480/1772/1075 1495/1798/1075
f 1493/1794/1076 1492/1793/1076 1507/1800/1076
f 1485/1792/1077 1500/1820/1077 1501/1802/1077
f 1494/1796/2082 1493/1794/2082 1508/1801/2082
f 1486/1795/2083 1501/1802/2083 1502/1804/2083
f 1495/1798/1080 1494/1796/1080 1509/1803/1080
f 1487/1797/1081 1502/1804/1081 1503/1806/1081
f 1496/1784/1082 1495/1798/1082 1510/1805/1082
f 1488/1799/1083 1503/1806/1083 1504/1808/1083
f 1497/1785/1084 1496/1784/1084 1511/1807/1084
f 1489/1810/1085 1504/1823/1085 1505/1811/1085
f 1491/1814/1088 1490/1812/1088 1505/1811/1088
f 1483/1787/1089 1498/1813/1089 1499/1816/1089
f 1492/1817/1090 1491/1814/1090 1506/1815/1090
f 1484/1819/1091 1499/1829/1091 1500/1820/1091
f 1512/1809/2084 1511/1807/2084 1526/1821/2084
f 1504/1823/1093 1519/1843/1093 1520/1824/1093
f 1506/1815/1096 1505/1811/1096 1520/1824/1096
f 1498/1813/1097 1513/1825/1097 1514/1827/1097
f 1507/1818/1098 1506/1815/1098 1521/1826/1098
f 1499/1829/1099 1514/2961/1099 1515/1830/1099
f 1508/1831/1100 1507/1818/1100 1522/1828/1100
f 1500/1833/1101 1515/1844/1101 1516/1834/1101
f 1509/1803/1102 1508/1801/1102 1523/1836/1102
f 1501/1835/1103 1516/1834/1103 1517/1838/1103
f 1510/1805/1104 1509/1803/1104 1524/1837/1104
f 1502/1839/2085 1517/1838/2085 1518/1841/2085
f 1511/1807/1106 1510/1805/1106 1525/1840/1106
f 1503/1842/1107 1518/1841/1107 1519/1843/1107
f 1515/1844/1108 1531/1862/1108 1532/1845/1108
f 1524/1846/1109 1523/1832/1109 1539/1847/1109
f 1516/1834/1110 1532/1845/1110 1533/1849/1110
f 1525/1840/1111 1524/1837/1111 1540/1850/1111
f 1517/1838/1112 1533/1849/1112 1534/1852/1112
f 1526/1821/2086 1525/1840/2086 1541/1851/2086
f 1518/1841/1114 1534/1852/1114 1535/1854/1114
f 1527/1822/1115 1526/1821/1115 1542/1853/1115
f 1519/1843/1116 1535/1854/1116 1536/1856/1116
f 1521/1826/1119 1520/1824/1119 1536/1856/1119
f 1513/1825/1120 1529/1857/1120 1530/1859/1120
f 1522/1828/1121 1521/1826/1121 1537/1858/1121
f 1514/1861/1122 1530/1869/1122 1531/1862/1122
f 1523/1832/1123 1522/1828/1123 1538/1860/1123
f 1535/1854/1124 1550/1879/1124 1551/1863/1124
f 1537/1858/1127 1536/1856/1127 1551/1863/1127
f 1529/1857/1128 1544/1864/1128 1545/1867/1128
f 1538/1860/1129 1537/1858/1129 1552/1866/1129
f 1530/1869/1130 1545/1897/1130 1546/1870/1130
f 1539/1847/1131 1538/1860/1131 1553/1868/1131
f 1531/1862/1132 1546/1870/1132 1547/1872/1132
f 1540/1848/1133 1539/1847/1133 1554/1871/1133
f 1532/1845/1134 1547/1872/1134 1548/1874/1134
f 1541/1851/1135 1540/1850/1135 1555/1875/1135
f 1533/1849/1136 1548/1874/1136 1549/1877/1136
f 1542/1853/1137 1541/1851/1137 1556/1876/1137
f 1534/1852/1138 1549/1877/1138 1550/1879/1138
f 1543/1855/1139 1542/1853/1139 1557/1878/1139
f 1555/1873/1140 1554/1871/1140 1569/1880/1140
f 1547/1872/1141 1562/1899/1141 1563/1882/1141
f 1556/1883/2087 1555/1873/2087 1570/1881/2087
f 1548/1874/1143 1563/1882/1143 1564/1885/1143
f 1557/1886/1144 1556/2962/1144 1571/1887/1144
f 1549/1877/1145 1564/1885/1145 1565/1889/1145
f 1558/1865/1146 1557/1878/1146 1572/1890/1146
f 1550/1879/1147 1565/1889/1147 1566/1892/1147
f 1552/1866/1150 1551/1863/1150 1566/1892/1150
f 1544/1864/1151 1559/1893/1151 1560/1895/1151
f 1553/1868/1152 1552/1866/1152 1567/1894/1152
f 1545/1897/1153 1560/2963/1153 1561/1898/1153
f 1554/1871/1154 1553/1868/1154 1568/1896/1154
f 1546/1870/1155 1561/1898/1155 1562/1899/1155
f 1566/1892/1157 1581/1918/1157 1582/1901/1157
f 1560/1895/1158 1559/1893/1158 1574/1902/1158
f 1567/1894/1159 1582/1901/1159 1583/1904/1159
f 1561/1898/1160 1560/2963/1160 1575/1905/1160
f 1568/1896/1161 1583/1904/1161 1584/1907/1161
f 1562/1899/1162 1561/1898/1162 1576/1906/1162
f 1569/1880/1163 1584/1907/1163 1585/1909/1163
f 1563/1882/1164 1562/1899/1164 1577/1908/1164
f 1570/1911/1165 1585/1919/1165 1586/1912/1165
f 1564/1885/1166 1563/1882/1166 1578/1910/1166
f 1571/1887/1167 1586/1912/1167 1587/1914/1167
f 1565/1889/1168 1564/1885/1168 1579/1913/1168
f 1572/1888/1169 1587/1914/1169 1588/1916/1169
f 1566/1892/1170 1565/1889/1170 1580/1915/1170
f 1585/1919/1172 1600/1947/1172 1601/1920/1172
f 1579/1913/1173 1578/1910/1173 1593/1921/1173
f 1586/1912/1174 1601/1920/1174 1602/1923/1174
f 1580/1915/1175 1579/1913/1175 1594/1922/1175
f 1587/1914/1176 1602/1923/1176 1603/1925/1176
f 1581/1918/1177 1580/1915/1177 1595/1924/1177
f 1581/1918/1180 1596/1926/1180 1597/1929/1180
f 1575/1903/1181 1574/1902/1181 1589/1927/1181
f 1582/1901/1182 1597/1929/1182 1598/1931/1182
f 1576/1932/1183 1575/1903/1183 1590/1930/1183
f 1583/1904/1184 1598/1931/1184 1599/1934/1184
f 1577/1908/1185 1576/1906/1185 1591/1935/1185
f 1584/1907/1186 1599/1934/1186 1600/1937/1186
f 1578/1910/1187 1577/1908/1187 1592/1936/1187
f 1590/1930/1188 1589/1927/1188 1604/1938/1188
f 1597/1929/1189 1612/1954/1189 1613/1940/1189
f 1591/1933/1190 1590/1930/1190 1605/1939/1190
f 1598/1931/1191 1613/1940/1191 1614/1942/1191
f 1592/1936/1192 1591/1935/1192 1606/1943/1192
f 1599/1934/1193 1614/1942/1193 1615/1945/1193
f 1593/1921/2088 1592/1936/2088 1607/1944/2088
f 1600/1947/1195 1615/1971/1195 1616/1948/1195
f 1594/1922/1196 1593/1921/1196 1608/1946/1196
f 1601/1920/1197 1616/1948/1197 1617/1950/1197
f 1595/1924/1198 1594/1922/1198 1609/1949/1198
f 1602/1923/1199 1617/1950/1199 1618/1952/1199
f 1596/1926/1200 1595/1924/1200 1610/1951/1200
f 1596/1926/1203 1611/1953/1203 1612/1954/1203
f 1609/1949/1204 1608/1946/1204 1623/1955/1204
f 1616/1948/1205 1631/1973/1205 1632/1957/1205
f 1610/1951/1206 1609/1949/1206 1624/1956/1206
f 1617/1950/1207 1632/1957/1207 1633/1959/1207
f 1611/1953/1208 1610/1951/1208 1625/1958/1208
f 1611/1953/1211 1626/1960/1211 1627/1962/1211
f 1605/1939/1212 1604/1938/1212 1619/1961/1212
f 1612/1954/1213 1627/1962/1213 1628/1964/1213
f 1606/1941/2089 1605/1939/2089 1620/1963/2089
f 1613/1940/1215 1628/1964/1215 1629/1966/1215
f 1607/1967/1216 1606/1941/1216 1621/1965/1216
f 1614/1969/1217 1629/1979/1217 1630/1970/1217
f 1608/1946/1218 1607/1944/1218 1622/1972/1218
f 1615/1971/1219 1630/1970/1219 1631/1973/1219
f 1627/1962/1220 1642/1990/1220 1643/1974/1220
f 1621/1965/1221 1620/1963/1221 1635/1975/1221
f 1628/1964/1222 1643/1974/1222 1644/1977/1222
f 1622/1968/1223 1621/1965/1223 1636/1976/1223
f 1629/1979/1224 1644/2003/1224 1645/1980/1224
f 1623/1955/1225 1622/1972/1225 1637/1981/1225
f 1630/1970/1226 1645/1980/1226 1646/1983/1226
f 1624/1956/1227 1623/1955/1227 1638/1982/1227
f 1631/1973/1228 1646/1983/1228 1647/1985/1228
f 1625/1958/1229 1624/1956/1229 1639/1984/1229
f 1632/1957/2090 1647/1985/2090 1648/1987/2090
f 1626/1960/1231 1625/1958/1231 1640/1986/1231
f 1626/1960/1234 1641/1988/1234 1642/1990/1234
f 1620/1963/2091 1619/1961/2091 1634/1989/2091
f 1646/1983/1236 1661/2008/1236 1662/1991/1236
f 1640/1986/1237 1639/1984/1237 1654/1992/1237
f 1647/1985/1238 1662/1991/1238 1663/1994/1238
f 1641/1988/1239 1640/1986/1239 1655/1993/1239
f 1641/1988/1242 1656/1995/1242 1657/1997/1242
f 1635/1975/1243 1634/1989/1243 1649/1996/1243
f 1642/1990/2092 1657/1997/2092 1658/1999/2092
f 1636/1976/1245 1635/1975/1245 1650/1998/1245
f 1643/2001/1246 1658/2013/1246 1659/2002/1246
f 1637/1978/1247 1636/1976/1247 1651/2000/1247
f 1644/2003/1248 1659/2002/1248 1660/2005/1248
f 1638/2006/1249 1637/1978/1249 1652/2004/1249
f 1645/1980/1250 1660/2005/1250 1661/2008/1250
f 1639/2009/1251 1638/2006/1251 1653/2007/1251
f 1651/2000/1252 1650/1998/1252 1665/2011/1252
f 1658/2013/1253 1673/2030/1253 1674/2014/1253
f 1652/2004/1254 1651/2000/1254 1666/2012/1254
f 1659/2002/1255 1674/2014/1255 1675/2016/1255
f 1653/2007/1256 1652/2004/1256 1667/2015/1256
f 1660/2005/1257 1675/2016/1257 1676/2018/1257
f 1654/2010/1258 1653/2007/1258 1668/2017/1258
f 1661/2008/1259 1676/2018/1259 1677/2020/1259
f 1655/2021/1260 1654/2010/1260 1669/2019/1260
f 1662/1991/1261 1677/2020/1261 1678/2023/1261
f 1656/2024/1262 1655/2021/1262 1670/2022/1262
f 1656/2027/1265 1671/2036/1265 1672/2028/1265
f 1650/1998/1266 1649/1996/1266 1664/2026/1266
f 1657/2029/1267 1672/2028/1267 1673/2030/1267
f 1670/2022/1268 1669/2019/1268 1684/2031/1268
f 1677/2020/1269 1692/2046/1269 1693/2033/1269
f 1671/2025/1270 1670/2022/1270 1685/2032/1270
f 1671/2036/1273 1686/2964/1273 1687/2037/1273
f 1665/2011/1274 1664/2026/1274 1679/2035/1274
f 1672/2028/1275 1687/2037/1275 1688/2039/1275
f 1666/2012/1276 1665/2011/1276 1680/2038/1276
f 1673/2030/1277 1688/2039/1277 1689/2041/1277
f 1667/2015/1278 1666/2012/1278 1681/2040/1278
f 1674/2014/1279 1689/2041/1279 1690/2043/1279
f 1668/2017/1280 1667/2015/1280 1682/2042/1280
f 1675/2016/1281 1690/2043/1281 1691/2045/1281
f 1669/2019/2093 1668/2017/2093 1683/2044/2093
f 1676/2018/1283 1691/2045/1283 1692/2046/1283
f 1689/2041/1284 1688/2039/1284 1703/2047/1284
f 1681/2040/1285 1696/2062/1285 1697/2049/1285
f 1690/2043/1286 1689/2041/1286 1704/2048/1286
f 1682/2042/1287 1697/2049/1287 1698/2051/1287
f 1691/2045/1288 1690/2043/1288 1705/2050/1288
f 1683/2044/1289 1698/2051/1289 1699/2053/1289
f 1692/2046/1290 1691/2045/1290 1706/2052/1290
f 1684/2031/1291 1699/2053/1291 1700/2055/1291
f 1693/2033/1292 1692/2046/1292 1707/2054/1292
f 1685/2032/1293 1700/2055/1293 1701/2057/1293
f 1687/2037/2094 1686/2964/2094 1701/2059/2094
f 1679/2035/1297 1694/2058/1297 1695/2061/1297
f 1688/2039/1298 1687/2037/1298 1702/2060/1298
f 1680/2038/1299 1695/2061/1299 1696/2062/1299
f 1708/2056/1300 1707/2054/1300 1722/2063/1300
f 1700/2055/1301 1715/2078/1301 1716/2065/1301
f 1702/2060/1304 1701/2059/1304 1716/2067/1304
f 1694/2058/1305 1709/2066/1305 1710/2069/1305
f 1703/2047/1306 1702/2060/1306 1717/2068/1306
f 1695/2061/1307 1710/2069/1307 1711/2071/1307
f 1704/2048/1308 1703/2047/1308 1718/2070/1308
f 1696/2062/1309 1711/2071/1309 1712/2073/1309
f 1705/2050/1310 1704/2048/1310 1719/2072/1310
f 1697/2049/1311 1712/2073/1311 1713/2075/1311
f 1706/2052/1312 1705/2050/1312 1720/2074/1312
f 1698/2051/1313 1713/2075/1313 1714/2077/1313
f 1707/2054/1314 1706/2052/1314 1721/2076/1314
f 1699/2053/1315 1714/2077/1315 1715/2078/1315
f 1720/2074/2095 1719/2072/2095 1734/2079/2095
f 1712/2073/2096 1727/2095/2096 1728/2081/2096
f 1721/2076/1318 1720/2074/1318 1735/2080/1318
f 1713/2075/1319 1728/2081/1319 1729/2083/1319
f 1722/2063/1320 1721/2076/1320 1736/2082/1320
f 1714/2077/1321 1729/2083/1321 1730/2085/1321
f 1723/2064/1322 1722/2063/1322 1737/2084/1322
f 1715/2078/1323 1730/2085/1323 1731/2087/1323
f 1717/2089/1326 1716/2065/1326 1731/2087/1326
f 1709/2066/1327 1724/2088/1327 1725/2091/1327
f 1718/2070/1328 1717/2068/1328 1732/2092/1328
f 1710/2069/1329 1725/2091/1329 1726/2094/1329
f 1719/2072/1330 1718/2070/1330 1733/2093/1330
f 1711/2071/1331 1726/2094/1331 1727/2095/1331
f 1732/2098/1334 1731/2115/1334 1746/2099/1334
f 1724/2088/1335 1739/2096/1335 1740/2101/1335
f 1733/2102/1336 1732/2098/1336 1747/2100/1336
f 1725/2091/1337 1740/2101/1337 1741/2104/1337
f 1734/2079/1338 1733/2093/1338 1748/2105/1338
f 1726/2094/1339 1741/2104/1339 1742/2107/1339
f 1735/2080/2097 1734/2079/2097 1749/2106/2097
f 1727/2095/2098 1742/2107/2098 1743/2109/2098
f 1736/2082/1342 1735/2080/1342 1750/2108/1342
f 1728/2081/1343 1743/2109/1343 1744/2111/1343
f 1737/2084/1344 1736/2082/1344 1751/2110/1344
f 1729/2083/1345 1744/2111/1345 1745/2113/1345
f 1738/2086/1346 1737/2084/1346 1752/2112/1346
f 1730/2114/1347 1745/2123/1347 1746/2099/1347
f 1742/2107/1348 1758/2133/1348 1759/2116/1348
f 1751/2110/1349 1750/2108/1349 1766/2117/1349
f 1743/2109/1350 1759/2116/1350 1760/2119/1350
f 1752/2112/1351 1751/2110/1351 1767/2118/1351
f 1744/2121/1352 1760/2149/1352 1761/2122/1352
f 1753/2097/2099 1752/2112/2099 1768/2120/2099
f 1745/2123/1354 1761/2122/1354 1762/2125/1354
f 1747/2100/1357 1746/2099/1357 1762/2125/1357
f 1739/2096/1358 1755/2126/1358 1756/2128/1358
f 1748/2103/1359 1747/2100/1359 1763/2127/1359
f 1740/2101/1360 1756/2128/1360 1757/2130/1360
f 1749/2131/2100 1748/2103/2100 1764/2129/2100
f 1741/2104/1362 1757/2130/1362 1758/2133/1362
f 1750/2108/1363 1749/2106/1363 1765/2134/1363
f 1763/2127/1364 1762/2125/1364 1777/2135/1364
f 1755/2126/1365 1770/2153/1365 1771/2137/1365
f 1764/2129/1366 1763/2127/1366 1778/2136/1366
f 1756/2128/1367 1771/2137/1367 1772/2139/1367
f 1765/2132/1368 1764/2129/1368 1779/2138/1368
f 1757/2130/1369 1772/2139/1369 1773/2141/1369
f 1766/2142/1370 1765/2132/1370 1780/2140/1370
f 1758/2133/1371 1773/2141/1371 1774/2144/1371
f 1767/2118/1372 1766/2117/1372 1781/2145/1372
f 1759/2147/1373 1774/2159/1373 1775/2148/1373
f 1768/2120/1374 1767/2118/1374 1782/2146/1374
f 1760/2149/1375 1775/2148/1375 1776/2151/1375
f 1769/2124/1376 1768/2120/1376 1783/2150/1376
f 1761/2122/1377 1776/2151/1377 1777/2135/1377
f 1782/2156/1380 1781/2143/1380 1796/2157/1380
f 1774/2159/1381 1789/2175/1381 1790/2160/1381
f 1783/2150/1382 1782/2146/1382 1797/2161/1382
f 1775/2148/1383 1790/2160/1383 1791/2163/1383
f 1784/2155/1384 1783/2965/1384 1798/2164/1384
f 1776/2151/1385 1791/2163/1385 1792/2166/1385
f 1778/2136/1388 1777/2135/1388 1792/2166/1388
f 1770/2153/1389 1785/2167/1389 1786/2169/1389
f 1779/2138/2101 1778/2136/2101 1793/2168/2101
f 1771/2137/1391 1786/2169/1391 1787/2171/1391
f 1780/2140/1392 1779/2138/1392 1794/2170/1392
f 1772/2139/1393 1787/2171/1393 1788/2173/1393
f 1781/2143/1394 1780/2140/1394 1795/2172/1394
f 1773/2174/1395 1788/2183/1395 1789/2175/1395
f 1785/2167/1396 1800/2192/1396 1801/2176/1396
f 1794/2170/1397 1793/2168/1397 1808/2177/1397
f 1786/2169/1398 1801/2176/1398 1802/2179/1398
f 1795/2172/1399 1794/2170/1399 1809/2178/1399
f 1787/2171/2102 1802/2179/2102 1803/2181/2102
f 1796/2157/1401 1795/2172/1401 1810/2180/1401
f 1788/2183/1402 1803/2205/1402 1804/2184/1402
f 1797/2158/1403 1796/2157/1403 1811/2182/1403
f 1789/2175/1404 1804/2184/1404 1805/2186/1404
f 1798/2164/1405 1797/2966/1405 1812/2187/1405
f 1790/2160/1406 1805/2186/1406 1806/2189/1406
f 1799/2165/1407 1798/2164/1407 1813/2188/1407
f 1791/2163/1408 1806/2189/1408 1807/2191/1408
f 1793/2168/1411 1792/2166/1411 1807/2191/1411
f 1805/2186/1412 1804/2184/1412 1819/2193/1412
f 1812/2187/1413 1827/2210/1413 1828/2195/1413
f 1806/2189/1414 1805/2186/1414 1820/2194/1414
f 1813/2188/1415 1828/2195/1415 1829/2197/1415
f 1807/2191/1416 1806/2189/1416 1821/2196/1416
f 1807/2191/1419 1822/2198/1419 1823/2200/1419
f 1801/2176/1420 1800/2192/1420 1815/2199/1420
f 1808/2177/1421 1823/2200/1421 1824/2202/1421
f 1802/2179/1422 1801/2176/1422 1816/2201/1422
f 1809/2178/1423 1824/2202/1423 1825/2204/1423
f 1803/2205/1424 1802/2967/1424 1817/2206/1424
f 1810/2180/1425 1825/2204/1425 1826/2208/1425
f 1804/2184/1426 1803/2205/1426 1818/2207/1426
f 1811/2209/1427 1826/2219/1427 1827/2210/1427
f 1823/2200/1428 1838/2227/1428 1839/2211/1428
f 1817/2203/1429 1816/2201/1429 1831/2212/1429
f 1824/2202/1430 1839/2211/1430 1840/2214/1430
f 1818/2207/1431 1817/2206/1431 1832/2215/1431
f 1825/2204/1432 1840/2214/1432 1841/2217/1432
f 1819/2193/1433 1818/2207/1433 1833/2216/1433
f 1826/2219/1434 1841/2243/1434 1842/2220/1434
f 1820/2194/1435 1819/2193/1435 1834/2218/1435
f 1827/2210/1436 1842/2220/1436 1843/2222/1436
f 1821/2196/1437 1820/2194/1437 1835/2221/1437
f 1828/2195/1438 1843/2222/1438 1844/2224/1438
f 1822/2198/1439 1821/2196/1439 1836/2223/1439
f 1822/2198/1442 1837/2225/1442 1838/2227/1442
f 1816/2201/1443 1815/2199/1443 1830/2226/1443
f 1842/2220/1444 1857/2244/1444 1858/2228/1444
f 1836/2223/1445 1835/2221/1445 1850/2229/1445
f 1843/2222/1446 1858/2228/1446 1859/2231/1446
f 1837/2225/1447 1836/2223/1447 1851/2230/1447
f 1837/2225/1450 1852/2232/1450 1853/2234/1450
f 1831/2212/1451 1830/2226/1451 1845/2233/1451
f 1838/2227/1452 1853/2234/1452 1854/2236/1452
f 1832/2213/1453 1831/2212/1453 1846/2235/1453
f 1839/2211/1454 1854/2236/1454 1855/2238/1454
f 1833/2216/1455 1832/2215/1455 1847/2239/1455
f 1840/2214/1456 1855/2238/1456 1856/2241/1456
f 1834/2218/1457 1833/2216/1457 1848/2240/1457
f 1841/2243/1458 1856/2250/1458 1857/2244/1458
f 1835/2221/1459 1834/2218/1459 1849/2242/1459
f 1854/2236/2103 1869/2261/2103 1870/2245/2103
f 1848/2240/1461 1847/2239/1461 1862/2246/1461
f 1855/2248/1462 1870/2275/1462 1871/2249/1462
f 1849/2242/1463 1848/2240/1463 1863/2247/1463
f 1856/2250/1464 1871/2249/1464 1872/2252/1464
f 1850/2229/1465 1849/2242/1465 1864/2251/1465
f 1857/2244/1466 1872/2252/1466 1873/2254/1466
f 1851/2230/1467 1850/2229/1467 1865/2253/1467
f 1858/2228/1468 1873/2254/1468 1874/2256/1468
f 1852/2232/1469 1851/2230/1469 1866/2255/1469
f 1852/2232/1472 1867/2257/1472 1868/2259/1472
f 1846/2235/1473 1845/2233/1473 1860/2258/1473
f 1853/2234/1474 1868/2259/1474 1869/2261/1474
f 1847/2237/1475 1846/2235/1475 1861/2260/1475
f 1873/2254/1476 1888/2281/1476 1889/2263/1476
f 1867/2257/1477 1866/2255/1477 1881/2264/1477
f 1867/2257/1480 1882/2265/1480 1883/2267/1480
f 1861/2260/2104 1860/2258/2104 1875/2266/2104
f 1868/2259/1482 1883/2267/1482 1884/2269/1482
f 1862/2262/1483 1861/2260/1483 1876/2268/1483
f 1869/2261/1484 1884/2269/1484 1885/2271/1484
f 1863/2272/1485 1862/2968/1485 1877/2273/1485
f 1870/2275/1486 1885/2284/1486 1886/2276/1486
f 1864/2251/1487 1863/2247/1487 1878/2277/1487
f 1871/2249/1488 1886/2276/1488 1887/2279/1488
f 1865/2253/1489 1864/2251/1489 1879/2278/1489
f 1872/2252/1490 1887/2279/1490 1888/2281/1490
f 1866/2255/1491 1865/2253/1491 1880/2280/1491
f 1878/2274/1492 1877/2273/1492 1892/2282/1492
f 1885/2284/1493 1900/2302/1493 1901/2285/1493
f 1879/2286/1494 1878/2274/1494 1893/2283/1494
f 1886/2276/1495 1901/2285/1495 1902/2288/1495
f 1880/2289/1496 1879/2286/1496 1894/2287/1496
f 1887/2279/1497 1902/2288/1497 1903/2291/1497
f 1881/2264/1498 1880/2280/1498 1895/2292/1498
f 1888/2281/1499 1903/2291/1499 1904/2294/1499
f 1882/2265/1500 1881/2264/1500 1896/2293/1500
f 1882/2265/1503 1897/2295/1503 1898/2297/1503
f 1876/2268/1504 1875/2266/1504 1890/2296/1504
f 1883/2267/1505 1898/2297/1505 1899/2299/1505
f 1877/2270/1506 1876/2268/1506 1891/2298/1506
f 1884/2301/1507 1899/2313/1507 1900/2302/1507
f 1897/2303/1508 1896/2323/1508 1911/2304/1508
f 1897/2303/1511 1912/2305/1511 1913/2308/1511
f 1891/2298/1512 1890/2296/1512 1905/2306/1512
f 1898/2311/1513 1913/2324/1513 1914/2312/1513
f 1892/2282/1514 1891/2969/1514 1906/2314/1514
f 1899/2313/1515 1914/2312/1515 1915/2316/1515
f 1893/2283/1516 1892/2282/1516 1907/2315/1516
f 1900/2302/1517 1915/2316/1517 1916/2318/1517
f 1894/2287/1518 1893/2283/1518 1908/2317/1518
f 1901/2285/1519 1916/2318/1519 1917/2320/1519
f 1895/2290/1520 1894/2287/1520 1909/2319/1520
f 1902/2288/1521 1917/2320/1521 1918/2322/1521
f 1896/2323/1522 1895/2290/1522 1910/2321/1522
f 1903/2291/1523 1918/2322/1523 1919/2307/1523
f 1915/2316/1524 1452/1764/1524 1925/1734/1524
f 1909/2319/1525 1908/2317/1525 1922/1733/1525
f 1916/2318/1526 1925/1734/1526 1926/1739/1526
f 1910/2321/2105 1909/2319/2105 1448/1738/2105
f 1917/2320/1528 1926/1739/1528 1927/1743/1528
f 1911/2304/1529 1910/2321/1529 1923/1742/1529
f 1918/2322/1530 1927/1743/1530 1928/1747/1530
f 1912/2305/1531 1911/2304/1531 1449/1746/1531
f 1912/2305/1534 1450/1750/1534 1451/1755/1534
f 1906/2310/1535 1905/2306/1535 1920/1751/1535
f 1913/2324/1536 1451/2960/1536 1924/1759/1536
f 1907/2315/1537 1906/2314/1537 1921/1762/1537
f 1914/2312/1538 1924/1759/1538 1452/1764/1538
f 1908/2317/1539 1907/2315/1539 1447/1731/1539
f 1929/2325/1540 1937/2356/1540 1938/2326/1540
f 2407/2328/1541 1934/2357/1541 1945/2329/1541
f 2404/2327/1542 1938/2326/1542 1939/2331/1542
f 2408/2333/1543 2407/2328/1543 1946/2330/1543
f 1930/2332/1544 1939/2331/1544 1940/2335/1544
f 2409/2337/1545 2408/2333/1545 1947/2334/1545
f 2405/2336/1546 1940/2335/1546 1941/2339/1546
f 2410/2341/1547 2409/2337/1547 1948/2338/1547
f 1931/2340/1548 1941/2339/1548 1942/2343/1548
f 1933/2349/1551 1932/2344/1551 1942/2343/1551
f 2402/2345/1552 1935/2347/1552 1936/2351/1552
f 2406/2353/2106 1933/2349/2106 1943/2350/2106
f 2403/2355/1554 1936/2970/1554 1937/2356/1554
f 1934/2357/1555 2406/2971/1555 1944/2358/1555
f 1936/2351/1556 1951/2376/1556 1952/2359/1556
f 1945/2329/1557 1944/2358/1557 1959/2361/1557
f 1937/2356/1558 1952/2972/1558 1953/2363/1558
f 1946/2330/1559 1945/2329/1559 1960/2362/1559
f 1938/2326/1560 1953/2363/1560 1954/2365/1560
f 1947/2334/1561 1946/2330/1561 1961/2364/1561
f 1939/2331/1562 1954/2365/1562 1955/2367/1562
f 1948/2338/1563 1947/2334/1563 1962/2366/1563
f 1940/2335/1564 1955/2367/1564 1956/2369/1564
f 1949/2342/1565 1948/2338/1565 1963/2368/1565
f 1941/2339/1566 1956/2369/1566 1957/2371/1566
f 1943/2373/1569 1942/2973/1569 1957/2374/1569
f 1935/2347/1570 1950/2372/1570 1951/2376/1570
f 1944/2377/1571 1943/2373/1571 1958/2375/1571
f 1955/2379/1572 1970/2399/1572 1971/2380/1572
f 1964/2370/1573 1963/2368/1573 1978/2382/1573
f 1956/2381/1574 1971/2380/1574 1972/2384/1574
f 1958/2375/1577 1957/2374/1577 1972/2384/1577
f 1950/2372/1578 1965/2385/1578 1966/2387/1578
f 1959/2378/1579 1958/2375/1579 1973/2386/1579
f 1951/2376/1580 1966/2387/1580 1967/2389/1580
f 1960/2362/1581 1959/2361/1581 1974/2390/1581
f 1952/2392/1582 1967/2403/1582 1968/2393/1582
f 1961/2364/1583 1960/2362/1583 1975/2391/1583
f 1953/2394/1584 1968/2393/1584 1969/2396/1584
f 1962/2366/1585 1961/2364/1585 1976/2395/1585
f 1954/2397/1586 1969/2396/1586 1970/2399/1586
f 1963/2368/1587 1962/2366/1587 1977/2398/1587
f 1975/2400/1588 1974/2388/1588 1989/2401/1588
f 1967/2403/1589 1982/2427/1589 1983/2404/1589
f 1976/2395/2107 1975/2391/2107 1990/2405/2107
f 1968/2393/2108 1983/2404/2108 1984/2407/2108
f 1977/2398/1592 1976/2395/1592 1991/2406/1592
f 1969/2396/1593 1984/2407/1593 1985/2409/1593
f 1978/2382/1594 1977/2398/1594 1992/2408/1594
f 1970/2399/1595 1985/2409/1595 1986/2411/1595
f 1979/2383/1596 1978/2382/1596 1993/2410/1596
f 1971/2380/1597 1986/2411/1597 1987/2413/1597
f 1973/2386/1600 1972/2384/1600 1987/2413/1600
f 1965/2385/1601 1980/2414/1601 1981/2416/1601
f 1974/2388/1602 1973/2386/1602 1988/2415/1602
f 1966/2387/1603 1981/2416/1603 1982/2417/1603
f 1994/2412/1604 1993/2410/1604 2008/2418/1604
f 1986/2411/1605 2001/2434/1605 2002/2420/1605
f 1988/2415/1608 1987/2413/1608 2002/2420/1608
f 1980/2414/1609 1995/2421/1609 1996/2423/1609
f 1989/2401/1610 1988/2415/1610 2003/2422/1610
f 1981/2416/1611 1996/2423/1611 1997/2425/1611
f 1990/2402/1612 1989/2401/1612 2004/2424/1612
f 1982/2427/1613 1997/2435/1613 1998/2428/1613
f 1991/2406/1614 1990/2405/1614 2005/2429/1614
f 1983/2404/1615 1998/2428/1615 1999/2431/1615
f 1992/2408/1616 1991/2406/1616 2006/2430/1616
f 1984/2407/1617 1999/2431/1617 2000/2433/1617
f 1993/2410/1618 1992/2408/1618 2007/2432/1618
f 1985/2409/1619 2000/2433/1619 2001/2434/1619
f 1997/2435/1620 2013/2451/1620 2014/2436/1620
f 2006/2430/1621 2005/2429/1621 2021/2437/1621
f 1998/2428/1622 2014/2436/1622 2015/2439/1622
f 2007/2432/1623 2006/2430/1623 2022/2438/1623
f 1999/2431/1624 2015/2439/1624 2016/2441/1624
f 2008/2418/1625 2007/2432/1625 2023/2440/1625
f 2000/2433/1626 2016/2441/1626 2017/2443/1626
f 2009/2419/1627 2008/2418/1627 2024/2442/1627
f 2001/2434/1628 2017/2443/1628 2018/2445/1628
f 2003/2422/1631 2002/2420/1631 2018/2445/1631
f 1995/2421/1632 2011/2446/1632 2012/2448/1632
f 2004/2424/1633 2003/2422/1633 2019/2447/1633
f 1996/2450/1634 2012/2459/1634 2013/2451/1634
f 2005/2426/1635 2004/2424/1635 2020/2449/1635
f 2017/2443/1636 2032/2469/1636 2033/2453/1636
f 2019/2447/1639 2018/2445/1639 2033/2453/1639
f 2011/2446/1640 2026/2454/1640 2027/2457/1640
f 2020/2449/1641 2019/2447/1641 2034/2456/1641
f 2012/2459/1642 2027/2974/1642 2028/2460/1642
f 2021/2452/1643 2020/2449/1643 2035/2458/1643
f 2013/2451/1644 2028/2460/1644 2029/2462/1644
f 2022/2438/1645 2021/2437/1645 2036/2463/1645
f 2014/2436/1646 2029/2462/1646 2030/2465/1646
f 2023/2440/1647 2022/2438/1647 2037/2464/1647
f 2015/2439/1648 2030/2465/1648 2031/2467/1648
f 2024/2442/1649 2023/2440/1649 2038/2466/1649
f 2016/2441/1650 2031/2467/1650 2032/2469/1650
f 2025/2444/1651 2024/2442/1651 2039/2468/1651
f 2037/2464/1652 2036/2463/1652 2051/2470/1652
f 2029/2462/1653 2044/2486/1653 2045/2472/1653
f 2038/2466/1654 2037/2464/1654 2052/2471/1654
f 2030/2465/1655 2045/2472/1655 2046/2474/1655
f 2039/2468/1656 2038/2466/1656 2053/2473/1656
f 2031/2467/1657 2046/2474/1657 2047/2476/1657
f 2040/2455/1658 2039/2468/1658 2054/2475/1658
f 2032/2469/1659 2047/2476/1659 2048/2478/1659
f 2034/2456/1662 2033/2453/1662 2048/2478/1662
f 2026/2454/1663 2041/2479/1663 2042/2481/1663
f 2035/2458/1664 2034/2456/1664 2049/2480/1664
f 2027/2457/1665 2042/2481/1665 2043/2483/1665
f 2036/2461/1666 2035/2458/1666 2050/2482/1666
f 2028/2460/2109 2043/2975/2109 2044/2486/2109
f 2048/2478/1669 2063/2502/1669 2064/2488/1669
f 2042/2481/1670 2041/2479/1670 2056/2489/1670
f 2049/2480/1671 2064/2488/1671 2065/2491/1671
f 2043/2483/1672 2042/2481/1672 2057/2490/1672
f 2050/2482/1673 2065/2491/1673 2066/2493/1673
f 2044/2486/1674 2043/2975/1674 2058/2494/1674
f 2051/2470/1675 2066/2518/1675 2067/2496/1675
f 2045/2472/1676 2044/2486/1676 2059/2495/1676
f 2052/2471/1677 2067/2496/1677 2068/2498/1677
f 2046/2474/1678 2045/2472/1678 2060/2497/1678
f 2053/2473/1679 2068/2498/1679 2069/2500/1679
f 2047/2476/1680 2046/2474/1680 2061/2499/1680
f 2054/2475/1681 2069/2500/1681 2070/2487/1681
f 2048/2478/1682 2047/2476/1682 2062/2501/1682
f 2067/2496/1684 2082/2519/1684 2083/2503/1684
f 2061/2499/1685 2060/2497/1685 2075/2504/1685
f 2068/2498/1686 2083/2503/1686 2084/2506/1686
f 2062/2501/1687 2061/2499/1687 2076/2505/1687
f 2069/2500/1688 2084/2506/1688 2085/2508/1688
f 2063/2502/1689 2062/2501/1689 2077/2507/1689
f 2063/2502/1692 2078/2509/1692 2079/2511/1692
f 2057/2490/1693 2056/2489/1693 2071/2510/1693
f 2064/2488/1694 2079/2511/1694 2080/2513/1694
f 2058/2492/1695 2057/2490/1695 2072/2512/1695
f 2065/2491/1696 2080/2513/1696 2081/2515/1696
f 2059/2495/1697 2058/2494/1697 2073/2516/1697
f 2066/2518/1698 2081/2527/1698 2082/2519/1698
f 2060/2497/1699 2059/2495/1699 2074/2517/1699
f 2072/2512/1700 2071/2510/1700 2086/2520/1700
f 2079/2511/1701 2094/2537/1701 2095/2522/1701
f 2073/2514/1702 2072/2512/1702 2087/2521/1702
f 2080/2513/1703 2095/2522/1703 2096/2524/1703
f 2074/2525/2110 2073/2514/2110 2088/2523/2110
f 2081/2527/1705 2096/2551/1705 2097/2528/1705
f 2075/2504/2111 2074/2517/2111 2089/2529/2111
f 2082/2519/1707 2097/2528/1707 2098/2531/1707
f 2076/2505/1708 2075/2504/1708 2090/2530/1708
f 2083/2503/1709 2098/2531/1709 2099/2533/1709
f 2077/2507/1710 2076/2505/1710 2091/2532/1710
f 2084/2506/1711 2099/2533/1711 2100/2535/1711
f 2078/2509/1712 2077/2507/1712 2092/2534/1712
f 2078/2509/1715 2093/2536/1715 2094/2537/1715
f 2091/2532/1716 2090/2530/1716 2105/2538/1716
f 2098/2531/1717 2113/2556/1717 2114/2540/1717
f 2092/2534/1718 2091/2532/1718 2106/2539/1718
f 2099/2533/1719 2114/2540/1719 2115/2542/1719
f 2093/2536/1720 2092/2534/1720 2107/2541/1720
f 2093/2536/1723 2108/2543/1723 2109/2545/1723
f 2087/2521/1724 2086/2520/1724 2101/2544/1724
f 2094/2537/1725 2109/2545/1725 2110/2547/1725
f 2088/2523/1726 2087/2521/1726 2102/2546/1726
f 2095/2549/1727 2110/2562/1727 2111/2550/1727
f 2089/2526/1728 2088/2523/1728 2103/2548/1728
f 2096/2551/1729 2111/2550/1729 2112/2553/1729
f 2090/2554/1730 2089/2526/1730 2104/2552/1730
f 2097/2528/1731 2112/2553/1731 2113/2556/1731
f 2109/2557/1732 2124/2587/1732 2125/2558/1732
f 2103/2548/1733 2102/2546/1733 2117/2560/1733
f 2110/2562/1734 2125/2976/1734 2126/2563/1734
f 2104/2552/1735 2103/2548/1735 2118/2561/1735
f 2111/2550/1736 2126/2563/1736 2127/2565/1736
f 2105/2555/1737 2104/2552/1737 2119/2564/1737
f 2112/2553/1738 2127/2565/1738 2128/2567/1738
f 2106/2568/1739 2105/2555/1739 2120/2566/1739
f 2113/2556/1740 2128/2567/1740 2129/2570/1740
f 2107/2541/1741 2106/2539/1741 2121/2571/1741
f 2114/2540/1742 2129/2570/1742 2130/2573/1742
f 2108/2543/1743 2107/2541/1743 2122/2572/1743
f 2108/2543/1746 2123/2574/1746 2124/2576/1746
f 2102/2546/2112 2101/2544/2112 2116/2575/2112
f 2128/2567/1748 2143/2596/1748 2144/2577/1748
f 2122/2578/1749 2121/2569/1749 2136/2579/1749
f 2129/2570/1750 2144/2577/1750 2145/2581/1750
f 2123/2582/1751 2122/2977/1751 2137/2583/1751
f 2123/2582/1754 2138/2584/1754 2139/2586/1754
f 2117/2560/1755 2116/2575/1755 2131/2585/1755
f 2124/2587/1756 2139/2586/1756 2140/2589/1756
f 2118/2561/1757 2117/2560/1757 2132/2588/1757
f 2125/2558/1758 2140/2589/1758 2141/2591/1758
f 2119/2564/1759 2118/2561/1759 2133/2590/1759
f 2126/2563/1760 2141/2601/1760 2142/2594/1760
f 2120/2566/1761 2119/2564/1761 2134/2593/1761
f 2127/2565/1762 2142/2594/1762 2143/2596/1762
f 2121/2569/1763 2120/2566/1763 2135/2595/1763
f 2133/2590/1764 2132/2588/1764 2147/2597/1764
f 2140/2589/1765 2155/2613/1765 2156/2599/1765
f 2134/2593/1766 2133/2590/1766 2148/2598/1766
f 2141/2601/1767 2156/2626/1767 2157/2602/1767
f 2135/2595/1768 2134/2593/1768 2149/2600/1768
f 2142/2594/1769 2157/2602/1769 2158/2604/1769
f 2136/2579/1770 2135/2595/1770 2150/2603/1770
f 2143/2596/2113 2158/2604/2113 2159/2606/2113
f 2137/2580/1772 2136/2579/1772 2151/2605/1772
f 2144/2577/1773 2159/2606/1773 2160/2608/1773
f 2138/2584/1774 2137/2583/1774 2152/2609/1774
f 2138/2584/1777 2153/2610/1777 2154/2612/1777
f 2132/2588/1778 2131/2585/1778 2146/2611/1778
f 2139/2586/1779 2154/2612/1779 2155/2613/1779
f 2152/2607/1780 2151/2605/1780 2166/2614/1780
f 2159/2606/1781 2174/2630/1781 2175/2616/1781
f 2153/2610/1782 2152/2609/1782 2167/2617/1782
f 2153/2610/1785 2168/2618/1785 2169/2620/1785
f 2147/2597/1786 2146/2611/1786 2161/2619/1786
f 2154/2612/1787 2169/2620/1787 2170/2622/1787
f 2148/2598/1788 2147/2597/1788 2162/2621/1788
f 2155/2613/2114 2170/2622/2114 2171/2624/2114
f 2149/2600/1790 2148/2598/1790 2163/2623/1790
f 2156/2626/1791 2171/2978/1791 2172/2627/1791
f 2150/2603/1792 2149/2600/1792 2164/2625/1792
f 2157/2602/1793 2172/2627/1793 2173/2629/1793
f 2151/2605/2115 2150/2603/2115 2165/2628/2115
f 2158/2604/1795 2173/2629/1795 2174/2630/1795
f 2171/2624/2116 2170/2622/2116 2185/2631/2116
f 2163/2623/1797 2178/2646/1797 2179/2633/1797
f 2172/2627/1798 2171/2978/1798 2186/2634/1798
f 2164/2625/1799 2179/2633/1799 2180/2636/1799
f 2173/2629/1800 2172/2627/1800 2187/2635/1800
f 2165/2628/1801 2180/2636/1801 2181/2638/1801
f 2174/2630/2117 2173/2629/2117 2188/2637/2117
f 2166/2614/1803 2181/2638/1803 2182/2640/1803
f 2175/2616/1804 2174/2630/1804 2189/2639/1804
f 2167/2617/2118 2182/2649/2118 2183/2642/2118
f 2169/2620/2119 2168/2618/2119 2183/2642/2119
f 2161/2619/1809 2176/2643/1809 2177/2645/1809
f 2170/2622/1810 2169/2620/1810 2184/2644/1810
f 2162/2621/1811 2177/2645/1811 2178/2646/1811
f 2190/2641/1812 2189/2639/1812 2204/2647/1812
f 2182/2649/1813 2197/2979/1813 2198/2650/1813
f 2184/2644/1816 2183/2642/1816 2198/2650/1816
f 2176/2643/1817 2191/2651/1817 2192/2653/1817
f 2185/2631/1818 2184/2644/1818 2199/2652/1818
f 2177/2645/1819 2192/2653/1819 2193/2655/1819
f 2186/2632/1820 2185/2631/1820 2200/2654/1820
f 2178/2646/1821 2193/2655/1821 2194/2657/1821
f 2187/2658/1822 2186/2632/1822 2201/2656/1822
f 2179/2633/1823 2194/2657/1823 2195/2660/1823
f 2188/2637/1824 2187/2635/1824 2202/2661/1824
f 2180/2636/1825 2195/2660/1825 2196/2663/1825
f 2189/2639/1826 2188/2637/1826 2203/2662/1826
f 2181/2638/1827 2196/2663/1827 2197/2664/1827
f 2202/2665/1828 2201/2685/1828 2216/2666/1828
f 2194/2657/1829 2209/2686/1829 2210/2668/1829
f 2203/2662/1830 2202/2661/1830 2217/2669/1830
f 2195/2660/1831 2210/2668/1831 2211/2671/1831
f 2204/2647/1832 2203/2662/1832 2218/2670/1832
f 2196/2663/1833 2211/2671/1833 2212/2673/1833
f 2205/2648/1834 2204/2647/1834 2219/2672/1834
f 2197/2675/1835 2212/2704/1835 2213/2676/1835
f 2199/2679/1838 2198/2677/1838 2213/2676/1838
f 2191/2651/1839 2206/2678/1839 2207/2681/1839
f 2200/2682/1840 2199/2679/1840 2214/2680/1840
f 2192/2653/1841 2207/2681/1841 2208/2684/1841
f 2201/2685/1842 2200/2682/1842 2215/2683/1842
f 2193/2655/1843 2208/2684/1843 2209/2686/1843
f 2214/2680/1846 2213/2676/1846 2228/2689/1846
f 2206/2678/1847 2221/2687/1847 2222/2691/1847
f 2215/2683/1848 2214/2680/1848 2229/2690/1848
f 2207/2681/1849 2222/2691/1849 2223/2693/1849
f 2216/2666/1850 2215/2683/1850 2230/2692/1850
f 2208/2684/1851 2223/2693/1851 2224/2695/1851
f 2217/2667/1852 2216/2666/1852 2231/2694/1852
f 2209/2686/1853 2224/2695/1853 2225/2697/1853
f 2218/2670/1854 2217/2669/1854 2232/2698/1854
f 2210/2668/1855 2225/2697/1855 2226/2700/1855
f 2219/2672/1856 2218/2670/1856 2233/2699/1856
f 2211/2702/1857 2226/2711/1857 2227/2703/1857
f 2220/2674/1858 2219/2672/1858 2234/2701/1858
f 2212/2704/1859 2227/2703/1859 2228/2689/1859
f 2224/2695/1860 2240/2723/1860 2241/2705/1860
f 2233/2706/1861 2232/2696/1861 2248/2707/1861
f 2225/2709/2120 2241/2734/2120 2242/2710/2120
f 2234/2701/1863 2233/2699/1863 2249/2712/1863
f 2226/2711/1864 2242/2710/1864 2243/2714/1864
f 2235/2688/1865 2234/2701/1865 2250/2713/1865
f 2227/2703/1866 2243/2714/1866 2244/2716/1866
f 2229/2690/1869 2228/2689/1869 2244/2716/1869
f 2221/2687/1870 2237/2717/1870 2238/2719/1870
f 2230/2692/1871 2229/2690/1871 2245/2718/1871
f 2222/2691/1872 2238/2719/1872 2239/2721/1872
f 2231/2694/1873 2230/2692/1873 2246/2720/1873
f 2223/2693/1874 2239/2721/1874 2240/2723/1874
f 2232/2696/1875 2231/2694/1875 2247/2722/1875
f 2245/2718/1876 2244/2716/1876 2259/2724/1876
f 2237/2717/1877 2252/2740/1877 2253/2726/1877
f 2246/2720/1878 2245/2718/1878 2260/2725/1878
f 2238/2719/1879 2253/2726/1879 2254/2728/1879
f 2247/2722/1880 2246/2720/1880 2261/2727/1880
f 2239/2721/1881 2254/2728/1881 2255/2730/1881
f 2248/2707/1882 2247/2722/1882 2262/2729/1882
f 2240/2723/1883 2255/2730/1883 2256/2732/1883
f 2249/2708/1884 2248/2707/1884 2263/2731/1884
f 2241/2734/1885 2256/2743/1885 2257/2735/1885
f 2250/2713/1886 2249/2712/1886 2264/2736/1886
f 2242/2710/1887 2257/2735/1887 2258/2738/1887
f 2251/2715/2121 2250/2713/2121 2265/2737/2121
f 2243/2714/1889 2258/2738/1889 2259/2724/1889
f 2264/2733/1892 2263/2731/1892 2278/2741/1892
f 2256/2743/1893 2271/2758/1893 2272/2744/1893
f 2265/2737/1894 2264/2736/1894 2279/2745/1894
f 2257/2735/1895 2272/2744/1895 2273/2747/1895
f 2266/2739/1896 2265/2737/1896 2280/2746/1896
f 2258/2738/1897 2273/2747/1897 2274/2749/1897
f 2260/2725/1900 2259/2724/1900 2274/2749/1900
f 2252/2740/1901 2267/2750/1901 2268/2752/1901
f 2261/2727/1902 2260/2725/1902 2275/2751/1902
f 2253/2726/2122 2268/2752/2122 2269/2754/2122
f 2262/2729/1904 2261/2727/1904 2276/2753/1904
f 2254/2728/1905 2269/2754/1905 2270/2756/1905
f 2263/2731/1906 2262/2729/1906 2277/2755/1906
f 2255/2757/1907 2270/2766/1907 2271/2758/1907
f 2267/2750/1908 2282/2775/1908 2283/2759/1908
f 2276/2753/1909 2275/2751/1909 2290/2760/1909
f 2268/2752/1910 2283/2759/1910 2284/2762/1910
f 2277/2755/1911 2276/2753/1911 2291/2761/1911
f 2269/2754/1912 2284/2762/1912 2285/2764/1912
f 2278/2741/1913 2277/2755/1913 2292/2763/1913
f 2270/2766/1914 2285/2980/1914 2286/2767/1914
f 2279/2742/1915 2278/2741/1915 2293/2765/1915
f 2271/2758/1916 2286/2767/1916 2287/2769/1916
f 2280/2746/2123 2279/2745/2123 2294/2770/2123
f 2272/2744/1918 2287/2769/1918 2288/2772/1918
f 2281/2748/1919 2280/2746/1919 2295/2771/1919
f 2273/2747/1920 2288/2772/1920 2289/2774/1920
f 2275/2751/1923 2274/2749/1923 2289/2774/1923
f 2287/2769/1924 2286/2767/1924 2301/2776/1924
f 2294/2770/1925 2309/2805/1925 2310/2778/1925
f 2288/2772/1926 2287/2769/1926 2302/2777/1926
f 2295/2771/1927 2310/2778/1927 2311/2780/1927
f 2289/2774/1928 2288/2772/1928 2303/2779/1928
f 2289/2774/1931 2304/2781/1931 2305/2783/1931
f 2283/2759/1932 2282/2775/1932 2297/2782/1932
f 2290/2760/1933 2305/2783/1933 2306/2785/1933
f 2284/2762/1934 2283/2759/1934 2298/2784/1934
f 2291/2761/1935 2306/2785/1935 2307/2787/1935
f 2285/2764/1936 2284/2762/1936 2299/2786/1936
f 2292/2763/1937 2307/2787/1937 2308/2789/1937
f 2286/2767/1938 2285/2980/1938 2300/2790/1938
f 2293/2765/1939 2308/2789/1939 2309/2791/1939
f 2305/2783/1940 2320/2811/1940 2321/2792/1940
f 2299/2786/1941 2298/2784/1941 2313/2793/1941
f 2306/2785/1942 2321/2792/1942 2322/2795/1942
f 2300/2796/1943 2299/2981/1943 2314/2797/1943
f 2307/2787/1944 2322/2795/1944 2323/2799/1944
f 2301/2800/1945 2300/2796/1945 2315/2798/1945
f 2308/2789/1946 2323/2799/1946 2324/2802/1946
f 2302/2777/1947 2301/2776/1947 2316/2803/1947
f 2309/2805/1948 2324/2812/1948 2325/2806/1948
f 2303/2779/1949 2302/2777/1949 2317/2804/1949
f 2310/2778/1950 2325/2806/1950 2326/2808/1950
f 2304/2781/1951 2303/2779/1951 2318/2807/1951
f 2304/2781/1954 2319/2809/1954 2320/2811/1954
f 2298/2784/1955 2297/2782/1955 2312/2810/1955
f 2324/2812/1956 2339/2838/1956 2340/2813/1956
f 2318/2807/1957 2317/2804/1957 2332/2814/1957
f 2325/2806/1958 2340/2813/1958 2341/2816/1958
f 2319/2809/1959 2318/2807/1959 2333/2815/1959
f 2319/2809/1962 2334/2817/1962 2335/2819/1962
f 2313/2793/1963 2312/2810/1963 2327/2818/1963
f 2320/2811/1964 2335/2819/1964 2336/2821/1964
f 2314/2794/1965 2313/2793/1965 2328/2820/1965
f 2321/2792/1966 2336/2821/1966 2337/2823/1966
f 2315/2798/1967 2314/2797/1967 2329/2824/1967
f 2322/2795/1968 2337/2823/1968 2338/2826/1968
f 2316/2801/1969 2315/2798/1969 2330/2825/1969
f 2323/2799/1970 2338/2826/1970 2339/2828/1970
f 2317/2829/1971 2316/2801/1971 2331/2827/1971
f 2336/2821/1972 2351/2848/1972 2352/2831/1972
f 2330/2825/1973 2329/2824/1973 2344/2832/1973
f 2337/2823/1974 2352/2831/1974 2353/2834/1974
f 2331/2827/1975 2330/2825/1975 2345/2833/1975
f 2338/2826/1976 2353/2834/1976 2354/2836/1976
f 2332/2830/1977 2331/2827/1977 2346/2835/1977
f 2339/2838/1978 2354/2867/1978 2355/2839/1978
f 2333/2840/1979 2332/2830/1979 2347/2837/1979
f 2340/2813/1980 2355/2839/1980 2356/2842/1980
f 2334/2817/1981 2333/2815/1981 2348/2843/1981
f 2334/2817/1984 2349/2844/1984 2350/2846/1984
f 2328/2820/1985 2327/2818/1985 2342/2845/1985
f 2335/2819/1986 2350/2846/1986 2351/2848/1986
f 2329/2824/1987 2328/2982/1987 2343/2849/1987
f 2355/2839/2124 2370/2869/2124 2371/2850/2124
f 2349/2851/1989 2348/2841/1989 2363/2852/1989
f 2349/2851/1992 2364/2853/1992 2365/2855/1992
f 2343/2847/2125 2342/2845/2125 2357/2854/2125
f 2350/2846/1994 2365/2983/1994 2366/2858/1994
f 2344/2832/1995 2343/2849/1995 2358/2859/1995
f 2351/2848/1996 2366/2858/1996 2367/2861/1996
f 2345/2833/1997 2344/2832/1997 2359/2860/1997
f 2352/2831/1998 2367/2861/1998 2368/2863/1998
f 2346/2835/1999 2345/2833/1999 2360/2862/1999
f 2353/2865/2000 2368/2874/2000 2369/2866/2000
f 2347/2837/2001 2346/2835/2001 2361/2864/2001
f 2354/2867/2002 2369/2866/2002 2370/2869/2002
f 2348/2841/2003 2347/2837/2003 2362/2868/2003
f 2360/2862/2004 2359/2860/2004 2374/2870/2004
f 2367/2872/2005 2382/2901/2005 2383/2873/2005
f 2361/2864/2006 2360/2862/2006 2375/2871/2006
f 2368/2874/2007 2383/2873/2007 2384/2876/2007
f 2362/2868/2008 2361/2864/2008 2376/2875/2008
f 2369/2866/2009 2384/2876/2009 2385/2878/2009
f 2363/2852/2010 2362/2868/2010 2377/2877/2010
f 2370/2869/2011 2385/2878/2011 2386/2880/2011
f 2364/2853/2012 2363/2852/2012 2378/2879/2012
f 2364/2853/2015 2379/2881/2015 2380/2883/2015
f 2358/2857/2016 2357/2854/2016 2372/2882/2016
f 2365/2855/2017 2380/2883/2017 2381/2885/2017
f 2359/2860/2018 2358/2859/2018 2373/2887/2018
f 2366/2858/2019 2381/2984/2019 2382/2888/2019
f 2379/2881/2020 2378/2879/2020 2393/2889/2020
f 2379/2881/2023 2394/2890/2023 2395/2893/2023
f 2373/2884/2024 2372/2882/2024 2387/2891/2024
f 2380/2883/2025 2395/2893/2025 2396/2895/2025
f 2374/2870/2026 2373/2887/2026 2388/2896/2026
f 2381/2885/2027 2396/2895/2027 2397/2898/2027
f 2375/2871/2028 2374/2870/2028 2389/2897/2028
f 2382/2901/2029 2397/2907/2029 2398/2902/2029
f 2376/2875/2030 2375/2871/2030 2390/2900/2030
f 2383/2873/2031 2398/2902/2031 2399/2904/2031
f 2377/2877/2032 2376/2875/2032 2391/2903/2032
f 2384/2876/2033 2399/2904/2033 2400/2906/2033
f 2378/2879/2034 2377/2877/2034 2392/2905/2034
f 2385/2878/2035 2400/2906/2035 2401/2892/2035
f 2397/2907/2036 1934/2357/2036 2407/2328/2036
f 2391/2903/2037 2390/2900/2037 2404/2327/2037
f 2398/2902/2038 2407/2328/2038 2408/2333/2038
f 2392/2905/2039 2391/2903/2039 1930/2332/2039
f 2399/2904/2040 2408/2333/2040 2409/2337/2040
f 2393/2889/2041 2392/2905/2041 2405/2336/2041
f 2400/2906/2042 2409/2337/2042 2410/2341/2042
f 2394/2890/2043 2393/2889/2043 1931/2340/2043
f 2394/2890/2046 1932/2344/2046 1933/2349/2046
f 2388/2894/2126 2387/2891/2126 2402/2345/2126
f 2395/2893/2048 1933/2349/2048 2406/2353/2048
f 2389/2897/2049 2388/2896/2049 2403/2355/2049
f 2396/2908/2127 2406/2971/2127 1934/2357/2127
f 2390/2900/2051 2389/2897/2051 1929/2325/2051
